ano,mes,data,plataforma,categoria,genero,titulo,reproducoes,tempo_medio_consumo,usuarios_ativos,assinaturas,avaliacao_media,receita_plataforma,horario_pico
2015,1,2015-01-01,Disney+,Música,Drama,Filme Solar,341594,34.0,6819,123531,3.26,2116565.35,08:00
2015,1,2015-01-01,Netflix,Série,Pop,Filme Solar,658397,57.6,167007,163372,4.0,1844711.64,12:00
2015,1,2015-01-01,Spotify,Podcast,Pop,Filme Solar,639888,66.3,294779,92786,3.79,4149626.64,21:00
2015,1,2015-01-01,Prime Video,Podcast,Tecnologia,Top Hits,341710,59.4,383375,72989,4.51,690056.42,08:00
2015,1,2015-01-01,Prime Video,Série,Tecnologia,Filme Solar,252084,19.7,356362,89204,3.16,3706171.15,21:00
2015,1,2015-01-01,Prime Video,Série,Drama,Podcast Tech,904091,17.6,347306,197838,3.09,411135.52,21:00
2015,1,2015-01-01,Prime Video,Música,Ação,Filme Solar,1566323,46.5,281322,186188,1.44,2855980.99,21:00
2015,1,2015-01-01,Netflix,Série,Tecnologia,Série Mistério,1725483,67.9,393602,66692,1.22,3683852.62,08:00
2015,1,2015-01-01,YouTube Music,Filme,Drama,Filme Solar,932166,55.9,374899,45041,1.89,2874316.41,18:00
2015,1,2015-01-01,Prime Video,Série,Ação,Série Mistério,1882964,38.1,306938,57125,2.78,2196861.1,08:00
2015,1,2015-01-01,Prime Video,Filme,Pop,Filme Solar,1290249,67.9,384641,51971,4.63,3232694.16,21:00
2015,1,2015-01-01,Prime Video,Música,Pop,Podcast Tech,1807721,42.5,319313,25200,2.49,4850031.07,08:00
2015,1,2015-01-01,YouTube Music,Série,Drama,Podcast Tech,1198104,83.5,191031,158795,1.66,3790846.55,08:00
2015,1,2015-01-01,Netflix,Podcast,Comédia,Top Hits,271057,85.1,139319,180809,4.2,1251147.95,12:00
2015,1,2015-01-01,Disney+,Série,Drama,Série Mistério,274959,56.9,68260,145615,3.24,3610117.81,08:00
2015,1,2015-01-01,Netflix,Podcast,Comédia,Série Mistério,1467655,15.5,480186,109679,2.07,3269050.61,08:00
2015,1,2015-01-01,Netflix,Filme,Pop,Filme Solar,1001384,31.4,68147,147881,1.91,4749106.86,08:00
2015,1,2015-01-01,Spotify,Série,Ação,Série Mistério,1692030,60.4,319011,169360,4.57,2905880.97,18:00
2015,1,2015-01-01,Prime Video,Filme,Comédia,Filme Solar,1071262,11.1,431060,167263,3.19,1361115.87,12:00
2015,1,2015-01-01,Disney+,Série,Tecnologia,Filme Solar,902799,13.2,427971,144698,1.94,4880091.61,08:00
2015,1,2015-01-01,Disney+,Série,Pop,Série Mistério,41426,72.2,59365,130126,4.33,1407568.34,08:00
2015,1,2015-01-01,Netflix,Série,Tecnologia,Top Hits,912297,30.4,257200,125420,3.89,974977.53,18:00
2015,1,2015-01-01,Spotify,Filme,Drama,Podcast Tech,69540,87.6,341657,110792,4.65,1797603.89,21:00
2015,1,2015-01-01,Netflix,Filme,Tecnologia,Série Mistério,1635646,68.7,315706,71347,3.93,4026621.95,12:00
2015,1,2015-01-01,Netflix,Música,Comédia,Podcast Tech,903932,58.6,51193,39948,3.88,437331.02,18:00
2015,1,2015-01-01,Prime Video,Música,Ação,Filme Solar,1670417,8.0,128269,29129,3.35,2971976.23,08:00
2015,1,2015-01-01,Prime Video,Música,Tecnologia,Top Hits,1737927,54.5,410761,13653,2.27,4810029.46,08:00
2015,1,2015-01-01,Netflix,Música,Ação,Top Hits,127549,63.0,386336,149237,2.98,4952823.67,12:00
2015,1,2015-01-01,Prime Video,Música,Comédia,Podcast Tech,1716881,74.9,102309,25136,2.59,1803944.73,21:00
2015,1,2015-01-01,Disney+,Podcast,Drama,Série Mistério,1111358,19.9,262065,105325,2.0,2592430.34,21:00
2015,1,2015-01-01,Spotify,Filme,Ação,Filme Solar,128660,34.4,202514,14242,4.0,4326331.73,12:00
2015,1,2015-01-01,Netflix,Filme,Comédia,Podcast Tech,298374,19.4,29390,139018,2.55,4260659.51,18:00
2015,1,2015-01-01,Spotify,Filme,Ação,Podcast Tech,1194910,72.2,259233,28613,2.08,153646.77,08:00
2015,1,2015-01-01,Prime Video,Série,Comédia,Top Hits,1676260,21.5,499117,15264,4.03,1963972.42,21:00
2015,1,2015-01-01,Spotify,Música,Drama,Podcast Tech,657261,70.8,109474,154414,3.36,238686.53,21:00
2015,1,2015-01-01,Netflix,Filme,Ação,Top Hits,911407,12.5,208152,37643,4.58,3156868.8,21:00
2015,1,2015-01-01,YouTube Music,Filme,Drama,Série Mistério,59540,18.0,381897,89737,2.38,3069963.81,08:00
2015,2,2015-02-01,Disney+,Filme,Pop,Filme Solar,204290,29.6,200514,82110,1.97,2015443.27,08:00
2015,2,2015-02-01,YouTube Music,Música,Comédia,Top Hits,1160960,59.6,467331,146241,1.75,4887839.23,21:00
2015,2,2015-02-01,Prime Video,Podcast,Comédia,Top Hits,1218550,64.3,2846,150409,2.1,4279710.29,18:00
2015,2,2015-02-01,Prime Video,Filme,Drama,Podcast Tech,1377559,76.5,488693,30606,3.65,4004070.55,08:00
2015,2,2015-02-01,Prime Video,Filme,Tecnologia,Top Hits,1986698,83.1,494671,190733,2.24,421471.01,08:00
2015,2,2015-02-01,Spotify,Série,Ação,Top Hits,472103,85.8,335786,76122,1.22,1804130.25,12:00
2015,2,2015-02-01,Prime Video,Música,Pop,Série Mistério,1128272,39.4,450964,20373,2.54,4726034.99,18:00
2015,2,2015-02-01,YouTube Music,Filme,Ação,Filme Solar,1409770,20.3,124270,38693,2.5,4352076.49,08:00
2015,2,2015-02-01,Spotify,Filme,Tecnologia,Filme Solar,268513,13.0,409568,44302,4.73,3528076.02,12:00
2015,2,2015-02-01,YouTube Music,Série,Tecnologia,Filme Solar,206497,62.2,229063,81786,3.65,3483634.05,08:00
2015,2,2015-02-01,Spotify,Filme,Ação,Filme Solar,1246227,11.2,387758,4606,1.36,4950792.61,08:00
2015,2,2015-02-01,Spotify,Filme,Drama,Filme Solar,490922,85.3,140687,137700,2.27,2934517.77,12:00
2015,2,2015-02-01,Prime Video,Música,Drama,Podcast Tech,1629121,14.2,185407,165047,3.44,3678937.22,08:00
2015,2,2015-02-01,Netflix,Filme,Pop,Série Mistério,895046,5.5,362388,146613,1.61,3249526.54,08:00
2015,2,2015-02-01,YouTube Music,Filme,Comédia,Top Hits,1943287,28.5,178734,180454,1.91,3387177.01,21:00
2015,2,2015-02-01,Disney+,Música,Pop,Top Hits,1476985,79.2,18519,195543,1.54,2110427.07,18:00
2015,2,2015-02-01,Netflix,Música,Pop,Série Mistério,1563335,50.2,422236,139184,1.5,2683602.82,18:00
2015,2,2015-02-01,Spotify,Podcast,Ação,Top Hits,149822,23.7,123569,47665,1.13,4975405.93,08:00
2015,2,2015-02-01,YouTube Music,Música,Drama,Filme Solar,1385200,21.0,110524,188697,3.57,1745087.58,18:00
2015,2,2015-02-01,Prime Video,Série,Pop,Podcast Tech,1305455,6.4,212017,139892,1.1,1050877.98,18:00
2015,2,2015-02-01,Prime Video,Podcast,Pop,Podcast Tech,116817,42.5,312182,107359,3.45,776620.73,12:00
2015,2,2015-02-01,Netflix,Podcast,Tecnologia,Podcast Tech,1803010,40.0,341002,70955,4.09,390177.19,12:00
2015,2,2015-02-01,Prime Video,Podcast,Drama,Filme Solar,1303597,21.3,480978,29395,1.39,1201677.42,12:00
2015,2,2015-02-01,Netflix,Filme,Pop,Filme Solar,624044,60.7,449866,116363,2.13,3692078.03,08:00
2015,2,2015-02-01,YouTube Music,Série,Drama,Top Hits,1293288,39.0,382046,182032,3.95,1353783.49,08:00
2015,2,2015-02-01,Disney+,Série,Pop,Top Hits,884049,18.3,459434,147232,1.11,1962335.06,12:00
2015,2,2015-02-01,Netflix,Podcast,Pop,Filme Solar,1503698,22.8,98181,78208,3.38,2368162.92,08:00
2015,2,2015-02-01,Spotify,Podcast,Pop,Filme Solar,114476,67.8,484333,54298,3.42,449747.28,21:00
2015,2,2015-02-01,Spotify,Série,Comédia,Filme Solar,1871373,48.3,358413,97629,4.33,3301049.95,12:00
2015,2,2015-02-01,Spotify,Música,Ação,Top Hits,317267,40.7,127564,170995,3.38,2870488.51,18:00
2015,2,2015-02-01,Prime Video,Série,Comédia,Filme Solar,1525063,55.2,334740,42293,3.38,4188134.6,21:00
2015,2,2015-02-01,YouTube Music,Música,Comédia,Top Hits,1156187,75.3,494599,53211,1.68,21881.38,18:00
2015,2,2015-02-01,Netflix,Podcast,Tecnologia,Top Hits,786718,79.5,108007,16849,1.01,4077635.45,12:00
2015,2,2015-02-01,Prime Video,Filme,Ação,Podcast Tech,1946503,37.3,184719,102602,4.48,4372341.08,08:00
2015,2,2015-02-01,Disney+,Podcast,Tecnologia,Filme Solar,1401276,30.4,123006,39976,3.01,3475609.89,21:00
2015,2,2015-02-01,YouTube Music,Série,Pop,Filme Solar,171039,21.5,69132,71321,2.89,2391507.03,08:00
2015,2,2015-02-01,Prime Video,Música,Pop,Série Mistério,1195056,38.8,484170,112837,1.83,1571834.27,21:00
2015,3,2015-03-01,YouTube Music,Música,Comédia,Série Mistério,115282,54.8,44670,106831,4.33,2899187.52,21:00
2015,3,2015-03-01,Netflix,Podcast,Drama,Filme Solar,589235,38.9,426846,23038,1.18,1236300.21,18:00
2015,3,2015-03-01,Disney+,Música,Drama,Top Hits,870308,85.8,14559,162820,1.34,3616900.85,08:00
2015,3,2015-03-01,Prime Video,Filme,Pop,Podcast Tech,745347,48.1,115238,52652,1.96,2099141.89,18:00
2015,3,2015-03-01,YouTube Music,Série,Tecnologia,Série Mistério,1310244,38.5,1719,179681,4.0,2656663.18,08:00
2015,3,2015-03-01,YouTube Music,Música,Tecnologia,Filme Solar,1759796,12.9,488608,59385,2.16,2045564.65,21:00
2015,3,2015-03-01,YouTube Music,Filme,Tecnologia,Top Hits,1672875,80.2,375259,1573,1.85,2710369.33,21:00
2015,3,2015-03-01,Spotify,Série,Ação,Podcast Tech,707974,77.0,129528,171216,2.02,4376671.73,08:00
2015,3,2015-03-01,Netflix,Filme,Drama,Top Hits,911077,43.5,430697,158710,1.66,2940136.18,18:00
2015,3,2015-03-01,Disney+,Filme,Drama,Série Mistério,77792,6.2,194359,71411,3.73,416611.69,08:00
2015,3,2015-03-01,Prime Video,Filme,Comédia,Top Hits,320909,48.7,275065,74571,4.04,2903821.14,08:00
2015,3,2015-03-01,YouTube Music,Música,Drama,Podcast Tech,710369,47.1,70708,181143,3.96,118255.46,12:00
2015,3,2015-03-01,YouTube Music,Filme,Drama,Top Hits,167065,26.3,60199,21534,4.26,2889709.46,21:00
2015,3,2015-03-01,Disney+,Podcast,Tecnologia,Podcast Tech,1808011,79.8,312845,43861,2.18,706734.34,21:00
2015,3,2015-03-01,YouTube Music,Série,Ação,Podcast Tech,1016849,17.8,53835,42980,2.17,2351983.74,18:00
2015,3,2015-03-01,Spotify,Música,Drama,Série Mistério,699364,39.7,77352,168774,3.38,1482112.34,12:00
2015,3,2015-03-01,Disney+,Série,Tecnologia,Podcast Tech,546646,30.5,93708,15559,1.88,225990.14,12:00
2015,3,2015-03-01,Netflix,Filme,Ação,Filme Solar,188383,77.9,143866,137646,1.34,3369447.71,18:00
2015,3,2015-03-01,Disney+,Filme,Pop,Top Hits,1491949,72.0,83926,6340,2.59,3577427.46,12:00
2015,3,2015-03-01,Prime Video,Filme,Pop,Podcast Tech,1450255,33.6,343578,129336,4.65,2144849.69,21:00
2015,3,2015-03-01,YouTube Music,Série,Comédia,Top Hits,1870791,46.1,20572,64710,1.46,4512256.76,12:00
2015,3,2015-03-01,YouTube Music,Música,Comédia,Podcast Tech,1644419,65.0,244542,181068,2.61,1996797.84,08:00
2015,3,2015-03-01,Netflix,Música,Tecnologia,Série Mistério,509154,65.5,436844,124079,1.08,1061184.63,21:00
2015,3,2015-03-01,Disney+,Podcast,Drama,Série Mistério,606034,66.7,338499,103639,2.9,1917324.67,18:00
2015,3,2015-03-01,YouTube Music,Música,Ação,Série Mistério,1257439,49.9,61710,28994,3.39,2188423.31,18:00
2015,3,2015-03-01,Netflix,Série,Pop,Podcast Tech,463478,69.3,310652,186628,2.3,3769173.92,12:00
2015,3,2015-03-01,Netflix,Música,Ação,Filme Solar,741357,8.5,268614,27412,1.03,205991.03,18:00
2015,3,2015-03-01,Prime Video,Podcast,Tecnologia,Podcast Tech,1663262,44.3,126781,5218,4.19,4629269.36,18:00
2015,3,2015-03-01,Netflix,Podcast,Tecnologia,Top Hits,1771508,32.4,425741,100651,2.3,3262703.15,12:00
2015,3,2015-03-01,Prime Video,Filme,Drama,Série Mistério,653541,21.4,492465,134458,3.66,4366594.0,21:00
2015,3,2015-03-01,Disney+,Filme,Tecnologia,Podcast Tech,1980660,6.9,113139,188071,1.51,4356847.45,18:00
2015,3,2015-03-01,Spotify,Música,Comédia,Podcast Tech,1615101,88.6,286050,62804,4.5,3738626.79,12:00
2015,3,2015-03-01,Spotify,Podcast,Comédia,Podcast Tech,612497,31.1,280688,12011,4.58,3529688.91,21:00
2015,3,2015-03-01,YouTube Music,Podcast,Comédia,Filme Solar,1531014,30.2,174614,37808,3.09,2137159.99,08:00
2015,3,2015-03-01,Prime Video,Podcast,Drama,Top Hits,1503580,6.5,373147,24370,1.46,4135911.59,21:00
2015,3,2015-03-01,Prime Video,Música,Drama,Série Mistério,1643738,62.6,396343,70491,4.04,4380843.26,21:00
2015,3,2015-03-01,Spotify,Série,Drama,Série Mistério,1545819,15.5,419592,42608,2.84,3819188.57,21:00
2015,4,2015-04-01,Disney+,Música,Tecnologia,Série Mistério,437338,9.8,494664,40100,2.98,2041304.58,18:00
2015,4,2015-04-01,Spotify,Série,Comédia,Série Mistério,1256739,33.7,365797,178806,1.62,3017524.26,21:00
2015,4,2015-04-01,Spotify,Filme,Tecnologia,Podcast Tech,1187096,42.0,430442,15829,2.2,1814328.91,12:00
2015,4,2015-04-01,Spotify,Série,Comédia,Série Mistério,1980009,61.0,105991,6163,4.81,3577910.13,21:00
2015,4,2015-04-01,YouTube Music,Música,Comédia,Filme Solar,1030050,65.0,51423,131405,2.67,4507549.16,18:00
2015,4,2015-04-01,YouTube Music,Podcast,Ação,Top Hits,1825141,55.2,344659,73859,2.35,4257434.46,08:00
2015,4,2015-04-01,Prime Video,Música,Ação,Podcast Tech,1104335,6.6,387985,61471,2.71,1225807.28,18:00
2015,4,2015-04-01,Netflix,Filme,Ação,Top Hits,1143934,58.1,369820,928,3.47,4366008.85,18:00
2015,4,2015-04-01,YouTube Music,Filme,Ação,Top Hits,639137,54.9,61110,11336,2.67,3726668.99,21:00
2015,4,2015-04-01,Spotify,Série,Pop,Top Hits,243264,73.2,82156,130774,1.8,790712.18,18:00
2015,4,2015-04-01,YouTube Music,Podcast,Ação,Podcast Tech,1588583,41.3,207141,82188,1.75,878836.23,21:00
2015,4,2015-04-01,Prime Video,Filme,Comédia,Filme Solar,147268,85.6,366843,146235,1.32,4335566.42,08:00
2015,4,2015-04-01,Netflix,Filme,Tecnologia,Top Hits,1679573,32.9,70546,66628,2.77,2777629.82,18:00
2015,4,2015-04-01,Disney+,Música,Tecnologia,Filme Solar,1425955,37.2,484028,118788,3.55,2209426.7,08:00
2015,4,2015-04-01,Spotify,Podcast,Comédia,Série Mistério,1161517,78.4,323206,52168,4.47,913502.94,21:00
2015,4,2015-04-01,Spotify,Podcast,Tecnologia,Podcast Tech,1267362,71.2,21207,133060,3.59,3191978.98,18:00
2015,4,2015-04-01,Prime Video,Podcast,Comédia,Filme Solar,1260918,31.5,312768,56381,4.17,4688170.64,18:00
2015,4,2015-04-01,YouTube Music,Podcast,Pop,Série Mistério,1862174,33.0,207282,171841,2.71,460720.67,08:00
2015,4,2015-04-01,Spotify,Filme,Ação,Filme Solar,816798,21.1,266526,184416,2.39,4274640.89,08:00
2015,4,2015-04-01,Spotify,Música,Drama,Filme Solar,329058,50.2,462741,65767,2.28,443421.31,08:00
2015,4,2015-04-01,Disney+,Podcast,Comédia,Série Mistério,345348,36.8,58865,174820,2.64,2277318.55,08:00
2015,4,2015-04-01,Prime Video,Música,Drama,Top Hits,1139745,86.4,440115,29788,4.52,1789351.9,08:00
2015,4,2015-04-01,YouTube Music,Podcast,Pop,Podcast Tech,1570282,61.8,142923,135813,2.75,165080.85,21:00
2015,4,2015-04-01,Spotify,Podcast,Ação,Filme Solar,145461,42.2,341975,192968,4.36,1957476.9,18:00
2015,4,2015-04-01,Spotify,Música,Tecnologia,Série Mistério,1095433,75.0,333040,32379,1.77,364004.91,12:00
2015,4,2015-04-01,Spotify,Música,Pop,Série Mistério,453004,47.1,449113,86490,3.25,2467182.23,18:00
2015,4,2015-04-01,YouTube Music,Série,Comédia,Série Mistério,1667873,68.3,376017,190016,3.74,2723482.8,12:00
2015,4,2015-04-01,Prime Video,Série,Comédia,Podcast Tech,699965,22.7,364889,197217,1.63,3128831.61,21:00
2015,4,2015-04-01,Netflix,Música,Tecnologia,Podcast Tech,1402037,46.8,358423,23269,4.5,2581761.27,18:00
2015,4,2015-04-01,Prime Video,Filme,Comédia,Filme Solar,1614113,54.6,200042,183540,2.53,1446445.16,21:00
2015,4,2015-04-01,Disney+,Filme,Drama,Podcast Tech,116620,53.2,348129,71168,1.46,1857895.66,12:00
2015,4,2015-04-01,Prime Video,Série,Ação,Filme Solar,872258,79.1,272273,34599,2.42,1851591.76,21:00
2015,4,2015-04-01,Disney+,Podcast,Tecnologia,Filme Solar,937281,77.8,13262,14558,2.08,2437555.77,18:00
2015,4,2015-04-01,Netflix,Podcast,Ação,Top Hits,1118235,60.2,181516,61804,2.51,3378912.33,18:00
2015,4,2015-04-01,Disney+,Série,Pop,Podcast Tech,1612891,25.5,112300,11955,2.06,4654388.07,08:00
2015,4,2015-04-01,YouTube Music,Música,Pop,Podcast Tech,106587,37.8,21581,177275,1.46,2124143.25,12:00
2015,4,2015-04-01,YouTube Music,Podcast,Comédia,Top Hits,816419,71.4,325905,39617,1.57,4080191.37,18:00
2015,5,2015-05-01,Disney+,Filme,Ação,Top Hits,670891,10.4,278548,34800,3.78,3564873.02,21:00
2015,5,2015-05-01,Netflix,Podcast,Drama,Série Mistério,1657351,53.5,46317,83520,2.14,2874979.34,08:00
2015,5,2015-05-01,Prime Video,Música,Pop,Podcast Tech,527357,14.7,477543,142461,2.71,4731955.03,21:00
2015,5,2015-05-01,Disney+,Podcast,Pop,Podcast Tech,317359,88.7,313723,176357,4.08,2501036.12,12:00
2015,5,2015-05-01,Spotify,Série,Drama,Podcast Tech,1073527,58.0,338872,154036,3.99,4907217.22,08:00
2015,5,2015-05-01,Spotify,Série,Ação,Podcast Tech,1652206,78.3,35294,121562,2.15,3045350.77,08:00
2015,5,2015-05-01,Disney+,Podcast,Tecnologia,Série Mistério,1862657,88.6,229714,37849,1.09,2103045.81,21:00
2015,5,2015-05-01,YouTube Music,Podcast,Tecnologia,Top Hits,1483561,12.5,311824,106404,2.22,4939945.47,12:00
2015,5,2015-05-01,Spotify,Música,Tecnologia,Podcast Tech,408182,71.9,359022,107434,1.06,4447593.15,08:00
2015,5,2015-05-01,YouTube Music,Filme,Drama,Podcast Tech,1949777,72.9,360359,155564,1.07,4432506.88,08:00
2015,5,2015-05-01,Spotify,Série,Ação,Podcast Tech,276342,81.0,63072,56830,4.24,1008399.28,21:00
2015,5,2015-05-01,Disney+,Podcast,Comédia,Podcast Tech,333697,60.0,50583,76680,4.64,2377327.37,08:00
2015,5,2015-05-01,YouTube Music,Podcast,Pop,Filme Solar,1882411,68.7,405823,3979,1.24,3557967.84,18:00
2015,5,2015-05-01,Disney+,Podcast,Comédia,Podcast Tech,636469,21.4,381696,96271,1.01,1050368.65,12:00
2015,5,2015-05-01,Spotify,Música,Tecnologia,Série Mistério,877313,35.5,333125,158518,3.14,3043481.34,08:00
2015,5,2015-05-01,Prime Video,Série,Comédia,Top Hits,1157951,85.0,239502,159251,3.26,4139732.54,12:00
2015,5,2015-05-01,Spotify,Podcast,Comédia,Série Mistério,291360,9.4,110327,29894,2.65,2004027.26,12:00
2015,5,2015-05-01,Spotify,Filme,Drama,Podcast Tech,430597,10.4,148289,84501,4.61,130829.91,12:00
2015,5,2015-05-01,Prime Video,Música,Pop,Filme Solar,918688,14.4,484792,16937,1.17,620939.05,08:00
2015,5,2015-05-01,Netflix,Podcast,Comédia,Filme Solar,1614178,73.8,352278,191560,2.93,4514045.21,12:00
2015,5,2015-05-01,Disney+,Série,Tecnologia,Série Mistério,1555818,34.9,198993,134721,2.4,2747523.84,08:00
2015,5,2015-05-01,Disney+,Série,Ação,Podcast Tech,106402,86.7,471627,169284,4.08,4793929.5,18:00
2015,5,2015-05-01,Netflix,Música,Pop,Série Mistério,1857278,64.2,204994,101307,2.12,3587525.86,21:00
2015,5,2015-05-01,Disney+,Série,Drama,Série Mistério,769621,81.6,354735,364,1.59,4574957.51,12:00
2015,5,2015-05-01,Disney+,Música,Comédia,Série Mistério,261388,36.7,166681,90159,4.67,2218239.83,12:00
2015,5,2015-05-01,Prime Video,Filme,Comédia,Filme Solar,630634,29.5,192688,30394,1.13,2774283.91,12:00
2015,5,2015-05-01,YouTube Music,Filme,Tecnologia,Filme Solar,882188,76.0,405947,62840,3.67,4320189.38,12:00
2015,5,2015-05-01,Spotify,Filme,Comédia,Top Hits,1353436,38.0,294020,32391,2.5,372275.98,08:00
2015,5,2015-05-01,Prime Video,Filme,Pop,Podcast Tech,1285898,5.7,43240,56036,3.27,356384.87,12:00
2015,5,2015-05-01,Netflix,Podcast,Comédia,Filme Solar,1160972,35.2,175816,5427,4.73,3780835.94,18:00
2015,5,2015-05-01,Spotify,Filme,Drama,Top Hits,689501,58.9,474185,20920,2.38,4823573.95,21:00
2015,5,2015-05-01,Spotify,Podcast,Pop,Série Mistério,1652444,35.5,337619,50886,3.57,3427630.26,18:00
2015,5,2015-05-01,Netflix,Filme,Tecnologia,Top Hits,378176,53.7,179571,40754,3.9,2103829.33,12:00
2015,5,2015-05-01,Prime Video,Podcast,Drama,Série Mistério,890715,14.6,404677,104404,4.94,28281.83,18:00
2015,5,2015-05-01,YouTube Music,Filme,Drama,Top Hits,528737,63.7,413743,186965,4.81,2252703.21,21:00
2015,5,2015-05-01,Prime Video,Podcast,Comédia,Top Hits,1556888,25.5,336333,36337,2.18,603540.27,21:00
2015,5,2015-05-01,Spotify,Filme,Drama,Top Hits,899355,19.2,474076,47278,2.72,4726630.82,08:00
2015,6,2015-06-01,Netflix,Podcast,Comédia,Série Mistério,624582,10.2,480584,181724,1.17,1329974.0,18:00
2015,6,2015-06-01,YouTube Music,Podcast,Pop,Podcast Tech,1849884,53.3,97412,192598,2.23,2687791.35,08:00
2015,6,2015-06-01,YouTube Music,Podcast,Comédia,Podcast Tech,186729,68.1,403300,171700,1.88,4473020.77,08:00
2015,6,2015-06-01,Prime Video,Podcast,Pop,Top Hits,1550266,77.9,238721,60707,2.86,501179.18,12:00
2015,6,2015-06-01,Prime Video,Música,Ação,Top Hits,1119483,40.5,204100,178143,3.75,824484.79,18:00
2015,6,2015-06-01,YouTube Music,Música,Comédia,Podcast Tech,1828730,30.9,471769,54199,4.83,2358970.11,21:00
2015,6,2015-06-01,Netflix,Série,Pop,Série Mistério,1879022,37.8,492827,180061,4.38,1832180.17,21:00
2015,6,2015-06-01,Netflix,Música,Pop,Podcast Tech,606281,50.0,415956,2715,1.22,2026823.45,21:00
2015,6,2015-06-01,Prime Video,Música,Drama,Podcast Tech,1047498,37.4,194636,10011,2.26,2810488.72,08:00
2015,6,2015-06-01,Prime Video,Série,Comédia,Filme Solar,1741723,80.9,283545,152183,3.38,4622280.57,12:00
2015,6,2015-06-01,YouTube Music,Música,Pop,Filme Solar,397384,57.2,465534,75802,1.71,280500.79,08:00
2015,6,2015-06-01,YouTube Music,Podcast,Pop,Top Hits,836904,58.6,271980,84902,3.78,3659734.6,21:00
2015,6,2015-06-01,Prime Video,Série,Tecnologia,Podcast Tech,296094,88.7,49432,187887,1.72,50469.45,18:00
2015,6,2015-06-01,Prime Video,Filme,Pop,Filme Solar,762703,20.1,421189,186624,4.57,1616051.04,18:00
2015,6,2015-06-01,Netflix,Filme,Comédia,Série Mistério,1861623,81.7,151411,181456,3.12,181858.67,12:00
2015,6,2015-06-01,Prime Video,Série,Comédia,Filme Solar,518241,30.0,150289,81021,2.98,4287092.57,08:00
2015,6,2015-06-01,Disney+,Podcast,Ação,Série Mistério,122219,53.6,271974,158529,1.19,2445499.78,08:00
2015,6,2015-06-01,YouTube Music,Série,Ação,Top Hits,1948241,59.7,435228,185495,2.83,370986.79,18:00
2015,6,2015-06-01,Disney+,Podcast,Ação,Podcast Tech,1409430,39.0,124711,119575,4.13,565207.26,18:00
2015,6,2015-06-01,Disney+,Série,Pop,Top Hits,1643778,52.7,144718,32044,4.42,3701582.49,12:00
2015,6,2015-06-01,Netflix,Podcast,Drama,Podcast Tech,1207355,46.0,493983,4973,4.72,1388194.11,12:00
2015,6,2015-06-01,Netflix,Música,Ação,Top Hits,719992,80.5,290631,67807,4.05,3471021.2,08:00
2015,6,2015-06-01,Spotify,Filme,Ação,Filme Solar,985524,70.7,345982,191522,3.3,893829.16,21:00
2015,6,2015-06-01,YouTube Music,Filme,Tecnologia,Top Hits,1757899,15.3,118753,76131,1.57,2801248.77,08:00
2015,6,2015-06-01,Disney+,Filme,Ação,Filme Solar,1556024,10.0,356501,21149,2.27,965606.9,08:00
2015,6,2015-06-01,Netflix,Música,Pop,Podcast Tech,1606235,52.0,329757,145142,2.66,534499.57,21:00
2015,6,2015-06-01,Disney+,Podcast,Drama,Série Mistério,1380217,51.6,97960,12686,2.13,3255275.41,18:00
2015,6,2015-06-01,Spotify,Música,Comédia,Podcast Tech,1162138,11.2,157008,145321,1.95,1291377.21,12:00
2015,6,2015-06-01,Prime Video,Música,Tecnologia,Top Hits,1514208,37.8,228816,126638,1.44,590008.02,12:00
2015,6,2015-06-01,Prime Video,Filme,Ação,Filme Solar,495302,79.3,463199,115492,3.73,4219639.72,12:00
2015,6,2015-06-01,Netflix,Música,Comédia,Filme Solar,1585423,21.7,236486,127529,3.83,2928959.53,12:00
2015,6,2015-06-01,Prime Video,Música,Comédia,Top Hits,1718790,78.1,296346,174037,3.68,2164351.11,12:00
2015,6,2015-06-01,Prime Video,Série,Tecnologia,Série Mistério,869637,46.1,247523,71960,2.32,3004828.74,21:00
2015,6,2015-06-01,Prime Video,Podcast,Tecnologia,Podcast Tech,1762623,15.1,487678,124530,3.7,185913.52,18:00
2015,6,2015-06-01,Disney+,Filme,Drama,Filme Solar,23061,29.8,147819,160096,4.15,3494847.77,21:00
2015,6,2015-06-01,Netflix,Série,Drama,Top Hits,948469,54.0,398699,154687,2.18,29804.48,08:00
2015,6,2015-06-01,Disney+,Música,Comédia,Podcast Tech,803330,70.7,259043,16828,2.39,1269177.11,18:00
2015,7,2015-07-01,Prime Video,Podcast,Comédia,Podcast Tech,1571047,41.7,251087,57718,2.58,4744605.68,08:00
2015,7,2015-07-01,Netflix,Podcast,Ação,Podcast Tech,333814,81.0,428942,93697,4.7,3268617.72,18:00
2015,7,2015-07-01,YouTube Music,Música,Drama,Podcast Tech,210834,77.2,192722,108038,2.73,1700144.66,08:00
2015,7,2015-07-01,Disney+,Música,Tecnologia,Top Hits,1323781,48.4,328223,127816,5.0,1745952.89,18:00
2015,7,2015-07-01,YouTube Music,Filme,Tecnologia,Filme Solar,1100467,77.1,319014,142720,3.28,2469274.47,08:00
2015,7,2015-07-01,Netflix,Música,Pop,Série Mistério,18178,12.4,117561,55912,3.5,1890725.18,08:00
2015,7,2015-07-01,Netflix,Podcast,Pop,Série Mistério,1453273,25.4,261431,160055,1.82,1059188.66,21:00
2015,7,2015-07-01,Prime Video,Série,Ação,Série Mistério,424868,15.9,299414,112002,4.07,4387345.97,21:00
2015,7,2015-07-01,Spotify,Filme,Pop,Top Hits,985637,10.3,489741,70227,2.5,1185383.74,12:00
2015,7,2015-07-01,Prime Video,Série,Ação,Top Hits,549224,81.3,27912,172032,1.5,3389548.83,08:00
2015,7,2015-07-01,Disney+,Música,Tecnologia,Top Hits,1431166,64.9,405613,62747,4.13,4622143.05,21:00
2015,7,2015-07-01,Netflix,Podcast,Pop,Top Hits,575890,40.6,448525,3691,3.19,3623652.87,18:00
2015,7,2015-07-01,Disney+,Série,Pop,Filme Solar,714068,64.3,100312,186919,4.43,807928.93,18:00
2015,7,2015-07-01,Prime Video,Filme,Tecnologia,Série Mistério,1799093,38.3,98393,76172,1.02,1478301.22,18:00
2015,7,2015-07-01,Netflix,Podcast,Comédia,Filme Solar,1390083,44.5,213094,46827,4.41,3326764.41,12:00
2015,7,2015-07-01,Spotify,Música,Pop,Podcast Tech,1110093,75.9,335937,13031,4.54,1624466.31,18:00
2015,7,2015-07-01,YouTube Music,Série,Drama,Série Mistério,1674635,72.4,250808,35819,1.76,385839.81,21:00
2015,7,2015-07-01,Spotify,Série,Pop,Top Hits,840439,11.6,319687,160868,1.15,1037346.98,18:00
2015,7,2015-07-01,YouTube Music,Podcast,Ação,Top Hits,104036,54.2,51550,113785,3.43,1627071.32,18:00
2015,7,2015-07-01,YouTube Music,Filme,Tecnologia,Série Mistério,124475,57.0,118978,10285,1.95,3436389.92,12:00
2015,7,2015-07-01,Spotify,Música,Comédia,Top Hits,766073,65.7,144223,125561,4.58,1954504.72,12:00
2015,7,2015-07-01,YouTube Music,Série,Drama,Top Hits,975471,81.9,365427,64392,2.3,4021418.3,21:00
2015,7,2015-07-01,Prime Video,Música,Pop,Série Mistério,1593687,9.2,25866,90324,3.0,912713.49,08:00
2015,7,2015-07-01,YouTube Music,Música,Pop,Top Hits,115583,15.2,384647,80607,3.14,1983530.99,08:00
2015,7,2015-07-01,YouTube Music,Podcast,Tecnologia,Top Hits,166459,35.5,435082,94162,4.91,3985548.65,18:00
2015,7,2015-07-01,Prime Video,Música,Pop,Top Hits,363074,11.4,270184,126455,4.39,4759815.48,12:00
2015,7,2015-07-01,YouTube Music,Série,Pop,Filme Solar,32349,73.2,332080,48218,3.25,4263683.91,21:00
2015,7,2015-07-01,Disney+,Podcast,Comédia,Filme Solar,716320,22.0,359529,111047,1.68,4150780.16,21:00
2015,7,2015-07-01,Disney+,Música,Comédia,Top Hits,573103,44.9,489067,171057,4.97,2240926.7,08:00
2015,7,2015-07-01,Netflix,Filme,Comédia,Podcast Tech,1494352,68.5,42239,95514,2.48,4905179.7,12:00
2015,7,2015-07-01,Disney+,Podcast,Comédia,Filme Solar,57374,31.2,221452,159824,1.62,2754695.44,08:00
2015,7,2015-07-01,YouTube Music,Filme,Ação,Série Mistério,806082,45.8,96203,99993,3.94,384140.97,21:00
2015,7,2015-07-01,Disney+,Música,Comédia,Top Hits,1991375,32.9,328810,176763,1.49,431622.09,18:00
2015,7,2015-07-01,Prime Video,Música,Comédia,Top Hits,1299685,7.5,159382,84893,4.87,55747.48,18:00
2015,7,2015-07-01,Netflix,Série,Pop,Top Hits,1709570,62.1,436926,155036,1.11,101023.97,21:00
2015,7,2015-07-01,YouTube Music,Música,Drama,Top Hits,583772,57.2,469301,119771,4.26,249189.99,12:00
2015,7,2015-07-01,YouTube Music,Filme,Pop,Série Mistério,1313026,71.3,321113,38175,4.87,2114252.76,18:00
2015,8,2015-08-01,Disney+,Podcast,Drama,Top Hits,607799,34.0,194291,179065,2.12,2573768.02,12:00
2015,8,2015-08-01,Prime Video,Filme,Tecnologia,Filme Solar,1539788,43.2,32318,34609,1.7,4622898.66,08:00
2015,8,2015-08-01,Spotify,Podcast,Drama,Top Hits,1503193,40.3,8599,50595,3.55,4832414.6,08:00
2015,8,2015-08-01,Spotify,Série,Ação,Série Mistério,340119,80.2,491492,22106,4.82,3958895.18,21:00
2015,8,2015-08-01,Netflix,Filme,Comédia,Série Mistério,1346173,81.3,187627,45589,2.33,557419.18,18:00
2015,8,2015-08-01,Prime Video,Série,Pop,Filme Solar,1974342,41.5,15151,172702,3.47,1285392.4,08:00
2015,8,2015-08-01,Spotify,Filme,Pop,Top Hits,675519,47.7,162762,23029,3.55,2632754.22,12:00
2015,8,2015-08-01,Spotify,Série,Ação,Série Mistério,1570916,77.4,28082,43313,1.26,4080502.51,18:00
2015,8,2015-08-01,YouTube Music,Podcast,Pop,Série Mistério,869666,85.3,29969,11743,3.45,1455079.46,21:00
2015,8,2015-08-01,YouTube Music,Filme,Ação,Filme Solar,341729,22.7,492811,87736,1.44,1830170.77,12:00
2015,8,2015-08-01,Disney+,Filme,Comédia,Podcast Tech,1014513,30.1,371653,59538,3.53,424255.7,08:00
2015,8,2015-08-01,Netflix,Filme,Comédia,Top Hits,1390223,43.3,425895,193170,4.04,4964416.02,18:00
2015,8,2015-08-01,Spotify,Música,Comédia,Top Hits,1159328,11.7,467759,148966,3.41,3408525.41,21:00
2015,8,2015-08-01,Prime Video,Podcast,Comédia,Filme Solar,1460364,69.4,243455,165842,1.23,4738999.61,08:00
2015,8,2015-08-01,Netflix,Filme,Drama,Top Hits,248111,24.7,98886,153316,3.35,1889923.47,12:00
2015,8,2015-08-01,YouTube Music,Filme,Tecnologia,Top Hits,1793643,85.5,79016,14482,5.0,2021501.92,08:00
2015,8,2015-08-01,Prime Video,Podcast,Pop,Série Mistério,1240940,5.8,434865,66879,2.52,2880792.45,08:00
2015,8,2015-08-01,Prime Video,Filme,Comédia,Filme Solar,1680947,15.3,183000,186020,1.39,2493930.59,18:00
2015,8,2015-08-01,Netflix,Podcast,Tecnologia,Série Mistério,1111590,56.0,464762,40838,1.34,4891168.62,21:00
2015,8,2015-08-01,YouTube Music,Música,Drama,Top Hits,1431557,27.3,398386,53841,3.41,1155371.84,08:00
2015,8,2015-08-01,Prime Video,Música,Ação,Série Mistério,1958954,80.5,62872,191737,1.57,2163127.5,21:00
2015,8,2015-08-01,Disney+,Filme,Ação,Top Hits,629857,18.6,69052,162911,4.84,3173817.2,21:00
2015,8,2015-08-01,Disney+,Música,Ação,Podcast Tech,1616358,18.6,158116,61671,4.34,4469573.87,08:00
2015,8,2015-08-01,YouTube Music,Filme,Drama,Top Hits,1447346,62.3,267331,110708,4.9,1554574.44,18:00
2015,8,2015-08-01,Spotify,Podcast,Comédia,Top Hits,959481,57.2,32764,112721,2.81,929739.77,18:00
2015,8,2015-08-01,Prime Video,Filme,Ação,Filme Solar,1154466,29.4,320898,196256,4.82,515709.97,12:00
2015,8,2015-08-01,YouTube Music,Música,Drama,Série Mistério,1325358,12.5,117155,140290,3.07,2350606.84,18:00
2015,8,2015-08-01,Netflix,Filme,Pop,Podcast Tech,1411270,39.9,382578,122127,4.91,199495.35,12:00
2015,8,2015-08-01,Spotify,Música,Tecnologia,Podcast Tech,45792,44.2,273513,8031,4.14,2762555.05,08:00
2015,8,2015-08-01,Disney+,Série,Drama,Podcast Tech,188110,43.4,7634,24763,2.77,170747.81,21:00
2015,8,2015-08-01,YouTube Music,Música,Drama,Série Mistério,67754,51.9,354699,196418,1.01,1449383.87,08:00
2015,8,2015-08-01,Disney+,Série,Comédia,Filme Solar,1414659,72.1,74482,46569,3.43,719468.86,08:00
2015,8,2015-08-01,YouTube Music,Podcast,Ação,Filme Solar,1587343,35.7,65822,101917,2.29,2447441.7,12:00
2015,8,2015-08-01,Spotify,Série,Drama,Filme Solar,164170,56.7,406654,118762,1.28,3530240.23,21:00
2015,8,2015-08-01,Netflix,Filme,Pop,Top Hits,1320102,18.1,291615,21272,2.79,3782101.26,18:00
2015,8,2015-08-01,Prime Video,Filme,Pop,Série Mistério,870841,69.7,130023,175266,2.87,438597.94,12:00
2015,8,2015-08-01,Netflix,Música,Pop,Podcast Tech,587731,88.4,334983,150979,1.91,146503.0,21:00
2015,9,2015-09-01,Disney+,Música,Tecnologia,Top Hits,1253931,68.4,449216,34846,3.57,324321.95,18:00
2015,9,2015-09-01,Prime Video,Série,Tecnologia,Podcast Tech,369485,87.6,16369,151292,2.61,4244968.31,21:00
2015,9,2015-09-01,Disney+,Série,Ação,Filme Solar,573551,78.6,40423,55960,4.32,4870221.34,18:00
2015,9,2015-09-01,Spotify,Podcast,Pop,Filme Solar,356605,89.5,60369,193476,3.82,3748027.42,08:00
2015,9,2015-09-01,Disney+,Música,Pop,Podcast Tech,595255,71.1,9067,192674,1.44,3230875.08,21:00
2015,9,2015-09-01,YouTube Music,Filme,Pop,Podcast Tech,55707,31.0,247362,113274,1.08,2901884.57,21:00
2015,9,2015-09-01,Netflix,Série,Pop,Podcast Tech,911925,40.8,377029,129743,3.5,1676624.36,08:00
2015,9,2015-09-01,Netflix,Podcast,Tecnologia,Série Mistério,663590,33.7,37378,172835,1.38,2731864.94,21:00
2015,9,2015-09-01,YouTube Music,Música,Ação,Podcast Tech,1415949,70.8,5417,155128,4.38,2564547.18,18:00
2015,9,2015-09-01,Disney+,Filme,Comédia,Podcast Tech,548126,43.8,173986,121335,4.85,2211651.03,21:00
2015,9,2015-09-01,Netflix,Podcast,Pop,Filme Solar,993393,63.8,82777,94175,1.75,1158814.53,08:00
2015,9,2015-09-01,Netflix,Música,Comédia,Podcast Tech,1505849,56.9,466810,3431,1.61,4900677.72,12:00
2015,9,2015-09-01,Disney+,Podcast,Tecnologia,Podcast Tech,1281067,65.9,41936,119719,4.2,3702204.19,12:00
2015,9,2015-09-01,Disney+,Série,Pop,Podcast Tech,1719655,69.8,359577,88050,4.58,4984949.02,18:00
2015,9,2015-09-01,Prime Video,Filme,Drama,Top Hits,956186,83.6,382395,39514,3.26,1621249.42,21:00
2015,9,2015-09-01,Disney+,Podcast,Drama,Top Hits,1295380,84.3,339437,69320,4.56,1712590.14,12:00
2015,9,2015-09-01,Prime Video,Música,Comédia,Série Mistério,1085078,35.7,364365,128413,1.68,3405233.95,12:00
2015,9,2015-09-01,Netflix,Filme,Comédia,Filme Solar,35916,9.8,305656,194768,3.47,680766.07,12:00
2015,9,2015-09-01,Spotify,Podcast,Ação,Filme Solar,1054297,8.2,171832,4530,3.34,4688457.84,21:00
2015,9,2015-09-01,YouTube Music,Música,Comédia,Top Hits,1946550,58.7,299908,198249,4.77,3272558.38,08:00
2015,9,2015-09-01,Spotify,Podcast,Tecnologia,Série Mistério,1133171,44.5,329226,190285,4.09,2376238.67,21:00
2015,9,2015-09-01,Spotify,Filme,Pop,Podcast Tech,1189764,8.3,359180,29476,4.93,678314.09,12:00
2015,9,2015-09-01,Spotify,Filme,Ação,Série Mistério,897271,28.1,499999,105664,2.61,3035471.33,18:00
2015,9,2015-09-01,Disney+,Podcast,Comédia,Série Mistério,1253328,82.8,428173,21868,1.44,4921213.62,12:00
2015,9,2015-09-01,Prime Video,Música,Pop,Top Hits,663130,81.3,493600,107233,2.75,759441.76,21:00
2015,9,2015-09-01,Spotify,Podcast,Tecnologia,Filme Solar,1162727,31.5,478992,74600,2.17,3898210.23,18:00
2015,9,2015-09-01,Prime Video,Música,Ação,Série Mistério,1292852,53.8,179200,5248,4.28,939984.87,21:00
2015,9,2015-09-01,Prime Video,Série,Pop,Podcast Tech,1221103,59.1,128889,42257,3.46,1269589.5,21:00
2015,9,2015-09-01,YouTube Music,Podcast,Comédia,Top Hits,1605827,69.6,420957,55173,1.91,2836840.79,08:00
2015,9,2015-09-01,Netflix,Música,Pop,Filme Solar,1870360,69.1,283429,25123,1.03,2889695.51,21:00
2015,9,2015-09-01,Netflix,Música,Pop,Série Mistério,1003918,8.5,460322,193685,3.03,1281969.41,12:00
2015,9,2015-09-01,Netflix,Música,Pop,Top Hits,821279,42.1,405782,71936,2.61,4616053.01,08:00
2015,9,2015-09-01,Prime Video,Filme,Ação,Top Hits,1174067,38.0,391215,160148,2.38,4680114.55,21:00
2015,9,2015-09-01,Disney+,Podcast,Tecnologia,Podcast Tech,461121,50.6,108032,41366,1.35,1014685.25,12:00
2015,9,2015-09-01,Disney+,Filme,Pop,Filme Solar,961931,69.9,378877,197701,3.16,3628148.92,08:00
2015,9,2015-09-01,YouTube Music,Música,Tecnologia,Podcast Tech,488483,37.1,311930,25961,4.63,2655899.28,21:00
2015,9,2015-09-01,Disney+,Podcast,Tecnologia,Podcast Tech,57505,52.4,212057,104439,1.35,4397509.3,21:00
2015,10,2015-10-01,Netflix,Podcast,Comédia,Podcast Tech,1372686,35.1,163943,16947,2.95,2932640.09,12:00
2015,10,2015-10-01,Netflix,Filme,Drama,Top Hits,714957,55.1,284154,109297,4.38,2825549.1,21:00
2015,10,2015-10-01,YouTube Music,Música,Drama,Filme Solar,208390,86.4,231395,64211,2.11,3340400.11,08:00
2015,10,2015-10-01,Prime Video,Série,Pop,Série Mistério,60156,41.7,50671,83970,1.77,3276270.25,21:00
2015,10,2015-10-01,Netflix,Série,Pop,Filme Solar,1416485,76.4,225537,180147,2.67,2112715.23,12:00
2015,10,2015-10-01,YouTube Music,Podcast,Comédia,Filme Solar,877283,66.7,340769,36703,3.66,1845907.83,12:00
2015,10,2015-10-01,Prime Video,Música,Pop,Série Mistério,392911,63.3,473127,63901,3.15,4548458.83,18:00
2015,10,2015-10-01,Spotify,Filme,Tecnologia,Série Mistério,988782,16.6,228877,15074,3.42,908342.02,21:00
2015,10,2015-10-01,YouTube Music,Série,Tecnologia,Série Mistério,345998,33.8,31101,77163,1.53,1620248.25,18:00
2015,10,2015-10-01,Prime Video,Série,Ação,Série Mistério,1828843,88.0,38310,190517,2.14,1155752.72,18:00
2015,10,2015-10-01,Disney+,Filme,Tecnologia,Série Mistério,688980,30.9,107873,196692,4.03,3429626.28,08:00
2015,10,2015-10-01,Disney+,Podcast,Ação,Série Mistério,760907,45.5,175923,54977,4.36,1392540.32,08:00
2015,10,2015-10-01,Spotify,Podcast,Tecnologia,Filme Solar,428110,62.4,37278,30225,3.6,4723173.12,18:00
2015,10,2015-10-01,Spotify,Música,Tecnologia,Série Mistério,1580423,68.5,339535,51561,1.18,4253073.32,08:00
2015,10,2015-10-01,YouTube Music,Filme,Drama,Podcast Tech,11172,28.1,343128,116195,2.78,2757040.35,21:00
2015,10,2015-10-01,Netflix,Filme,Pop,Filme Solar,635984,40.9,185251,182461,2.81,3284054.56,08:00
2015,10,2015-10-01,Netflix,Série,Comédia,Filme Solar,1291824,66.7,42430,79607,2.47,4306973.48,18:00
2015,10,2015-10-01,YouTube Music,Música,Comédia,Top Hits,552811,41.5,212804,98590,4.59,3698891.88,08:00
2015,10,2015-10-01,YouTube Music,Podcast,Drama,Série Mistério,758511,76.0,268164,191314,3.75,4654311.52,21:00
2015,10,2015-10-01,Prime Video,Música,Comédia,Podcast Tech,67208,83.5,402698,447,1.55,4512753.74,12:00
2015,10,2015-10-01,Netflix,Série,Ação,Série Mistério,1723273,27.8,144530,70324,1.95,2169876.35,18:00
2015,10,2015-10-01,Disney+,Música,Tecnologia,Podcast Tech,514535,18.9,26073,175591,1.21,1266387.71,21:00
2015,10,2015-10-01,Netflix,Filme,Ação,Top Hits,1102447,65.7,454937,12302,1.21,4309315.49,12:00
2015,10,2015-10-01,Disney+,Filme,Pop,Filme Solar,575594,89.7,426538,78751,3.46,3990588.77,08:00
2015,10,2015-10-01,Spotify,Filme,Ação,Série Mistério,806643,56.2,265008,191703,3.62,916430.93,08:00
2015,10,2015-10-01,Disney+,Podcast,Drama,Filme Solar,360497,54.6,49016,167551,4.5,4224657.28,08:00
2015,10,2015-10-01,Spotify,Podcast,Ação,Filme Solar,1652440,22.4,220992,53442,3.22,4753213.68,12:00
2015,10,2015-10-01,Netflix,Música,Pop,Top Hits,1306103,34.8,419392,72898,2.08,3539377.45,21:00
2015,10,2015-10-01,Prime Video,Série,Drama,Podcast Tech,594432,40.4,263760,139458,4.27,3951674.33,21:00
2015,10,2015-10-01,Netflix,Série,Pop,Podcast Tech,1221859,63.2,312870,138911,3.93,2823633.89,08:00
2015,10,2015-10-01,Spotify,Podcast,Pop,Série Mistério,205133,42.8,169136,66372,2.32,3619334.93,21:00
2015,10,2015-10-01,Prime Video,Música,Drama,Top Hits,745061,72.1,167174,48365,3.12,1650281.87,12:00
2015,10,2015-10-01,Prime Video,Podcast,Comédia,Filme Solar,1769844,25.2,423836,38227,1.7,1489259.3,12:00
2015,10,2015-10-01,Disney+,Podcast,Drama,Série Mistério,1929540,54.7,23114,64496,1.62,307655.74,08:00
2015,10,2015-10-01,Netflix,Filme,Tecnologia,Série Mistério,1532922,87.3,75103,92296,4.96,4383264.54,18:00
2015,10,2015-10-01,Disney+,Filme,Comédia,Série Mistério,180330,73.9,16425,51052,3.25,4220441.26,21:00
2015,10,2015-10-01,YouTube Music,Filme,Ação,Podcast Tech,1660779,78.6,239924,194830,3.99,274694.97,08:00
2015,11,2015-11-01,Prime Video,Podcast,Pop,Top Hits,1044772,60.5,278425,84566,2.36,388774.23,08:00
2015,11,2015-11-01,YouTube Music,Podcast,Comédia,Podcast Tech,286576,51.6,266904,20743,2.32,2564810.24,21:00
2015,11,2015-11-01,Spotify,Filme,Drama,Filme Solar,66553,22.8,120160,38638,2.89,1309694.68,18:00
2015,11,2015-11-01,Prime Video,Filme,Comédia,Filme Solar,268381,39.4,472003,22687,3.77,4043531.38,18:00
2015,11,2015-11-01,Spotify,Música,Comédia,Filme Solar,93997,30.0,457875,2089,3.6,1539993.25,18:00
2015,11,2015-11-01,YouTube Music,Podcast,Pop,Podcast Tech,514751,77.3,250927,173080,3.84,4600285.25,21:00
2015,11,2015-11-01,Netflix,Filme,Pop,Podcast Tech,645253,29.7,354960,139840,1.92,1749425.75,08:00
2015,11,2015-11-01,Disney+,Música,Pop,Filme Solar,407065,16.4,265166,151518,1.37,2571004.87,21:00
2015,11,2015-11-01,Prime Video,Música,Tecnologia,Série Mistério,738456,5.6,46895,127627,4.5,1178770.1,18:00
2015,11,2015-11-01,Netflix,Filme,Pop,Filme Solar,955351,89.9,99990,109562,3.86,4957487.27,18:00
2015,11,2015-11-01,Netflix,Série,Drama,Filme Solar,1854920,61.0,8006,63814,3.09,3315653.13,18:00
2015,11,2015-11-01,YouTube Music,Música,Pop,Podcast Tech,1710050,51.0,370071,98542,3.08,4210688.16,21:00
2015,11,2015-11-01,YouTube Music,Filme,Drama,Série Mistério,266822,22.7,181885,191591,1.75,4450500.24,12:00
2015,11,2015-11-01,Disney+,Música,Tecnologia,Série Mistério,1186679,55.6,264968,189813,3.04,4580404.12,12:00
2015,11,2015-11-01,Prime Video,Música,Tecnologia,Série Mistério,811591,36.8,312467,63100,1.33,4192564.48,08:00
2015,11,2015-11-01,YouTube Music,Série,Ação,Top Hits,802511,29.2,247314,76259,1.21,2428809.72,21:00
2015,11,2015-11-01,Prime Video,Podcast,Ação,Filme Solar,1799116,8.0,123241,9635,2.7,4065932.94,12:00
2015,11,2015-11-01,YouTube Music,Podcast,Tecnologia,Podcast Tech,1402233,7.0,3566,70110,2.87,3221642.79,12:00
2015,11,2015-11-01,Prime Video,Podcast,Ação,Série Mistério,1695804,6.8,406517,69919,2.83,4032428.15,12:00
2015,11,2015-11-01,Disney+,Música,Tecnologia,Podcast Tech,1346433,86.1,261850,78825,1.65,1219560.78,08:00
2015,11,2015-11-01,Spotify,Podcast,Tecnologia,Série Mistério,105286,81.1,21489,77457,4.29,577883.46,21:00
2015,11,2015-11-01,Spotify,Filme,Comédia,Filme Solar,211051,83.2,29703,31076,1.29,2310324.55,18:00
2015,11,2015-11-01,Disney+,Filme,Tecnologia,Filme Solar,373814,9.0,247429,6468,2.99,3700926.19,08:00
2015,11,2015-11-01,Disney+,Filme,Tecnologia,Filme Solar,1831465,21.5,326151,121901,1.7,3064456.51,21:00
2015,11,2015-11-01,Netflix,Podcast,Drama,Top Hits,1986754,84.6,367605,32489,2.57,2200407.06,21:00
2015,11,2015-11-01,Spotify,Música,Pop,Top Hits,81111,71.8,87561,96531,3.31,2834298.63,08:00
2015,11,2015-11-01,Netflix,Podcast,Pop,Podcast Tech,1857858,27.4,153189,115216,3.22,240749.8,21:00
2015,11,2015-11-01,Prime Video,Música,Tecnologia,Filme Solar,72546,9.8,312007,56681,2.84,2539650.39,08:00
2015,11,2015-11-01,Netflix,Podcast,Drama,Série Mistério,521238,7.1,387139,38235,4.37,4225103.14,08:00
2015,11,2015-11-01,Spotify,Filme,Tecnologia,Série Mistério,1791432,10.5,38364,23407,2.09,3426497.19,21:00
2015,11,2015-11-01,Netflix,Podcast,Ação,Top Hits,904564,23.5,383587,134668,1.9,3277616.75,12:00
2015,11,2015-11-01,YouTube Music,Série,Ação,Filme Solar,1605952,57.7,106017,67109,2.6,4009807.02,12:00
2015,11,2015-11-01,Netflix,Série,Ação,Série Mistério,49464,80.7,479726,67445,3.89,1756608.29,12:00
2015,11,2015-11-01,Spotify,Série,Ação,Série Mistério,999768,73.0,260519,127281,2.28,1896707.97,18:00
2015,11,2015-11-01,YouTube Music,Série,Ação,Podcast Tech,1783143,46.3,345564,22420,2.36,1491406.62,18:00
2015,11,2015-11-01,Disney+,Podcast,Ação,Série Mistério,1899491,42.2,198476,133035,1.6,764445.01,21:00
2015,11,2015-11-01,Disney+,Série,Ação,Filme Solar,1719960,61.5,80914,184374,2.92,2367402.18,21:00
2015,12,2015-12-01,Netflix,Filme,Comédia,Filme Solar,892288,55.6,190419,161140,3.96,2946452.12,21:00
2015,12,2015-12-01,Prime Video,Podcast,Ação,Podcast Tech,1588243,9.9,203166,53575,1.64,3075905.61,08:00
2015,12,2015-12-01,YouTube Music,Podcast,Pop,Top Hits,1968007,84.8,120159,102999,4.9,1513009.01,21:00
2015,12,2015-12-01,YouTube Music,Música,Tecnologia,Filme Solar,272707,75.3,496028,11616,4.76,3297294.15,21:00
2015,12,2015-12-01,Disney+,Série,Ação,Filme Solar,1539742,30.5,94927,74304,3.68,1481366.06,21:00
2015,12,2015-12-01,Netflix,Podcast,Ação,Filme Solar,41766,63.7,252481,192563,1.81,2716244.75,12:00
2015,12,2015-12-01,Netflix,Música,Tecnologia,Podcast Tech,461901,41.9,238222,27752,3.67,2943186.81,08:00
2015,12,2015-12-01,Netflix,Podcast,Drama,Série Mistério,342922,83.2,91202,189984,1.86,1526365.66,08:00
2015,12,2015-12-01,Spotify,Série,Tecnologia,Filme Solar,23241,89.4,495394,19181,2.15,1240275.37,18:00
2015,12,2015-12-01,Prime Video,Música,Pop,Série Mistério,1053970,43.3,234991,134464,2.27,3585090.73,21:00
2015,12,2015-12-01,Disney+,Filme,Drama,Filme Solar,1698283,53.8,250361,77955,3.71,3481642.71,12:00
2015,12,2015-12-01,YouTube Music,Filme,Tecnologia,Filme Solar,445594,32.4,156459,173100,2.29,4704103.03,18:00
2015,12,2015-12-01,YouTube Music,Filme,Pop,Top Hits,228368,36.5,289472,16587,1.21,3943533.75,12:00
2015,12,2015-12-01,Disney+,Série,Comédia,Série Mistério,77149,21.8,48828,31157,4.91,2069080.77,18:00
2015,12,2015-12-01,YouTube Music,Filme,Tecnologia,Série Mistério,1130614,25.6,208736,156087,2.15,4271530.98,18:00
2015,12,2015-12-01,Prime Video,Filme,Ação,Top Hits,173554,48.0,63231,32546,3.36,3932561.84,12:00
2015,12,2015-12-01,Disney+,Série,Pop,Podcast Tech,1489332,88.4,17551,152727,1.26,200063.72,21:00
2015,12,2015-12-01,Spotify,Série,Comédia,Filme Solar,1191455,60.2,239996,133393,3.26,2887834.77,12:00
2015,12,2015-12-01,Spotify,Música,Pop,Série Mistério,458648,12.1,175809,165900,2.08,2813960.4,18:00
2015,12,2015-12-01,Prime Video,Série,Tecnologia,Top Hits,124028,79.7,258331,108367,1.51,1814861.24,12:00
2015,12,2015-12-01,Disney+,Podcast,Ação,Filme Solar,626539,22.3,475465,50727,1.72,4674771.46,12:00
2015,12,2015-12-01,Disney+,Música,Pop,Podcast Tech,1587970,40.3,463557,60580,1.28,2268855.95,08:00
2015,12,2015-12-01,YouTube Music,Filme,Drama,Filme Solar,1186382,77.3,145060,172501,1.12,2743301.95,18:00
2015,12,2015-12-01,Prime Video,Filme,Tecnologia,Podcast Tech,1135939,65.4,238422,52305,4.11,3452943.03,12:00
2015,12,2015-12-01,Prime Video,Música,Drama,Top Hits,1953771,32.1,388678,196886,4.87,649645.34,21:00
2015,12,2015-12-01,Spotify,Série,Tecnologia,Podcast Tech,1154182,25.2,32349,153209,4.53,1299104.24,18:00
2015,12,2015-12-01,Spotify,Filme,Comédia,Podcast Tech,1974924,71.1,45670,155867,4.01,3536645.48,08:00
2015,12,2015-12-01,Prime Video,Série,Comédia,Série Mistério,1164516,11.6,299502,122883,4.22,1020403.56,21:00
2015,12,2015-12-01,YouTube Music,Podcast,Tecnologia,Série Mistério,1311472,71.9,385153,174345,2.11,2647931.37,12:00
2015,12,2015-12-01,Disney+,Podcast,Tecnologia,Top Hits,1173316,9.9,392757,49731,3.41,3383600.8,18:00
2015,12,2015-12-01,Spotify,Podcast,Pop,Top Hits,1171951,49.1,491591,122258,1.51,4599634.48,18:00
2015,12,2015-12-01,YouTube Music,Série,Ação,Série Mistério,1422680,70.5,446585,191954,4.01,1995037.35,08:00
2015,12,2015-12-01,Disney+,Podcast,Pop,Podcast Tech,1762396,8.0,200112,188388,2.37,4986914.93,08:00
2015,12,2015-12-01,Disney+,Podcast,Drama,Podcast Tech,1556493,29.5,96593,197054,4.17,4218056.04,21:00
2015,12,2015-12-01,Netflix,Podcast,Tecnologia,Podcast Tech,130717,65.4,245456,68319,2.5,1947679.09,12:00
2015,12,2015-12-01,Prime Video,Filme,Comédia,Série Mistério,1592004,28.9,145773,60506,3.26,3825293.75,08:00
2015,12,2015-12-01,Disney+,Série,Pop,Top Hits,1616725,19.6,268435,17323,4.1,1503838.94,21:00
2016,1,2016-01-01,YouTube Music,Série,Comédia,Top Hits,343658,59.5,34131,78285,1.23,130339.69,21:00
2016,1,2016-01-01,Prime Video,Música,Ação,Podcast Tech,1842995,11.9,145749,164281,2.06,4138607.99,18:00
2016,1,2016-01-01,Spotify,Podcast,Drama,Série Mistério,745010,68.4,49799,129908,2.2,222510.02,12:00
2016,1,2016-01-01,Spotify,Filme,Tecnologia,Top Hits,1677627,29.2,64410,120616,4.87,2360431.92,18:00
2016,1,2016-01-01,Disney+,Série,Pop,Série Mistério,252724,12.9,133524,51272,1.8,1758159.46,18:00
2016,1,2016-01-01,Netflix,Filme,Tecnologia,Filme Solar,1399059,35.6,347635,160271,1.75,3979374.22,18:00
2016,1,2016-01-01,YouTube Music,Música,Comédia,Série Mistério,156091,72.6,91071,185205,1.74,4273707.36,21:00
2016,1,2016-01-01,YouTube Music,Série,Comédia,Podcast Tech,610851,48.8,303244,114305,4.22,3719740.12,12:00
2016,1,2016-01-01,Prime Video,Filme,Pop,Podcast Tech,1101274,39.6,318634,186920,2.2,4519801.46,08:00
2016,1,2016-01-01,Disney+,Música,Ação,Série Mistério,472659,68.1,361439,152328,3.62,3366762.65,08:00
2016,1,2016-01-01,Disney+,Série,Drama,Filme Solar,681491,72.4,468178,144843,1.84,1625787.23,12:00
2016,1,2016-01-01,YouTube Music,Podcast,Drama,Série Mistério,526791,48.8,466917,155793,2.08,3445895.14,08:00
2016,1,2016-01-01,Disney+,Filme,Pop,Top Hits,844289,32.6,484638,136219,2.49,147970.22,21:00
2016,1,2016-01-01,Spotify,Podcast,Ação,Podcast Tech,651257,78.7,219918,193016,3.26,1031275.8,12:00
2016,1,2016-01-01,Disney+,Filme,Tecnologia,Filme Solar,1266413,69.0,386519,91579,2.49,4428600.77,12:00
2016,1,2016-01-01,Disney+,Filme,Pop,Série Mistério,893033,42.7,150168,116765,1.25,4813276.04,08:00
2016,1,2016-01-01,Netflix,Música,Tecnologia,Filme Solar,1593784,25.1,477443,28466,1.62,4867523.47,21:00
2016,1,2016-01-01,Spotify,Série,Tecnologia,Série Mistério,503786,37.6,219462,43443,1.23,2706116.98,08:00
2016,1,2016-01-01,Spotify,Podcast,Drama,Série Mistério,1702364,57.3,150972,168515,2.79,2044940.85,21:00
2016,1,2016-01-01,Spotify,Filme,Drama,Podcast Tech,1033440,25.0,490325,175551,1.53,3261790.63,21:00
2016,1,2016-01-01,Prime Video,Série,Drama,Série Mistério,1691915,75.5,12194,156524,4.73,2180588.93,18:00
2016,1,2016-01-01,Prime Video,Música,Drama,Podcast Tech,1555387,62.5,125776,11374,3.19,3392414.54,08:00
2016,1,2016-01-01,Spotify,Podcast,Ação,Top Hits,891776,65.2,272700,128515,2.2,543120.0,12:00
2016,1,2016-01-01,Spotify,Série,Tecnologia,Podcast Tech,141503,39.9,445640,151135,4.5,3038844.4,21:00
2016,1,2016-01-01,Spotify,Podcast,Drama,Top Hits,1373763,83.0,420312,160951,3.52,2630133.12,21:00
2016,1,2016-01-01,Disney+,Filme,Ação,Filme Solar,172585,16.1,339060,6231,4.88,2264308.23,18:00
2016,1,2016-01-01,Netflix,Podcast,Tecnologia,Filme Solar,78373,73.1,279657,182218,4.82,149340.3,18:00
2016,1,2016-01-01,Netflix,Filme,Ação,Filme Solar,439734,7.3,218563,73961,4.33,4369251.5,21:00
2016,1,2016-01-01,YouTube Music,Podcast,Comédia,Série Mistério,842779,78.5,133204,60956,1.44,410119.23,18:00
2016,1,2016-01-01,YouTube Music,Podcast,Comédia,Podcast Tech,295824,19.8,338961,59909,3.5,3401006.29,12:00
2016,1,2016-01-01,Prime Video,Música,Comédia,Série Mistério,1441361,67.3,315379,198967,4.27,2474723.41,18:00
2016,1,2016-01-01,Prime Video,Filme,Ação,Top Hits,1058518,66.8,382976,148197,1.73,2236554.48,21:00
2016,1,2016-01-01,Spotify,Série,Drama,Top Hits,461659,27.7,32440,71988,3.67,418458.68,21:00
2016,1,2016-01-01,Netflix,Podcast,Tecnologia,Filme Solar,1149402,38.1,197798,116995,4.78,4454789.38,21:00
2016,1,2016-01-01,YouTube Music,Podcast,Comédia,Filme Solar,208498,29.9,302599,53773,2.62,4332313.49,21:00
2016,1,2016-01-01,YouTube Music,Filme,Tecnologia,Podcast Tech,573827,7.9,154019,83670,3.85,4534647.12,08:00
2016,1,2016-01-01,Netflix,Série,Tecnologia,Filme Solar,247681,18.9,327983,4192,3.79,4104084.26,08:00
2016,2,2016-02-01,Spotify,Podcast,Tecnologia,Série Mistério,1828044,64.9,103706,129692,4.35,790207.7,12:00
2016,2,2016-02-01,YouTube Music,Filme,Pop,Filme Solar,1204928,79.2,7108,78785,3.55,821774.67,12:00
2016,2,2016-02-01,Prime Video,Filme,Drama,Top Hits,1825689,40.6,271788,13973,3.53,991979.3,18:00
2016,2,2016-02-01,Disney+,Filme,Comédia,Filme Solar,591956,5.3,150166,193224,1.14,1883054.17,12:00
2016,2,2016-02-01,Prime Video,Música,Drama,Série Mistério,888863,71.9,92125,157261,4.26,288432.36,08:00
2016,2,2016-02-01,Spotify,Filme,Tecnologia,Top Hits,1807133,23.7,91686,137377,3.88,3517761.43,08:00
2016,2,2016-02-01,YouTube Music,Série,Pop,Filme Solar,1676837,10.4,346583,61862,3.52,4988384.28,18:00
2016,2,2016-02-01,Disney+,Podcast,Ação,Top Hits,955753,85.6,265021,58195,3.52,4011875.93,12:00
2016,2,2016-02-01,Prime Video,Podcast,Drama,Top Hits,95792,55.6,340682,195900,2.09,3372418.89,12:00
2016,2,2016-02-01,Spotify,Série,Drama,Top Hits,584966,51.1,5233,17782,1.75,4909597.5,08:00
2016,2,2016-02-01,Prime Video,Podcast,Ação,Série Mistério,1163721,23.2,49300,192293,4.63,3020058.12,08:00
2016,2,2016-02-01,Netflix,Série,Drama,Série Mistério,337635,15.6,424781,120179,4.35,1278814.35,18:00
2016,2,2016-02-01,YouTube Music,Filme,Ação,Top Hits,687704,61.1,424260,34453,1.55,1104233.14,21:00
2016,2,2016-02-01,YouTube Music,Podcast,Ação,Série Mistério,34361,80.2,475721,192154,3.0,362768.17,12:00
2016,2,2016-02-01,Prime Video,Podcast,Drama,Podcast Tech,505120,19.1,63985,182202,1.18,2330968.85,21:00
2016,2,2016-02-01,Netflix,Série,Comédia,Filme Solar,509277,51.1,452935,83948,4.91,2967713.65,08:00
2016,2,2016-02-01,Prime Video,Série,Ação,Filme Solar,152615,56.2,451400,184870,2.78,696214.6,18:00
2016,2,2016-02-01,Disney+,Podcast,Comédia,Série Mistério,1880815,79.3,180750,20945,2.01,4700775.02,21:00
2016,2,2016-02-01,Spotify,Filme,Pop,Série Mistério,1997344,48.9,187798,173913,4.36,486099.59,12:00
2016,2,2016-02-01,Netflix,Podcast,Ação,Filme Solar,1671579,58.3,163773,137469,1.64,4844526.51,18:00
2016,2,2016-02-01,Netflix,Filme,Ação,Filme Solar,1408322,22.5,253197,159653,4.06,1039017.86,12:00
2016,2,2016-02-01,Disney+,Música,Ação,Podcast Tech,718860,35.6,181079,165734,3.61,1295184.75,21:00
2016,2,2016-02-01,Netflix,Música,Drama,Podcast Tech,1192533,65.8,377081,23910,3.67,4395968.63,21:00
2016,2,2016-02-01,Netflix,Podcast,Drama,Série Mistério,820958,23.3,78557,51200,1.57,4487622.24,18:00
2016,2,2016-02-01,Prime Video,Podcast,Pop,Top Hits,553120,49.1,384846,76918,3.39,877003.55,18:00
2016,2,2016-02-01,Disney+,Música,Tecnologia,Série Mistério,212681,19.2,357219,183289,1.82,1991098.63,08:00
2016,2,2016-02-01,Disney+,Podcast,Tecnologia,Série Mistério,1743054,54.7,438170,145863,3.11,1253639.02,08:00
2016,2,2016-02-01,Prime Video,Música,Ação,Top Hits,1141845,46.0,84983,36746,1.47,579248.04,18:00
2016,2,2016-02-01,Netflix,Filme,Ação,Podcast Tech,1767770,89.4,490698,196021,3.18,1377947.1,08:00
2016,2,2016-02-01,Netflix,Música,Pop,Podcast Tech,1018280,35.2,222250,57503,4.4,1233229.88,08:00
2016,2,2016-02-01,Prime Video,Música,Comédia,Série Mistério,1634255,34.7,158823,57808,1.52,1915007.72,21:00
2016,2,2016-02-01,Prime Video,Série,Drama,Podcast Tech,1068885,30.8,30784,28305,1.39,4372510.84,21:00
2016,2,2016-02-01,Prime Video,Podcast,Drama,Filme Solar,1004789,19.9,332589,140515,2.71,3224183.18,12:00
2016,2,2016-02-01,Disney+,Filme,Tecnologia,Filme Solar,1335883,86.6,327992,26856,4.47,2375008.06,08:00
2016,2,2016-02-01,Disney+,Música,Ação,Filme Solar,215954,16.5,79090,95878,3.37,3775870.4,08:00
2016,2,2016-02-01,YouTube Music,Música,Comédia,Filme Solar,186909,17.9,444020,191774,4.11,2109526.51,18:00
2016,2,2016-02-01,Disney+,Música,Comédia,Filme Solar,459681,60.0,119077,152927,4.81,3429172.79,18:00
2016,3,2016-03-01,Disney+,Série,Pop,Filme Solar,546959,33.9,284247,10058,3.83,2686489.18,08:00
2016,3,2016-03-01,Disney+,Série,Pop,Top Hits,1551801,80.5,127662,129889,2.56,4659453.25,08:00
2016,3,2016-03-01,YouTube Music,Filme,Drama,Série Mistério,1387058,50.3,318049,98155,3.9,2112925.75,08:00
2016,3,2016-03-01,Prime Video,Podcast,Pop,Podcast Tech,1652771,5.8,405895,153715,1.75,4092903.47,21:00
2016,3,2016-03-01,Prime Video,Série,Ação,Filme Solar,1643615,79.8,396785,196945,1.9,414020.85,12:00
2016,3,2016-03-01,Spotify,Podcast,Drama,Série Mistério,458845,18.4,79927,199621,2.91,3522994.56,18:00
2016,3,2016-03-01,Disney+,Podcast,Tecnologia,Top Hits,12843,80.5,118813,186708,1.31,1801538.35,08:00
2016,3,2016-03-01,Spotify,Filme,Ação,Série Mistério,1962553,67.5,61870,125225,2.4,1514448.0,12:00
2016,3,2016-03-01,Prime Video,Filme,Tecnologia,Top Hits,1913960,34.0,188550,26768,1.68,1760336.38,18:00
2016,3,2016-03-01,Netflix,Podcast,Ação,Filme Solar,1626544,15.3,170356,11122,1.59,220190.7,12:00
2016,3,2016-03-01,Disney+,Série,Drama,Top Hits,1843084,53.9,104244,149158,3.93,4710817.26,18:00
2016,3,2016-03-01,Prime Video,Podcast,Drama,Filme Solar,1127906,36.8,311393,92098,4.45,3427197.76,18:00
2016,3,2016-03-01,Prime Video,Filme,Tecnologia,Série Mistério,676324,72.3,366122,32234,4.19,4856966.17,12:00
2016,3,2016-03-01,Netflix,Série,Comédia,Série Mistério,1849408,8.4,99299,2198,4.62,2643026.6,18:00
2016,3,2016-03-01,Netflix,Música,Ação,Série Mistério,488490,60.1,118897,61269,1.31,899235.28,21:00
2016,3,2016-03-01,Spotify,Música,Tecnologia,Filme Solar,1329589,40.9,293889,20990,2.85,1437300.58,08:00
2016,3,2016-03-01,Spotify,Série,Pop,Filme Solar,816814,68.1,236119,106593,1.73,1949491.03,08:00
2016,3,2016-03-01,Prime Video,Música,Tecnologia,Filme Solar,112639,13.3,237363,171299,4.23,894227.77,08:00
2016,3,2016-03-01,Disney+,Música,Tecnologia,Filme Solar,120344,75.0,423747,194121,1.46,2488273.24,12:00
2016,3,2016-03-01,Prime Video,Filme,Comédia,Série Mistério,1654005,78.5,451933,174006,4.41,2796862.73,18:00
2016,3,2016-03-01,YouTube Music,Música,Pop,Filme Solar,1244710,87.1,211856,9341,1.68,3801222.76,12:00
2016,3,2016-03-01,Netflix,Podcast,Drama,Filme Solar,1556827,30.0,40444,148831,3.93,2185149.01,21:00
2016,3,2016-03-01,Spotify,Série,Comédia,Podcast Tech,89468,49.2,7260,146721,4.53,352085.44,18:00
2016,3,2016-03-01,Disney+,Música,Ação,Podcast Tech,1144770,40.8,268702,13964,3.77,2004154.31,12:00
2016,3,2016-03-01,Spotify,Filme,Tecnologia,Filme Solar,169910,77.2,308383,147185,1.67,2600772.04,18:00
2016,3,2016-03-01,Netflix,Série,Ação,Série Mistério,1905317,38.6,240815,98856,2.25,4932916.0,18:00
2016,3,2016-03-01,Disney+,Série,Ação,Série Mistério,1934113,59.8,384807,112186,1.43,3964009.15,18:00
2016,3,2016-03-01,Spotify,Música,Pop,Podcast Tech,270635,41.9,15923,40794,1.89,641340.97,21:00
2016,3,2016-03-01,Spotify,Podcast,Pop,Top Hits,1065926,42.7,469970,94173,2.82,2372607.21,18:00
2016,3,2016-03-01,Prime Video,Série,Pop,Podcast Tech,1986726,46.0,407585,68637,4.96,19535.47,08:00
2016,3,2016-03-01,Disney+,Música,Ação,Série Mistério,1556865,79.9,167340,160643,4.99,3729931.13,18:00
2016,3,2016-03-01,Disney+,Filme,Drama,Filme Solar,1214083,30.1,59734,43727,1.93,2569760.93,12:00
2016,3,2016-03-01,Spotify,Podcast,Drama,Podcast Tech,1370591,82.3,135724,175113,1.01,1511951.17,12:00
2016,3,2016-03-01,Spotify,Filme,Pop,Top Hits,1537203,63.7,462904,28688,2.54,1366600.45,21:00
2016,3,2016-03-01,Prime Video,Filme,Drama,Top Hits,1831791,6.9,299425,108796,2.22,4995497.98,12:00
2016,3,2016-03-01,Spotify,Série,Pop,Podcast Tech,885868,24.1,469972,64635,1.96,2584408.53,18:00
2016,3,2016-03-01,Disney+,Podcast,Drama,Top Hits,937030,33.9,140618,64341,2.97,957412.09,21:00
2016,4,2016-04-01,Disney+,Filme,Ação,Série Mistério,602590,12.3,416009,136112,2.25,3901711.21,12:00
2016,4,2016-04-01,Netflix,Música,Drama,Série Mistério,254876,43.1,113906,25611,2.53,2379884.09,12:00
2016,4,2016-04-01,YouTube Music,Série,Tecnologia,Filme Solar,869985,68.6,464627,42042,3.88,598039.45,12:00
2016,4,2016-04-01,Prime Video,Podcast,Tecnologia,Top Hits,569563,9.1,156553,197962,4.9,43235.75,12:00
2016,4,2016-04-01,Spotify,Série,Ação,Série Mistério,965117,64.6,368550,60753,1.08,1585155.51,12:00
2016,4,2016-04-01,Disney+,Música,Comédia,Top Hits,261737,39.4,215497,25120,4.71,4283845.23,08:00
2016,4,2016-04-01,Prime Video,Música,Pop,Filme Solar,65084,79.4,98223,83151,1.14,36216.85,08:00
2016,4,2016-04-01,Prime Video,Filme,Ação,Filme Solar,1407198,68.6,6618,34439,1.25,1369488.59,18:00
2016,4,2016-04-01,Disney+,Música,Ação,Podcast Tech,1269241,66.8,52286,185444,3.98,2029303.81,21:00
2016,4,2016-04-01,YouTube Music,Podcast,Pop,Podcast Tech,77865,82.3,319198,129032,3.32,1053287.12,21:00
2016,4,2016-04-01,Disney+,Podcast,Ação,Top Hits,714066,73.0,408198,184638,4.32,3873722.11,18:00
2016,4,2016-04-01,Disney+,Série,Comédia,Série Mistério,1032168,79.7,260986,113716,1.45,3622962.86,18:00
2016,4,2016-04-01,Netflix,Filme,Drama,Série Mistério,1703600,60.0,153719,190762,1.11,2819256.73,21:00
2016,4,2016-04-01,Prime Video,Filme,Drama,Podcast Tech,1299662,52.6,493369,113298,2.56,961439.36,12:00
2016,4,2016-04-01,Spotify,Filme,Ação,Série Mistério,290046,85.3,1277,193657,4.73,4947547.74,18:00
2016,4,2016-04-01,Disney+,Série,Drama,Série Mistério,1090321,33.1,430817,171423,3.41,4001868.39,18:00
2016,4,2016-04-01,Prime Video,Série,Pop,Filme Solar,969330,81.3,373406,109192,3.12,3086718.36,08:00
2016,4,2016-04-01,YouTube Music,Música,Tecnologia,Série Mistério,705357,16.0,410957,124585,3.52,4668328.06,08:00
2016,4,2016-04-01,Disney+,Série,Drama,Filme Solar,1603488,27.2,105627,94797,4.2,3621661.4,18:00
2016,4,2016-04-01,Spotify,Série,Tecnologia,Top Hits,803228,15.0,198244,159679,3.45,4125134.62,18:00
2016,4,2016-04-01,YouTube Music,Série,Pop,Série Mistério,1372468,57.7,387854,132891,1.47,2693417.35,08:00
2016,4,2016-04-01,YouTube Music,Filme,Pop,Série Mistério,74306,54.7,166466,96754,1.25,2017924.81,08:00
2016,4,2016-04-01,Disney+,Série,Ação,Série Mistério,1185789,64.3,97454,125457,4.92,16396.85,12:00
2016,4,2016-04-01,Disney+,Podcast,Comédia,Top Hits,1229593,37.2,321343,169608,1.53,2640196.37,21:00
2016,4,2016-04-01,Prime Video,Podcast,Tecnologia,Podcast Tech,1164180,10.8,219185,114118,1.45,3477029.89,12:00
2016,4,2016-04-01,Prime Video,Série,Tecnologia,Série Mistério,876899,52.6,327298,178171,2.68,4216313.15,12:00
2016,4,2016-04-01,Spotify,Série,Pop,Top Hits,807685,17.6,141603,192515,2.0,2651413.75,08:00
2016,4,2016-04-01,Disney+,Série,Pop,Filme Solar,981654,88.5,56614,86797,2.23,1972626.65,18:00
2016,4,2016-04-01,Netflix,Podcast,Pop,Podcast Tech,633674,37.6,271230,60434,2.1,3272213.22,08:00
2016,4,2016-04-01,Netflix,Podcast,Tecnologia,Podcast Tech,616025,84.2,330212,198434,1.66,4056942.99,18:00
2016,4,2016-04-01,YouTube Music,Filme,Pop,Filme Solar,1423113,81.6,428485,173863,2.08,2200969.84,08:00
2016,4,2016-04-01,Netflix,Série,Tecnologia,Top Hits,1528527,78.9,449121,156306,4.4,4654662.52,21:00
2016,4,2016-04-01,Netflix,Música,Pop,Filme Solar,1775302,31.0,401124,30167,2.51,1615774.01,18:00
2016,4,2016-04-01,Spotify,Filme,Tecnologia,Podcast Tech,78366,81.9,409681,40538,1.07,2070564.12,18:00
2016,4,2016-04-01,Spotify,Podcast,Drama,Filme Solar,1411979,20.5,470878,122304,4.24,4355728.51,12:00
2016,4,2016-04-01,Spotify,Filme,Pop,Top Hits,500897,33.8,179992,67877,3.77,4340550.89,08:00
2016,4,2016-04-01,Prime Video,Música,Ação,Série Mistério,660633,50.0,196630,145341,4.64,2157861.2,12:00
2016,5,2016-05-01,Prime Video,Série,Ação,Podcast Tech,1910470,18.2,78984,16683,4.44,2198443.92,08:00
2016,5,2016-05-01,YouTube Music,Podcast,Pop,Top Hits,540477,32.0,336192,96741,3.25,3632745.11,12:00
2016,5,2016-05-01,Prime Video,Série,Pop,Série Mistério,1639235,61.7,245644,55422,1.49,1231855.73,21:00
2016,5,2016-05-01,Spotify,Série,Ação,Série Mistério,617240,89.3,240136,2651,1.53,4957004.91,18:00
2016,5,2016-05-01,Spotify,Filme,Ação,Top Hits,707051,44.9,37702,135931,1.37,2836190.57,08:00
2016,5,2016-05-01,YouTube Music,Música,Drama,Top Hits,1849275,71.9,152129,121233,3.3,712752.84,12:00
2016,5,2016-05-01,Prime Video,Série,Comédia,Série Mistério,199629,88.2,346681,22300,4.77,2772999.85,12:00
2016,5,2016-05-01,Spotify,Série,Tecnologia,Podcast Tech,1468363,60.8,210019,141781,3.75,2923754.35,08:00
2016,5,2016-05-01,Prime Video,Música,Tecnologia,Filme Solar,427199,24.9,395148,73928,2.12,149439.97,08:00
2016,5,2016-05-01,Netflix,Podcast,Drama,Top Hits,1387661,30.5,377146,108037,3.31,1226657.81,12:00
2016,5,2016-05-01,Disney+,Música,Pop,Podcast Tech,405436,41.1,70199,153123,3.62,1293368.11,18:00
2016,5,2016-05-01,Netflix,Filme,Tecnologia,Podcast Tech,104326,78.5,303427,104480,1.64,2892411.44,12:00
2016,5,2016-05-01,Netflix,Série,Pop,Série Mistério,1224384,56.7,373071,7383,1.31,1862630.08,12:00
2016,5,2016-05-01,Prime Video,Música,Comédia,Série Mistério,1987531,47.1,278795,173120,4.8,3182230.98,12:00
2016,5,2016-05-01,Netflix,Podcast,Pop,Podcast Tech,1821684,87.6,194535,107736,4.04,2706108.86,21:00
2016,5,2016-05-01,Netflix,Filme,Comédia,Top Hits,135720,72.8,111050,138747,4.5,2030253.99,12:00
2016,5,2016-05-01,Spotify,Filme,Pop,Top Hits,1154846,18.6,155877,33077,2.19,2418611.43,12:00
2016,5,2016-05-01,Spotify,Filme,Pop,Série Mistério,1305721,60.6,480692,119645,3.56,1663514.07,18:00
2016,5,2016-05-01,YouTube Music,Música,Drama,Série Mistério,1151314,71.4,200586,4802,2.61,3952964.99,18:00
2016,5,2016-05-01,Spotify,Podcast,Comédia,Top Hits,664359,55.0,322071,182004,4.86,503589.26,08:00
2016,5,2016-05-01,Prime Video,Música,Comédia,Top Hits,1957819,25.4,287098,41238,4.64,2978413.77,18:00
2016,5,2016-05-01,Prime Video,Música,Ação,Série Mistério,1580896,18.8,410530,191447,1.72,1448324.63,08:00
2016,5,2016-05-01,YouTube Music,Filme,Ação,Podcast Tech,500622,24.0,91045,173199,1.37,4492473.31,12:00
2016,5,2016-05-01,Disney+,Podcast,Tecnologia,Podcast Tech,1836348,19.9,80664,39315,4.11,4848317.07,08:00
2016,5,2016-05-01,Prime Video,Podcast,Ação,Filme Solar,1502254,66.5,164263,88915,3.48,2775319.6,18:00
2016,5,2016-05-01,Disney+,Música,Tecnologia,Série Mistério,1595053,72.5,424366,61502,4.11,1015893.9,12:00
2016,5,2016-05-01,Spotify,Filme,Comédia,Série Mistério,1422582,5.8,92439,194838,3.51,4983380.22,18:00
2016,5,2016-05-01,Prime Video,Podcast,Pop,Top Hits,1317940,84.5,140556,107505,3.23,1958629.27,21:00
2016,5,2016-05-01,Netflix,Música,Ação,Top Hits,1521584,63.1,282220,89590,3.78,26283.6,08:00
2016,5,2016-05-01,Netflix,Filme,Drama,Top Hits,1713299,44.3,489983,22946,3.72,3163177.47,12:00
2016,5,2016-05-01,Netflix,Música,Ação,Série Mistério,1230509,10.6,57265,99520,3.74,2740954.69,12:00
2016,5,2016-05-01,Prime Video,Série,Pop,Podcast Tech,1624754,18.5,234604,81162,3.52,4901381.63,08:00
2016,5,2016-05-01,Spotify,Filme,Tecnologia,Filme Solar,1649745,32.8,10964,54705,2.33,1740349.44,21:00
2016,5,2016-05-01,Spotify,Série,Drama,Série Mistério,432680,16.9,295507,153150,1.63,1101438.37,12:00
2016,5,2016-05-01,Prime Video,Podcast,Comédia,Top Hits,1593015,68.0,466455,60317,1.6,3590521.39,21:00
2016,5,2016-05-01,Disney+,Série,Drama,Podcast Tech,1920019,83.7,113427,97877,3.4,671153.18,21:00
2016,5,2016-05-01,Disney+,Filme,Drama,Filme Solar,1888351,83.2,211090,142921,1.95,3446284.5,18:00
2016,6,2016-06-01,Spotify,Podcast,Comédia,Top Hits,663740,39.3,209763,1848,2.07,3024932.29,08:00
2016,6,2016-06-01,YouTube Music,Série,Drama,Filme Solar,1638449,50.7,433680,896,4.77,2290195.86,08:00
2016,6,2016-06-01,Prime Video,Podcast,Drama,Série Mistério,595286,54.0,9272,41772,3.32,4377172.29,18:00
2016,6,2016-06-01,Netflix,Música,Pop,Filme Solar,1382162,60.9,48370,79351,4.01,3472181.41,18:00
2016,6,2016-06-01,Netflix,Série,Ação,Podcast Tech,1287544,22.1,91896,49627,4.08,2491411.4,08:00
2016,6,2016-06-01,Prime Video,Podcast,Drama,Série Mistério,1724178,14.1,91160,57723,4.99,1091101.34,21:00
2016,6,2016-06-01,Prime Video,Podcast,Tecnologia,Filme Solar,199925,8.6,218621,25454,3.68,2780760.28,12:00
2016,6,2016-06-01,Prime Video,Série,Pop,Série Mistério,1889534,45.4,454394,32972,2.71,4786450.01,18:00
2016,6,2016-06-01,YouTube Music,Podcast,Comédia,Top Hits,759624,25.4,261035,12097,4.06,954717.25,12:00
2016,6,2016-06-01,Netflix,Podcast,Tecnologia,Podcast Tech,90951,38.9,42093,141134,4.74,2536324.38,21:00
2016,6,2016-06-01,YouTube Music,Podcast,Drama,Top Hits,1647259,43.5,381981,102501,1.12,4307560.15,12:00
2016,6,2016-06-01,Netflix,Podcast,Drama,Podcast Tech,1206602,15.2,293703,167938,2.6,2559368.68,21:00
2016,6,2016-06-01,Disney+,Música,Pop,Série Mistério,571756,24.7,23207,53299,1.12,543127.64,12:00
2016,6,2016-06-01,YouTube Music,Filme,Comédia,Podcast Tech,896201,87.4,317609,180602,1.44,2976004.02,21:00
2016,6,2016-06-01,Disney+,Música,Pop,Série Mistério,996707,17.1,291212,125454,2.01,4699675.93,08:00
2016,6,2016-06-01,Spotify,Podcast,Pop,Top Hits,1558159,88.9,364969,59842,3.5,1156475.24,18:00
2016,6,2016-06-01,Disney+,Filme,Ação,Filme Solar,1965699,83.9,341704,59936,1.63,717190.52,21:00
2016,6,2016-06-01,Prime Video,Filme,Comédia,Série Mistério,1120242,32.0,339805,17727,4.04,2353930.24,21:00
2016,6,2016-06-01,Disney+,Filme,Tecnologia,Podcast Tech,1863768,73.4,69425,162030,2.59,1428913.96,18:00
2016,6,2016-06-01,YouTube Music,Série,Tecnologia,Filme Solar,830172,40.3,253273,105818,2.01,3045721.64,12:00
2016,6,2016-06-01,YouTube Music,Filme,Tecnologia,Podcast Tech,1011193,33.5,138018,107093,3.37,3967556.19,21:00
2016,6,2016-06-01,Spotify,Série,Comédia,Série Mistério,1821445,83.8,58027,62737,2.0,3119560.83,12:00
2016,6,2016-06-01,Spotify,Música,Ação,Top Hits,1577980,37.8,17912,50993,4.37,698289.92,18:00
2016,6,2016-06-01,Spotify,Música,Drama,Top Hits,1530028,86.4,172803,4438,2.79,1294109.12,21:00
2016,6,2016-06-01,Disney+,Série,Pop,Filme Solar,34812,75.3,277488,32695,1.81,3394265.37,21:00
2016,6,2016-06-01,YouTube Music,Música,Comédia,Top Hits,1349981,66.1,26415,40021,3.34,2792514.22,21:00
2016,6,2016-06-01,Prime Video,Podcast,Comédia,Top Hits,551518,52.8,78586,179815,3.15,3635664.29,12:00
2016,6,2016-06-01,Prime Video,Série,Ação,Filme Solar,318423,67.5,5539,46555,1.64,1297586.3,18:00
2016,6,2016-06-01,Disney+,Filme,Drama,Podcast Tech,910460,89.2,126537,14719,2.14,915500.68,21:00
2016,6,2016-06-01,Spotify,Série,Ação,Top Hits,289345,19.9,16479,100498,1.75,3474941.38,21:00
2016,6,2016-06-01,Prime Video,Podcast,Ação,Série Mistério,888225,64.0,156570,112643,3.22,597932.61,21:00
2016,6,2016-06-01,Disney+,Série,Drama,Top Hits,99988,7.7,457170,149000,2.34,368684.74,21:00
2016,6,2016-06-01,Prime Video,Série,Comédia,Série Mistério,528810,8.8,232327,76651,3.42,4103021.45,21:00
2016,6,2016-06-01,Disney+,Música,Comédia,Top Hits,1812341,21.3,228792,166814,4.18,156584.39,18:00
2016,6,2016-06-01,YouTube Music,Série,Comédia,Filme Solar,956122,27.6,382665,64865,2.33,834321.52,18:00
2016,6,2016-06-01,Spotify,Podcast,Comédia,Série Mistério,898456,39.7,146951,81503,3.64,4712266.13,21:00
2016,6,2016-06-01,Netflix,Série,Pop,Top Hits,1861962,86.3,462209,191626,1.9,2511622.96,12:00
2016,7,2016-07-01,YouTube Music,Música,Drama,Top Hits,1793952,39.7,1657,168798,3.54,3924075.72,12:00
2016,7,2016-07-01,Prime Video,Série,Pop,Série Mistério,1588441,61.0,330998,159273,4.1,1192428.19,18:00
2016,7,2016-07-01,Netflix,Podcast,Comédia,Filme Solar,1920413,13.1,87575,100401,2.49,4079315.95,08:00
2016,7,2016-07-01,Spotify,Filme,Comédia,Podcast Tech,1500246,18.8,146620,43695,2.97,1286443.81,08:00
2016,7,2016-07-01,Spotify,Série,Drama,Série Mistério,1825123,15.7,289377,37542,3.96,2389079.6,18:00
2016,7,2016-07-01,Disney+,Filme,Pop,Filme Solar,1246735,46.9,236982,657,4.32,1993880.6,21:00
2016,7,2016-07-01,Spotify,Série,Tecnologia,Podcast Tech,460178,26.0,394798,163795,1.81,1863045.18,18:00
2016,7,2016-07-01,Prime Video,Filme,Pop,Filme Solar,563674,18.2,267961,112053,1.92,923222.52,21:00
2016,7,2016-07-01,Disney+,Série,Pop,Top Hits,1926030,26.6,250935,125054,4.43,1472289.03,08:00
2016,7,2016-07-01,Prime Video,Podcast,Tecnologia,Série Mistério,801951,33.6,45551,92946,3.51,3407351.75,12:00
2016,7,2016-07-01,Disney+,Filme,Pop,Série Mistério,1241343,7.8,497678,40859,1.12,1895288.99,21:00
2016,7,2016-07-01,Spotify,Podcast,Comédia,Podcast Tech,141545,31.9,484359,171770,3.34,4991874.76,12:00
2016,7,2016-07-01,Disney+,Música,Pop,Top Hits,161483,11.7,351450,154833,2.88,3430433.89,12:00
2016,7,2016-07-01,Netflix,Podcast,Pop,Podcast Tech,406147,80.8,282655,52088,3.68,2173756.93,21:00
2016,7,2016-07-01,YouTube Music,Filme,Comédia,Podcast Tech,456764,68.3,175820,65056,4.68,3419368.83,12:00
2016,7,2016-07-01,Prime Video,Música,Drama,Filme Solar,738260,43.9,56589,4490,1.75,2280865.83,08:00
2016,7,2016-07-01,Disney+,Série,Drama,Podcast Tech,390643,34.0,4412,196816,4.55,1517620.58,18:00
2016,7,2016-07-01,Spotify,Música,Ação,Podcast Tech,779725,75.7,287542,144360,2.47,4977762.75,18:00
2016,7,2016-07-01,YouTube Music,Música,Drama,Top Hits,439595,41.0,100231,22270,3.75,2484941.14,21:00
2016,7,2016-07-01,Spotify,Podcast,Pop,Podcast Tech,1654154,8.3,446345,155674,3.18,3794848.6,21:00
2016,7,2016-07-01,Spotify,Podcast,Drama,Top Hits,641927,81.0,317464,165149,4.2,2257750.86,12:00
2016,7,2016-07-01,Disney+,Música,Drama,Série Mistério,1269177,39.4,304528,37506,4.12,4060914.98,21:00
2016,7,2016-07-01,Spotify,Música,Ação,Série Mistério,96472,10.0,324360,158565,4.2,4806900.08,18:00
2016,7,2016-07-01,Spotify,Filme,Comédia,Top Hits,69473,10.7,173273,21770,1.8,587706.71,18:00
2016,7,2016-07-01,YouTube Music,Podcast,Drama,Top Hits,354631,38.0,254201,152655,1.11,3864535.55,12:00
2016,7,2016-07-01,Disney+,Série,Drama,Série Mistério,1947415,66.8,32615,100052,4.56,3679022.78,18:00
2016,7,2016-07-01,Disney+,Série,Ação,Série Mistério,1520367,71.1,443083,144839,4.84,750948.45,12:00
2016,7,2016-07-01,Disney+,Série,Comédia,Série Mistério,398097,77.0,199630,83869,1.14,2345248.46,12:00
2016,7,2016-07-01,Netflix,Música,Pop,Top Hits,1875443,88.0,451109,164558,3.17,3071413.83,08:00
2016,7,2016-07-01,YouTube Music,Música,Comédia,Top Hits,872491,87.4,13736,198955,4.64,4954236.88,08:00
2016,7,2016-07-01,Prime Video,Série,Pop,Top Hits,1110996,27.8,96233,119799,3.36,3102808.35,08:00
2016,7,2016-07-01,Prime Video,Filme,Drama,Top Hits,632135,20.0,334469,108805,2.53,4881648.56,18:00
2016,7,2016-07-01,YouTube Music,Série,Comédia,Top Hits,201512,36.9,339673,93542,1.38,2787139.28,12:00
2016,7,2016-07-01,YouTube Music,Série,Pop,Série Mistério,1015734,19.1,48453,79840,4.71,4365548.03,08:00
2016,7,2016-07-01,Netflix,Filme,Drama,Série Mistério,1453665,39.1,442539,57789,4.69,4394498.65,08:00
2016,7,2016-07-01,YouTube Music,Música,Drama,Série Mistério,414951,39.4,173470,127423,4.78,4270278.84,21:00
2016,7,2016-07-01,Netflix,Música,Pop,Série Mistério,794192,9.0,19112,114315,4.6,3196340.9,12:00
2016,8,2016-08-01,Prime Video,Série,Comédia,Filme Solar,540490,77.0,288632,17440,1.07,731069.39,08:00
2016,8,2016-08-01,Prime Video,Podcast,Pop,Podcast Tech,1993333,26.3,465191,25240,4.63,780540.31,12:00
2016,8,2016-08-01,YouTube Music,Música,Drama,Top Hits,243709,33.9,265308,117672,3.0,4196312.47,08:00
2016,8,2016-08-01,Prime Video,Música,Comédia,Série Mistério,1855615,55.5,350615,123979,4.9,41088.35,18:00
2016,8,2016-08-01,Spotify,Filme,Drama,Top Hits,1384604,72.6,124844,128299,2.51,4647403.92,21:00
2016,8,2016-08-01,Prime Video,Música,Tecnologia,Top Hits,1818536,54.4,390308,148674,4.79,3602887.32,21:00
2016,8,2016-08-01,Spotify,Filme,Comédia,Filme Solar,1049007,30.1,51658,133732,2.75,2194922.15,12:00
2016,8,2016-08-01,Spotify,Série,Comédia,Podcast Tech,394150,67.5,68379,145984,2.85,2681663.04,18:00
2016,8,2016-08-01,Spotify,Música,Tecnologia,Série Mistério,185056,32.7,138340,137997,1.34,4330703.95,08:00
2016,8,2016-08-01,Disney+,Música,Comédia,Filme Solar,918764,46.4,256141,118255,3.12,1380617.44,18:00
2016,8,2016-08-01,Prime Video,Filme,Pop,Filme Solar,432472,43.9,149287,14820,4.16,1736293.81,21:00
2016,8,2016-08-01,Spotify,Podcast,Drama,Filme Solar,1975790,20.3,423089,159244,1.32,2737061.41,12:00
2016,8,2016-08-01,Prime Video,Podcast,Ação,Top Hits,1953830,6.9,296044,154318,3.9,4387454.75,12:00
2016,8,2016-08-01,Disney+,Filme,Pop,Top Hits,561055,78.3,154830,172355,4.6,2694069.95,08:00
2016,8,2016-08-01,Netflix,Podcast,Drama,Podcast Tech,311839,28.9,129093,114235,3.69,2091890.51,12:00
2016,8,2016-08-01,YouTube Music,Série,Tecnologia,Série Mistério,547325,45.7,53527,57193,1.02,3008864.2,21:00
2016,8,2016-08-01,YouTube Music,Série,Tecnologia,Podcast Tech,1287432,56.9,63480,149280,1.48,1349840.91,08:00
2016,8,2016-08-01,YouTube Music,Série,Drama,Filme Solar,218832,29.6,24415,11920,3.5,3939547.9,21:00
2016,8,2016-08-01,Netflix,Podcast,Drama,Série Mistério,1826330,80.2,404721,197706,1.11,2041942.01,12:00
2016,8,2016-08-01,YouTube Music,Filme,Tecnologia,Filme Solar,955011,73.9,410825,65248,1.72,2369315.35,08:00
2016,8,2016-08-01,YouTube Music,Filme,Tecnologia,Filme Solar,1423558,49.4,193207,123114,2.49,4803951.7,21:00
2016,8,2016-08-01,Prime Video,Filme,Tecnologia,Podcast Tech,699840,13.3,434014,171545,4.63,1036784.98,08:00
2016,8,2016-08-01,YouTube Music,Série,Ação,Top Hits,312208,21.8,243036,136796,2.46,2774119.28,12:00
2016,8,2016-08-01,Prime Video,Filme,Tecnologia,Top Hits,272432,9.3,434989,117897,1.37,1628803.89,18:00
2016,8,2016-08-01,YouTube Music,Música,Pop,Top Hits,1628969,38.7,415299,154748,2.45,3544286.7,21:00
2016,8,2016-08-01,Prime Video,Música,Pop,Podcast Tech,515662,19.6,431135,186675,4.74,3608012.25,18:00
2016,8,2016-08-01,Disney+,Filme,Pop,Série Mistério,1942415,81.1,147703,41927,1.8,619226.67,08:00
2016,8,2016-08-01,Prime Video,Filme,Ação,Podcast Tech,932507,22.6,392945,126252,1.08,1639929.99,12:00
2016,8,2016-08-01,YouTube Music,Música,Comédia,Filme Solar,385935,6.4,310248,141359,2.8,4512977.48,08:00
2016,8,2016-08-01,Spotify,Filme,Comédia,Top Hits,808237,25.0,418456,88051,4.99,2345143.14,21:00
2016,8,2016-08-01,YouTube Music,Podcast,Tecnologia,Top Hits,84461,78.7,95287,4912,2.76,1417491.98,21:00
2016,8,2016-08-01,Spotify,Podcast,Tecnologia,Top Hits,1751727,19.0,53504,89421,2.12,2885370.05,18:00
2016,8,2016-08-01,YouTube Music,Filme,Ação,Podcast Tech,811587,72.5,443850,161309,4.53,4211344.03,12:00
2016,8,2016-08-01,YouTube Music,Música,Tecnologia,Filme Solar,53720,21.0,246183,127959,3.4,3854785.14,12:00
2016,8,2016-08-01,Disney+,Filme,Comédia,Filme Solar,1524258,14.7,246114,98657,3.94,4144947.27,08:00
2016,8,2016-08-01,Disney+,Música,Ação,Série Mistério,555358,17.5,59361,46798,4.58,1268847.23,21:00
2016,8,2016-08-01,YouTube Music,Podcast,Pop,Série Mistério,1081426,48.6,209817,79012,1.17,458789.67,21:00
2016,9,2016-09-01,Disney+,Série,Drama,Top Hits,1495237,58.6,348059,165454,1.97,3556284.36,12:00
2016,9,2016-09-01,Netflix,Música,Comédia,Podcast Tech,1436937,74.8,21814,189963,3.67,3752849.17,21:00
2016,9,2016-09-01,Spotify,Podcast,Pop,Podcast Tech,1960773,39.8,47385,93832,3.54,1013254.46,21:00
2016,9,2016-09-01,YouTube Music,Podcast,Comédia,Filme Solar,1322210,80.0,356693,166274,4.17,198900.89,18:00
2016,9,2016-09-01,Prime Video,Podcast,Tecnologia,Top Hits,1526465,11.2,396967,152790,4.71,52884.79,08:00
2016,9,2016-09-01,YouTube Music,Filme,Ação,Série Mistério,810863,29.7,108318,11821,3.37,3028191.01,18:00
2016,9,2016-09-01,Spotify,Filme,Comédia,Podcast Tech,808427,37.2,188086,87754,4.54,2488963.19,21:00
2016,9,2016-09-01,Spotify,Podcast,Comédia,Podcast Tech,1650855,27.3,50518,123746,2.47,3503596.91,21:00
2016,9,2016-09-01,Spotify,Série,Drama,Série Mistério,860742,27.8,70971,106889,3.91,1648065.7,08:00
2016,9,2016-09-01,Spotify,Série,Pop,Série Mistério,1851709,37.7,366615,38418,4.07,2707271.55,12:00
2016,9,2016-09-01,Prime Video,Música,Comédia,Top Hits,1078026,26.6,69605,109966,4.13,767687.0,08:00
2016,9,2016-09-01,Disney+,Série,Drama,Top Hits,40144,44.4,423911,21096,2.83,4600419.86,21:00
2016,9,2016-09-01,Netflix,Podcast,Comédia,Podcast Tech,70773,77.9,49557,44897,1.42,4463662.21,12:00
2016,9,2016-09-01,Disney+,Filme,Drama,Podcast Tech,1828740,23.8,27502,23430,4.14,974976.78,08:00
2016,9,2016-09-01,Disney+,Série,Tecnologia,Top Hits,157265,56.9,233682,17277,1.86,2926686.78,12:00
2016,9,2016-09-01,YouTube Music,Filme,Drama,Filme Solar,1077124,30.9,178435,189949,2.48,1984961.95,18:00
2016,9,2016-09-01,Spotify,Série,Ação,Filme Solar,1449368,83.4,356157,138352,2.6,1976409.3,18:00
2016,9,2016-09-01,Prime Video,Série,Drama,Podcast Tech,431933,82.8,387704,28923,1.62,233559.3,08:00
2016,9,2016-09-01,Disney+,Música,Ação,Filme Solar,1637932,28.4,371568,30912,3.63,651233.18,12:00
2016,9,2016-09-01,Disney+,Podcast,Ação,Série Mistério,82309,59.2,316690,41936,3.79,3328484.9,21:00
2016,9,2016-09-01,Prime Video,Série,Pop,Série Mistério,321140,66.7,129385,59106,4.86,95005.55,08:00
2016,9,2016-09-01,Disney+,Podcast,Ação,Filme Solar,60336,40.6,40176,100221,4.33,3883075.09,08:00
2016,9,2016-09-01,YouTube Music,Série,Pop,Top Hits,266415,71.2,131709,30478,1.39,4490241.61,21:00
2016,9,2016-09-01,Prime Video,Série,Pop,Podcast Tech,1306813,39.8,45395,115053,4.46,843404.86,18:00
2016,9,2016-09-01,YouTube Music,Série,Ação,Filme Solar,551553,24.5,400955,163559,3.04,3732153.31,18:00
2016,9,2016-09-01,Netflix,Podcast,Pop,Top Hits,1715947,70.8,483403,30210,2.45,3762366.77,08:00
2016,9,2016-09-01,Prime Video,Música,Pop,Podcast Tech,754805,81.2,94088,193752,3.32,314165.94,18:00
2016,9,2016-09-01,Prime Video,Filme,Comédia,Top Hits,891740,13.5,3947,86601,1.58,1699021.18,12:00
2016,9,2016-09-01,Netflix,Música,Ação,Série Mistério,935316,39.1,335394,120269,3.7,1574723.6,08:00
2016,9,2016-09-01,Spotify,Série,Ação,Podcast Tech,191669,28.2,197588,127219,4.34,391997.63,18:00
2016,9,2016-09-01,Prime Video,Filme,Comédia,Podcast Tech,468015,30.2,378624,26275,3.9,4173288.0,08:00
2016,9,2016-09-01,Disney+,Música,Drama,Filme Solar,1052245,22.3,353739,9036,1.67,1643637.22,12:00
2016,9,2016-09-01,Spotify,Série,Comédia,Podcast Tech,1773313,22.4,1243,84983,1.38,1805601.19,21:00
2016,9,2016-09-01,Spotify,Filme,Tecnologia,Série Mistério,936339,58.6,268464,193159,2.34,3428891.02,12:00
2016,9,2016-09-01,Netflix,Música,Drama,Filme Solar,926408,5.7,483287,103263,2.41,3756687.78,08:00
2016,9,2016-09-01,Disney+,Podcast,Drama,Top Hits,381064,16.8,465431,101165,3.32,1928344.4,18:00
2016,9,2016-09-01,YouTube Music,Filme,Tecnologia,Top Hits,1616592,16.5,359550,90894,1.2,3381920.28,18:00
2016,10,2016-10-01,Disney+,Música,Ação,Top Hits,1432970,65.8,224935,10750,2.42,823932.75,08:00
2016,10,2016-10-01,Spotify,Filme,Drama,Filme Solar,1835665,69.5,60711,179477,4.11,1194807.42,18:00
2016,10,2016-10-01,Netflix,Filme,Comédia,Top Hits,203419,10.1,177880,179008,2.74,2054558.1,12:00
2016,10,2016-10-01,Prime Video,Série,Pop,Top Hits,1861115,20.3,337822,124675,1.81,2440672.19,18:00
2016,10,2016-10-01,Netflix,Filme,Ação,Série Mistério,574797,76.2,220339,163168,3.72,181223.77,12:00
2016,10,2016-10-01,Spotify,Série,Drama,Podcast Tech,953161,26.2,480765,169737,4.98,1814440.99,21:00
2016,10,2016-10-01,Netflix,Série,Comédia,Filme Solar,1677936,85.2,349236,22544,4.88,3654175.56,12:00
2016,10,2016-10-01,Prime Video,Podcast,Tecnologia,Podcast Tech,1923341,18.0,137297,186838,2.27,819384.37,21:00
2016,10,2016-10-01,Prime Video,Podcast,Pop,Série Mistério,1765186,64.1,19851,24913,1.17,2827358.07,21:00
2016,10,2016-10-01,YouTube Music,Filme,Pop,Top Hits,986787,68.5,25129,33121,2.09,893236.36,08:00
2016,10,2016-10-01,Spotify,Música,Pop,Filme Solar,797474,60.0,267133,43439,4.35,1741184.59,08:00
2016,10,2016-10-01,Disney+,Série,Ação,Série Mistério,1686266,85.4,460916,95632,1.63,602914.99,21:00
2016,10,2016-10-01,Disney+,Filme,Drama,Top Hits,661259,43.4,128545,45057,2.96,3706680.53,12:00
2016,10,2016-10-01,Netflix,Podcast,Pop,Filme Solar,1882615,45.9,254216,190090,1.9,2321575.84,21:00
2016,10,2016-10-01,Prime Video,Podcast,Tecnologia,Top Hits,83765,59.7,174912,33616,2.14,1370889.86,08:00
2016,10,2016-10-01,Spotify,Série,Pop,Filme Solar,1394249,63.7,455538,137343,4.36,4975889.05,12:00
2016,10,2016-10-01,Spotify,Filme,Comédia,Podcast Tech,1661771,13.1,130205,67954,1.65,2709474.19,08:00
2016,10,2016-10-01,Prime Video,Música,Comédia,Filme Solar,1075383,10.5,288001,100640,3.85,2266901.57,08:00
2016,10,2016-10-01,Netflix,Filme,Comédia,Série Mistério,1716989,55.4,365548,9696,2.94,1800375.17,12:00
2016,10,2016-10-01,Disney+,Música,Comédia,Filme Solar,770347,50.5,156073,140265,1.33,2179624.98,12:00
2016,10,2016-10-01,Disney+,Podcast,Ação,Top Hits,1492622,84.7,4782,175489,2.02,1877608.33,21:00
2016,10,2016-10-01,YouTube Music,Música,Drama,Top Hits,1149763,74.0,72951,151383,2.35,4327889.41,12:00
2016,10,2016-10-01,Netflix,Música,Drama,Filme Solar,984244,74.9,144523,21659,4.5,3872010.03,12:00
2016,10,2016-10-01,YouTube Music,Filme,Pop,Série Mistério,375279,81.0,193193,81214,2.06,3518184.24,21:00
2016,10,2016-10-01,Disney+,Série,Drama,Série Mistério,1939518,32.6,64904,151447,2.59,4885065.27,18:00
2016,10,2016-10-01,Prime Video,Série,Comédia,Top Hits,93825,76.5,150964,22836,1.83,1119535.5,08:00
2016,10,2016-10-01,Spotify,Música,Comédia,Série Mistério,1748675,63.3,96316,63035,2.32,1195728.34,21:00
2016,10,2016-10-01,Disney+,Série,Comédia,Top Hits,1836962,31.0,99121,161014,3.98,3349982.73,18:00
2016,10,2016-10-01,YouTube Music,Série,Pop,Filme Solar,443826,45.4,91661,194509,1.87,159502.99,08:00
2016,10,2016-10-01,Prime Video,Série,Comédia,Top Hits,417548,15.6,369034,87496,2.64,1044404.76,18:00
2016,10,2016-10-01,Netflix,Podcast,Comédia,Filme Solar,248617,41.2,299885,62902,2.62,3514995.02,08:00
2016,10,2016-10-01,Spotify,Série,Pop,Podcast Tech,1499201,83.2,437298,168793,2.4,4643391.9,08:00
2016,10,2016-10-01,Spotify,Podcast,Pop,Série Mistério,1840840,57.5,295004,143123,2.37,3893225.84,21:00
2016,10,2016-10-01,Disney+,Série,Tecnologia,Filme Solar,1881815,54.0,403627,59754,3.34,1056146.64,12:00
2016,10,2016-10-01,Netflix,Filme,Tecnologia,Podcast Tech,1617892,20.6,293419,181558,2.48,526711.49,12:00
2016,10,2016-10-01,YouTube Music,Música,Comédia,Filme Solar,1096052,55.9,348805,5548,1.32,309497.27,08:00
2016,10,2016-10-01,Prime Video,Podcast,Ação,Filme Solar,1408240,33.4,120584,65442,1.46,4571884.81,08:00
2016,11,2016-11-01,Spotify,Música,Pop,Top Hits,742104,8.8,414422,155547,4.33,3527181.01,18:00
2016,11,2016-11-01,Disney+,Filme,Pop,Série Mistério,736303,58.3,27875,75619,3.2,4993604.88,12:00
2016,11,2016-11-01,Netflix,Podcast,Drama,Podcast Tech,1096192,5.7,25321,159150,4.77,1778235.49,18:00
2016,11,2016-11-01,Netflix,Série,Pop,Top Hits,607850,5.6,196122,139854,2.08,2197353.47,12:00
2016,11,2016-11-01,Netflix,Música,Tecnologia,Série Mistério,1158845,54.4,240719,143127,3.46,3374741.18,12:00
2016,11,2016-11-01,Netflix,Podcast,Tecnologia,Filme Solar,1132272,75.1,459734,7710,1.6,4594004.25,08:00
2016,11,2016-11-01,Netflix,Podcast,Drama,Top Hits,228550,68.0,451683,9666,4.85,3536720.97,08:00
2016,11,2016-11-01,YouTube Music,Música,Ação,Podcast Tech,865014,54.6,197092,96737,2.88,3026365.47,21:00
2016,11,2016-11-01,YouTube Music,Podcast,Comédia,Série Mistério,384982,87.4,294682,112824,3.63,4560888.52,21:00
2016,11,2016-11-01,Spotify,Filme,Tecnologia,Filme Solar,51353,28.6,81962,193540,4.25,2738158.49,21:00
2016,11,2016-11-01,Netflix,Podcast,Comédia,Podcast Tech,995428,41.9,59402,164465,2.57,277588.7,18:00
2016,11,2016-11-01,Disney+,Podcast,Tecnologia,Top Hits,825688,89.8,387058,97354,3.39,3358623.02,18:00
2016,11,2016-11-01,Spotify,Podcast,Ação,Filme Solar,755659,67.6,132460,46669,2.63,1435189.8,18:00
2016,11,2016-11-01,Spotify,Podcast,Drama,Série Mistério,778975,8.8,27312,38878,3.66,2978741.42,08:00
2016,11,2016-11-01,Prime Video,Série,Comédia,Série Mistério,1024847,18.5,354376,178178,3.39,1942949.37,21:00
2016,11,2016-11-01,Spotify,Música,Tecnologia,Série Mistério,231501,28.3,89186,84553,2.8,3644742.17,08:00
2016,11,2016-11-01,Prime Video,Série,Pop,Top Hits,1356019,45.0,455925,149746,2.24,4959633.05,08:00
2016,11,2016-11-01,Spotify,Podcast,Drama,Top Hits,1243195,43.9,480260,190098,1.34,3828596.38,18:00
2016,11,2016-11-01,Netflix,Podcast,Drama,Filme Solar,1102737,69.9,32202,156113,2.82,2946294.63,21:00
2016,11,2016-11-01,Disney+,Podcast,Drama,Top Hits,1165083,45.3,365381,407,4.46,3482085.33,18:00
2016,11,2016-11-01,YouTube Music,Música,Comédia,Top Hits,1016792,24.0,172373,84052,3.79,2246840.87,18:00
2016,11,2016-11-01,Disney+,Filme,Ação,Top Hits,1705313,50.6,498635,44630,1.41,3613741.82,08:00
2016,11,2016-11-01,Netflix,Filme,Drama,Top Hits,1617076,80.7,140078,33502,4.36,3722427.21,12:00
2016,11,2016-11-01,Disney+,Música,Drama,Top Hits,808307,37.6,368179,118101,3.53,2588485.92,21:00
2016,11,2016-11-01,Spotify,Série,Comédia,Filme Solar,1475953,25.8,321938,176081,2.36,2593717.27,12:00
2016,11,2016-11-01,Disney+,Filme,Drama,Podcast Tech,892789,68.2,292997,127301,4.93,648334.25,18:00
2016,11,2016-11-01,Prime Video,Música,Pop,Podcast Tech,1565459,69.0,428472,7824,3.6,4608247.32,12:00
2016,11,2016-11-01,Disney+,Podcast,Pop,Top Hits,1295942,19.3,470546,193062,4.3,3804499.4,08:00
2016,11,2016-11-01,Disney+,Série,Ação,Top Hits,851940,7.6,76128,170436,1.63,3760445.18,21:00
2016,11,2016-11-01,Disney+,Música,Comédia,Filme Solar,1415508,19.4,129548,167116,4.3,1977824.24,18:00
2016,11,2016-11-01,Prime Video,Música,Tecnologia,Filme Solar,1367503,79.8,136218,135864,3.94,4888052.44,08:00
2016,11,2016-11-01,Spotify,Série,Tecnologia,Podcast Tech,427678,62.2,411655,2315,3.71,1282819.38,21:00
2016,11,2016-11-01,Spotify,Música,Drama,Top Hits,1483490,16.3,71244,187637,1.32,4949657.45,18:00
2016,11,2016-11-01,Netflix,Filme,Pop,Série Mistério,1403626,89.7,244117,100097,4.97,2642294.58,08:00
2016,11,2016-11-01,YouTube Music,Filme,Tecnologia,Podcast Tech,1429733,65.9,19048,87704,2.38,2619199.94,21:00
2016,11,2016-11-01,YouTube Music,Série,Comédia,Top Hits,104417,67.7,419502,4722,2.98,2188537.78,12:00
2016,11,2016-11-01,Prime Video,Série,Pop,Filme Solar,973128,39.1,64709,179425,3.79,3695008.04,18:00
2016,12,2016-12-01,YouTube Music,Música,Tecnologia,Podcast Tech,1118069,88.3,345611,16991,3.92,3478067.07,08:00
2016,12,2016-12-01,Spotify,Podcast,Pop,Top Hits,777654,43.2,287412,166773,1.33,2309493.81,12:00
2016,12,2016-12-01,YouTube Music,Série,Tecnologia,Top Hits,1858486,82.2,427455,13151,4.03,3541927.57,12:00
2016,12,2016-12-01,YouTube Music,Podcast,Comédia,Podcast Tech,1884649,73.1,334525,83524,2.78,484631.38,08:00
2016,12,2016-12-01,Netflix,Série,Ação,Top Hits,919812,84.8,323339,32281,2.32,3231972.43,21:00
2016,12,2016-12-01,Prime Video,Música,Ação,Filme Solar,1403084,87.5,301391,39802,3.67,3475131.68,12:00
2016,12,2016-12-01,Netflix,Música,Drama,Top Hits,215744,27.2,305710,145878,1.53,2504393.31,18:00
2016,12,2016-12-01,Spotify,Filme,Pop,Série Mistério,410551,21.9,165532,67500,4.14,4374056.22,21:00
2016,12,2016-12-01,YouTube Music,Série,Tecnologia,Filme Solar,1718838,53.6,369075,76083,2.17,242270.06,12:00
2016,12,2016-12-01,YouTube Music,Música,Pop,Série Mistério,543071,38.2,306811,195816,1.71,609955.04,18:00
2016,12,2016-12-01,Netflix,Série,Tecnologia,Top Hits,1875359,53.1,224269,126511,3.39,2017569.6,12:00
2016,12,2016-12-01,Prime Video,Série,Pop,Top Hits,1143327,50.9,219561,2768,3.43,2353364.67,12:00
2016,12,2016-12-01,Spotify,Série,Tecnologia,Série Mistério,1333958,8.1,194520,103677,3.67,1198830.32,08:00
2016,12,2016-12-01,YouTube Music,Filme,Tecnologia,Filme Solar,213543,64.5,249335,11692,2.77,907855.78,18:00
2016,12,2016-12-01,Netflix,Música,Comédia,Filme Solar,1281882,63.9,325304,190112,2.2,3000284.88,08:00
2016,12,2016-12-01,Netflix,Filme,Pop,Filme Solar,1172975,12.6,29000,121594,4.05,3207482.83,18:00
2016,12,2016-12-01,YouTube Music,Podcast,Comédia,Série Mistério,1673777,59.6,97703,32099,1.17,571737.86,12:00
2016,12,2016-12-01,Disney+,Podcast,Tecnologia,Série Mistério,51624,90.0,229085,123872,2.47,939232.04,21:00
2016,12,2016-12-01,Prime Video,Podcast,Tecnologia,Filme Solar,1340832,29.5,105213,112619,3.32,1530449.13,21:00
2016,12,2016-12-01,Disney+,Música,Pop,Podcast Tech,910722,81.9,483575,49448,3.86,4724193.61,18:00
2016,12,2016-12-01,Netflix,Música,Comédia,Top Hits,1799077,20.9,128895,23366,2.17,2437104.97,08:00
2016,12,2016-12-01,Netflix,Podcast,Ação,Podcast Tech,773845,75.5,451528,66155,4.33,2424173.75,18:00
2016,12,2016-12-01,Spotify,Filme,Drama,Podcast Tech,503550,17.6,46064,72327,4.49,4174949.68,18:00
2016,12,2016-12-01,Netflix,Podcast,Pop,Série Mistério,608598,37.1,133906,146545,1.92,4409063.85,12:00
2016,12,2016-12-01,Disney+,Filme,Tecnologia,Podcast Tech,103819,79.9,132114,162629,2.56,175359.35,12:00
2016,12,2016-12-01,Disney+,Música,Comédia,Série Mistério,1426684,87.7,201700,28510,2.13,2981363.81,18:00
2016,12,2016-12-01,Spotify,Filme,Drama,Filme Solar,98478,16.4,41327,133065,3.78,713018.55,08:00
2016,12,2016-12-01,Disney+,Podcast,Tecnologia,Filme Solar,891799,40.6,345443,37362,4.73,2679701.29,18:00
2016,12,2016-12-01,Spotify,Série,Drama,Top Hits,1811546,51.8,225959,132290,4.99,232338.79,12:00
2016,12,2016-12-01,Netflix,Filme,Tecnologia,Filme Solar,1615637,35.7,365919,188976,3.25,601043.26,12:00
2016,12,2016-12-01,YouTube Music,Podcast,Pop,Podcast Tech,1119331,56.2,225661,149203,3.55,1396083.18,12:00
2016,12,2016-12-01,Disney+,Série,Comédia,Top Hits,194430,88.7,293219,198885,2.9,4428372.7,18:00
2016,12,2016-12-01,Prime Video,Música,Pop,Filme Solar,248088,32.8,399221,170411,3.15,4652822.35,08:00
2016,12,2016-12-01,Netflix,Filme,Drama,Top Hits,346965,79.7,291790,185310,2.21,324420.7,08:00
2016,12,2016-12-01,YouTube Music,Filme,Pop,Filme Solar,1838134,7.5,258542,121782,1.71,1407037.15,08:00
2016,12,2016-12-01,Netflix,Filme,Ação,Podcast Tech,761808,81.2,408058,9596,2.87,4069536.87,12:00
2016,12,2016-12-01,Netflix,Filme,Comédia,Top Hits,590685,12.8,138259,17039,1.4,2867282.23,12:00
2017,1,2017-01-01,Disney+,Música,Pop,Filme Solar,438507,32.1,167195,46859,4.24,3323647.68,21:00
2017,1,2017-01-01,YouTube Music,Podcast,Comédia,Podcast Tech,984034,42.2,250900,35953,4.71,4715877.23,12:00
2017,1,2017-01-01,Netflix,Podcast,Tecnologia,Top Hits,1484816,65.4,270154,2590,2.14,2393538.32,18:00
2017,1,2017-01-01,Netflix,Podcast,Comédia,Filme Solar,833089,68.0,164902,42450,4.69,2781861.97,12:00
2017,1,2017-01-01,YouTube Music,Série,Drama,Top Hits,1815370,55.1,211270,175797,1.96,1263756.75,08:00
2017,1,2017-01-01,YouTube Music,Música,Comédia,Série Mistério,591215,41.9,43679,130782,1.38,2656561.9,12:00
2017,1,2017-01-01,YouTube Music,Série,Pop,Podcast Tech,922509,69.2,406327,41171,4.85,318634.87,21:00
2017,1,2017-01-01,Disney+,Filme,Pop,Podcast Tech,1648820,73.6,361225,79069,2.33,1519527.85,21:00
2017,1,2017-01-01,Disney+,Série,Tecnologia,Série Mistério,257324,18.2,113083,133300,4.29,4961808.51,12:00
2017,1,2017-01-01,Disney+,Série,Comédia,Top Hits,1917872,13.9,390397,3334,2.12,4990836.91,21:00
2017,1,2017-01-01,YouTube Music,Música,Drama,Filme Solar,1966172,89.3,56870,59937,3.25,3242735.07,18:00
2017,1,2017-01-01,Spotify,Podcast,Tecnologia,Top Hits,1029255,50.3,248306,198388,1.76,1125361.47,08:00
2017,1,2017-01-01,Prime Video,Podcast,Ação,Top Hits,604352,47.6,91226,89674,4.27,117947.32,18:00
2017,1,2017-01-01,Prime Video,Música,Drama,Filme Solar,1575087,27.6,123836,99606,4.21,3810753.82,08:00
2017,1,2017-01-01,Disney+,Série,Tecnologia,Filme Solar,1460694,26.2,413058,88428,2.91,2591517.12,12:00
2017,1,2017-01-01,Netflix,Música,Ação,Podcast Tech,1257712,25.5,143145,168053,3.68,4367435.09,08:00
2017,1,2017-01-01,Prime Video,Filme,Comédia,Podcast Tech,1492718,19.7,2272,117871,2.07,1056655.3,08:00
2017,1,2017-01-01,Netflix,Série,Pop,Podcast Tech,1128667,15.7,120999,20057,3.4,3740021.58,18:00
2017,1,2017-01-01,Prime Video,Podcast,Drama,Filme Solar,1765101,76.8,122606,172472,3.44,3006576.48,08:00
2017,1,2017-01-01,YouTube Music,Filme,Tecnologia,Série Mistério,444826,74.9,67635,52474,1.39,4335862.91,21:00
2017,1,2017-01-01,Netflix,Série,Pop,Filme Solar,1717412,62.4,299846,189340,1.11,1572740.25,21:00
2017,1,2017-01-01,Disney+,Podcast,Pop,Top Hits,522312,72.6,103665,105968,2.53,1700752.01,18:00
2017,1,2017-01-01,Netflix,Série,Ação,Filme Solar,310227,11.8,171038,150469,3.4,3421353.78,18:00
2017,1,2017-01-01,Netflix,Série,Ação,Filme Solar,721491,58.1,266834,7631,3.17,68376.95,08:00
2017,1,2017-01-01,Disney+,Música,Drama,Top Hits,820518,30.1,86732,162454,3.75,3661753.45,18:00
2017,1,2017-01-01,Netflix,Podcast,Ação,Série Mistério,77909,11.6,130917,45066,1.62,4176081.86,12:00
2017,1,2017-01-01,Netflix,Podcast,Comédia,Podcast Tech,1877775,9.8,279000,25726,4.52,2098936.43,08:00
2017,1,2017-01-01,Prime Video,Podcast,Tecnologia,Podcast Tech,190586,64.2,54960,122088,3.7,1181344.04,08:00
2017,1,2017-01-01,Prime Video,Filme,Tecnologia,Podcast Tech,1973023,87.5,304290,198013,4.91,1287254.46,18:00
2017,1,2017-01-01,YouTube Music,Série,Tecnologia,Filme Solar,111722,75.2,144221,18827,2.02,2821766.23,21:00
2017,1,2017-01-01,YouTube Music,Podcast,Drama,Série Mistério,1638120,88.8,174250,160892,1.61,1755079.43,12:00
2017,1,2017-01-01,Netflix,Música,Pop,Top Hits,65294,44.9,363825,142947,4.65,1755281.35,12:00
2017,1,2017-01-01,YouTube Music,Série,Pop,Série Mistério,1276042,54.9,450536,186794,1.77,2155260.74,12:00
2017,1,2017-01-01,Prime Video,Música,Tecnologia,Podcast Tech,800771,32.0,246907,61940,4.43,365079.05,18:00
2017,1,2017-01-01,Prime Video,Filme,Pop,Top Hits,841411,63.1,91512,99644,1.61,1386854.05,21:00
2017,1,2017-01-01,Prime Video,Música,Ação,Podcast Tech,1543058,56.8,177545,57499,5.0,4972562.56,21:00
2017,1,2017-01-01,Prime Video,Podcast,Drama,Top Hits,1015683,16.3,171369,38785,2.69,2649260.13,18:00
2017,2,2017-02-01,YouTube Music,Podcast,Drama,Série Mistério,1979150,74.8,310798,4711,4.64,4485667.14,21:00
2017,2,2017-02-01,YouTube Music,Filme,Ação,Podcast Tech,228764,83.0,63127,114904,1.94,2997433.81,21:00
2017,2,2017-02-01,Spotify,Podcast,Comédia,Top Hits,1452232,9.5,461274,186930,4.42,2971662.36,18:00
2017,2,2017-02-01,Prime Video,Música,Drama,Podcast Tech,1372624,71.6,461206,153600,3.79,1844681.05,21:00
2017,2,2017-02-01,Spotify,Podcast,Tecnologia,Filme Solar,1755268,72.7,303982,129571,1.92,4285322.71,08:00
2017,2,2017-02-01,Disney+,Música,Tecnologia,Top Hits,991568,64.8,52796,60193,1.52,399312.29,21:00
2017,2,2017-02-01,Netflix,Podcast,Tecnologia,Podcast Tech,512101,56.4,169292,60209,4.09,3621027.33,08:00
2017,2,2017-02-01,Disney+,Filme,Pop,Podcast Tech,791671,9.8,234018,125263,2.52,326601.46,08:00
2017,2,2017-02-01,YouTube Music,Música,Comédia,Top Hits,1223262,80.7,314792,58489,3.96,241178.59,21:00
2017,2,2017-02-01,YouTube Music,Filme,Comédia,Top Hits,299600,8.5,94668,165745,4.84,4712017.98,08:00
2017,2,2017-02-01,Prime Video,Música,Tecnologia,Série Mistério,793142,77.6,154854,157456,3.81,4956489.68,08:00
2017,2,2017-02-01,Prime Video,Música,Tecnologia,Filme Solar,1432496,76.8,162362,145397,3.82,4520557.88,21:00
2017,2,2017-02-01,YouTube Music,Filme,Comédia,Filme Solar,1974826,13.0,209883,98092,3.52,1994513.48,08:00
2017,2,2017-02-01,Disney+,Música,Pop,Série Mistério,554869,9.6,31978,118472,3.54,4937829.04,18:00
2017,2,2017-02-01,Disney+,Música,Drama,Série Mistério,206019,59.3,376086,83511,1.13,1199518.03,08:00
2017,2,2017-02-01,Prime Video,Podcast,Drama,Top Hits,1755393,36.1,33784,130629,4.77,4269786.52,12:00
2017,2,2017-02-01,Prime Video,Música,Comédia,Filme Solar,1194597,84.8,370894,148816,3.36,4184041.49,18:00
2017,2,2017-02-01,YouTube Music,Série,Pop,Top Hits,447769,83.0,342898,117675,4.19,2340626.61,21:00
2017,2,2017-02-01,Spotify,Série,Drama,Filme Solar,1138188,23.7,54725,178066,3.37,1488503.3,18:00
2017,2,2017-02-01,Prime Video,Música,Comédia,Podcast Tech,53815,71.1,319481,49331,3.58,3489101.49,08:00
2017,2,2017-02-01,Netflix,Filme,Comédia,Filme Solar,1690956,32.3,117221,158244,4.63,3375251.39,21:00
2017,2,2017-02-01,Disney+,Série,Ação,Top Hits,1848871,69.0,202474,143485,1.93,1593489.92,21:00
2017,2,2017-02-01,YouTube Music,Música,Drama,Podcast Tech,1474402,72.5,413662,37298,2.95,4623827.77,12:00
2017,2,2017-02-01,YouTube Music,Série,Tecnologia,Top Hits,1014658,45.8,345944,137301,3.79,3365709.42,08:00
2017,2,2017-02-01,Netflix,Podcast,Comédia,Série Mistério,1047944,67.6,334119,30897,4.16,502671.36,12:00
2017,2,2017-02-01,Netflix,Filme,Tecnologia,Podcast Tech,1581505,87.0,218302,72705,3.51,138550.74,12:00
2017,2,2017-02-01,Disney+,Música,Drama,Top Hits,759755,26.3,369187,136540,3.51,4491538.34,08:00
2017,2,2017-02-01,Spotify,Música,Ação,Série Mistério,809754,72.4,42604,112900,4.55,2571754.86,12:00
2017,2,2017-02-01,Disney+,Série,Comédia,Série Mistério,1802359,15.3,269912,51517,1.72,1875444.66,21:00
2017,2,2017-02-01,Disney+,Série,Drama,Podcast Tech,1873238,22.6,209253,159930,1.06,190461.15,21:00
2017,2,2017-02-01,Disney+,Podcast,Pop,Filme Solar,1313599,74.3,312315,67683,4.3,1736641.9,12:00
2017,2,2017-02-01,Disney+,Série,Pop,Top Hits,162924,11.3,33463,63152,2.37,4791897.74,21:00
2017,2,2017-02-01,Prime Video,Filme,Ação,Podcast Tech,1808188,10.7,76271,186738,2.43,856529.4,21:00
2017,2,2017-02-01,Disney+,Série,Pop,Podcast Tech,771917,66.3,429002,64874,4.82,1629058.96,18:00
2017,2,2017-02-01,Spotify,Filme,Drama,Filme Solar,1810141,35.2,295347,59743,3.01,3199917.55,08:00
2017,2,2017-02-01,YouTube Music,Podcast,Comédia,Podcast Tech,1840689,56.3,384758,18627,3.14,2608707.38,12:00
2017,2,2017-02-01,Spotify,Série,Pop,Podcast Tech,1778576,75.9,244806,88601,2.78,2589516.02,12:00
2017,3,2017-03-01,YouTube Music,Podcast,Tecnologia,Podcast Tech,1760558,60.7,461119,176641,2.21,3480607.66,08:00
2017,3,2017-03-01,Spotify,Podcast,Ação,Top Hits,1012801,82.5,324859,36035,2.26,2770008.0,12:00
2017,3,2017-03-01,Prime Video,Filme,Drama,Série Mistério,192403,10.7,165442,6007,3.52,4471219.28,08:00
2017,3,2017-03-01,Prime Video,Filme,Comédia,Filme Solar,1909600,14.5,158820,31320,3.08,2179948.77,08:00
2017,3,2017-03-01,YouTube Music,Série,Pop,Série Mistério,1919151,7.9,426472,91868,3.91,3590456.13,12:00
2017,3,2017-03-01,Spotify,Música,Pop,Top Hits,681078,22.2,81945,53077,2.02,4160057.61,12:00
2017,3,2017-03-01,Spotify,Música,Ação,Podcast Tech,403595,56.5,249053,105165,1.22,4230196.15,08:00
2017,3,2017-03-01,Netflix,Podcast,Ação,Filme Solar,1174467,48.8,124707,178294,4.17,4670743.24,12:00
2017,3,2017-03-01,Netflix,Série,Drama,Top Hits,958403,83.7,308897,36711,1.59,986143.01,18:00
2017,3,2017-03-01,Disney+,Música,Ação,Filme Solar,364160,77.4,308902,46170,4.8,4860708.56,18:00
2017,3,2017-03-01,Disney+,Podcast,Tecnologia,Filme Solar,82243,64.1,5710,167050,2.03,2500321.83,21:00
2017,3,2017-03-01,Prime Video,Podcast,Pop,Série Mistério,1205482,47.8,114801,178991,1.56,417147.86,08:00
2017,3,2017-03-01,Disney+,Música,Pop,Série Mistério,462147,39.6,317627,186289,3.82,1828993.1,21:00
2017,3,2017-03-01,Disney+,Música,Ação,Filme Solar,798082,33.0,471832,28715,2.73,4751931.6,21:00
2017,3,2017-03-01,Netflix,Podcast,Pop,Podcast Tech,982860,88.7,436651,156674,1.77,288896.67,12:00
2017,3,2017-03-01,Disney+,Filme,Comédia,Podcast Tech,1493435,88.9,485260,68952,3.16,2879164.49,08:00
2017,3,2017-03-01,Prime Video,Música,Ação,Filme Solar,179381,29.3,314339,143713,4.92,3874343.28,12:00
2017,3,2017-03-01,Disney+,Filme,Drama,Filme Solar,470962,26.3,316032,75811,1.68,3205091.16,08:00
2017,3,2017-03-01,Disney+,Filme,Tecnologia,Série Mistério,1473848,86.4,271539,199745,3.17,4345096.74,21:00
2017,3,2017-03-01,Disney+,Música,Ação,Filme Solar,1172238,55.1,209260,144303,3.96,332925.77,12:00
2017,3,2017-03-01,Prime Video,Música,Tecnologia,Top Hits,647942,68.9,293585,88078,1.81,391622.68,12:00
2017,3,2017-03-01,YouTube Music,Série,Drama,Filme Solar,266874,61.9,440689,39063,2.76,3533212.89,08:00
2017,3,2017-03-01,YouTube Music,Filme,Drama,Top Hits,1762197,58.7,28546,59179,4.86,3684933.42,12:00
2017,3,2017-03-01,Spotify,Série,Tecnologia,Podcast Tech,1404479,71.2,485711,22867,1.54,2605420.2,12:00
2017,3,2017-03-01,Spotify,Filme,Tecnologia,Top Hits,1936303,40.9,292790,48890,1.35,428086.61,21:00
2017,3,2017-03-01,Prime Video,Série,Ação,Podcast Tech,1963377,30.3,89191,160013,4.18,2103576.52,12:00
2017,3,2017-03-01,YouTube Music,Série,Drama,Top Hits,1273780,31.1,308968,97590,1.21,2472171.26,12:00
2017,3,2017-03-01,Spotify,Música,Pop,Série Mistério,572587,85.5,202247,29790,4.46,3761206.71,08:00
2017,3,2017-03-01,Spotify,Música,Ação,Filme Solar,1094794,60.0,259772,65342,2.77,678577.77,12:00
2017,3,2017-03-01,Spotify,Série,Comédia,Filme Solar,644639,80.1,137938,178915,2.33,2357556.87,18:00
2017,3,2017-03-01,Netflix,Podcast,Comédia,Podcast Tech,1133372,69.3,344155,16089,3.51,4020533.49,08:00
2017,3,2017-03-01,Prime Video,Música,Drama,Podcast Tech,383831,84.5,318615,197047,4.03,1741416.1,08:00
2017,3,2017-03-01,Prime Video,Música,Comédia,Filme Solar,940989,61.9,108620,168823,1.02,2157808.7,12:00
2017,3,2017-03-01,Prime Video,Música,Tecnologia,Filme Solar,1761076,72.4,363747,172782,4.84,4602523.79,08:00
2017,3,2017-03-01,YouTube Music,Podcast,Drama,Top Hits,290145,56.6,464508,16066,1.38,2212810.13,12:00
2017,3,2017-03-01,Netflix,Filme,Ação,Filme Solar,505188,36.9,427584,13978,3.89,793290.86,21:00
2017,3,2017-03-01,Spotify,Série,Pop,Podcast Tech,1772832,63.5,479872,12285,3.57,299387.24,12:00
2017,4,2017-04-01,Prime Video,Série,Pop,Série Mistério,1240228,37.8,405479,49252,1.99,373118.13,21:00
2017,4,2017-04-01,Prime Video,Podcast,Pop,Top Hits,1873209,87.8,244077,61033,3.19,1107371.02,18:00
2017,4,2017-04-01,Disney+,Filme,Comédia,Série Mistério,425498,42.0,391982,115397,2.49,1248196.96,12:00
2017,4,2017-04-01,Netflix,Série,Tecnologia,Filme Solar,906290,50.7,403376,17056,3.82,1561843.44,21:00
2017,4,2017-04-01,YouTube Music,Podcast,Drama,Filme Solar,1996522,27.7,341535,193848,3.96,2370833.06,21:00
2017,4,2017-04-01,Netflix,Música,Comédia,Série Mistério,1799228,77.9,256530,115722,1.7,3642657.9,18:00
2017,4,2017-04-01,Prime Video,Filme,Comédia,Top Hits,973695,71.1,295835,5865,2.65,783455.03,21:00
2017,4,2017-04-01,Disney+,Música,Tecnologia,Top Hits,378385,57.4,373507,179865,2.34,2270045.25,18:00
2017,4,2017-04-01,Spotify,Podcast,Pop,Filme Solar,716542,53.2,282921,163916,3.23,4765532.47,12:00
2017,4,2017-04-01,Spotify,Série,Comédia,Top Hits,715046,36.4,350912,97138,3.01,3256228.54,21:00
2017,4,2017-04-01,Netflix,Série,Pop,Top Hits,868362,40.8,377683,99187,2.59,474062.48,18:00
2017,4,2017-04-01,Netflix,Série,Drama,Filme Solar,1807750,8.7,81088,175979,3.73,3339717.36,12:00
2017,4,2017-04-01,Prime Video,Série,Drama,Podcast Tech,1328554,81.5,420861,110523,2.66,2063391.5,08:00
2017,4,2017-04-01,Prime Video,Podcast,Tecnologia,Filme Solar,1325169,17.2,200524,181654,3.82,842633.07,12:00
2017,4,2017-04-01,Prime Video,Podcast,Comédia,Filme Solar,931269,53.4,475952,38493,3.63,1038862.5,08:00
2017,4,2017-04-01,Netflix,Série,Comédia,Filme Solar,754196,72.4,246939,20959,3.37,3279399.41,12:00
2017,4,2017-04-01,Netflix,Filme,Pop,Podcast Tech,1976875,45.2,392774,159657,4.01,2583616.8,18:00
2017,4,2017-04-01,Prime Video,Série,Comédia,Top Hits,1366170,51.5,461448,29918,1.97,3225753.52,12:00
2017,4,2017-04-01,Disney+,Filme,Pop,Podcast Tech,870071,76.2,211249,38173,1.16,3239997.92,21:00
2017,4,2017-04-01,Netflix,Série,Drama,Série Mistério,1692921,71.2,64235,98132,4.95,3214095.63,08:00
2017,4,2017-04-01,YouTube Music,Série,Drama,Podcast Tech,1225328,21.9,123742,66250,1.22,1409763.47,18:00
2017,4,2017-04-01,YouTube Music,Música,Comédia,Série Mistério,479282,68.8,118240,147336,4.36,1704078.8,12:00
2017,4,2017-04-01,Prime Video,Filme,Drama,Filme Solar,1873626,41.9,333572,64392,4.45,3857281.48,12:00
2017,4,2017-04-01,Prime Video,Podcast,Tecnologia,Top Hits,410792,49.6,57761,47330,4.08,1066399.09,08:00
2017,4,2017-04-01,Prime Video,Filme,Tecnologia,Top Hits,1900487,42.6,283170,151477,2.49,940449.04,12:00
2017,4,2017-04-01,Netflix,Música,Tecnologia,Filme Solar,520369,75.5,245983,163258,3.31,1906771.31,18:00
2017,4,2017-04-01,Netflix,Filme,Drama,Filme Solar,79421,72.1,197090,102575,3.01,4825422.93,12:00
2017,4,2017-04-01,Prime Video,Série,Drama,Top Hits,1803936,35.8,222133,51898,3.46,1599082.35,12:00
2017,4,2017-04-01,Disney+,Filme,Pop,Filme Solar,1601007,59.6,269195,187052,3.97,4215438.81,18:00
2017,4,2017-04-01,Prime Video,Podcast,Tecnologia,Filme Solar,261059,8.0,7312,42586,4.28,2524760.99,08:00
2017,4,2017-04-01,Prime Video,Filme,Pop,Podcast Tech,165152,14.8,104776,177777,2.62,111302.4,21:00
2017,4,2017-04-01,Disney+,Música,Tecnologia,Série Mistério,1163574,78.7,220408,1492,2.68,2261153.72,21:00
2017,4,2017-04-01,Spotify,Podcast,Comédia,Top Hits,1041534,22.0,396376,80673,1.28,1685357.8,21:00
2017,4,2017-04-01,YouTube Music,Série,Comédia,Série Mistério,1831683,24.3,275212,56209,4.77,4721053.21,08:00
2017,4,2017-04-01,Prime Video,Podcast,Pop,Filme Solar,1462193,35.9,287526,125684,2.42,716378.21,08:00
2017,4,2017-04-01,Disney+,Série,Drama,Série Mistério,1111259,84.3,343539,161638,1.04,4631178.12,08:00
2017,4,2017-04-01,YouTube Music,Série,Pop,Série Mistério,277687,47.2,42448,28520,2.11,346157.08,18:00
2017,5,2017-05-01,Disney+,Série,Drama,Podcast Tech,1899502,50.2,262268,140835,3.41,1238061.69,21:00
2017,5,2017-05-01,Disney+,Música,Tecnologia,Filme Solar,662199,31.3,337706,55857,4.04,1776802.05,21:00
2017,5,2017-05-01,YouTube Music,Série,Comédia,Filme Solar,1169853,22.9,263352,75750,1.82,1481191.0,08:00
2017,5,2017-05-01,Spotify,Filme,Pop,Filme Solar,907553,81.3,266606,90302,2.46,1964633.83,08:00
2017,5,2017-05-01,YouTube Music,Música,Ação,Podcast Tech,1853799,44.7,168522,20739,2.46,3291637.39,18:00
2017,5,2017-05-01,Disney+,Filme,Comédia,Filme Solar,127251,77.7,199926,105378,2.39,3738808.37,21:00
2017,5,2017-05-01,YouTube Music,Série,Tecnologia,Top Hits,151560,43.9,281144,14806,2.89,861528.61,21:00
2017,5,2017-05-01,Disney+,Música,Pop,Filme Solar,1592781,44.2,399992,55307,4.41,4100284.53,21:00
2017,5,2017-05-01,Netflix,Podcast,Tecnologia,Podcast Tech,673097,78.6,485933,179383,4.73,2138534.03,18:00
2017,5,2017-05-01,YouTube Music,Música,Pop,Top Hits,1212664,70.4,483878,25434,4.56,1017178.03,12:00
2017,5,2017-05-01,Prime Video,Filme,Comédia,Top Hits,523583,72.5,426775,31097,4.44,3844427.87,08:00
2017,5,2017-05-01,YouTube Music,Podcast,Comédia,Top Hits,1122669,78.4,282332,42428,2.46,2423887.56,12:00
2017,5,2017-05-01,Disney+,Série,Ação,Série Mistério,909787,63.0,351137,191563,2.94,1834105.65,21:00
2017,5,2017-05-01,Spotify,Música,Ação,Filme Solar,853147,26.2,427218,120121,3.37,4254672.84,21:00
2017,5,2017-05-01,Netflix,Podcast,Pop,Série Mistério,270491,14.3,12844,72992,3.25,1454703.89,08:00
2017,5,2017-05-01,Prime Video,Podcast,Ação,Série Mistério,414872,57.1,468559,6259,3.91,2733758.35,12:00
2017,5,2017-05-01,YouTube Music,Podcast,Tecnologia,Filme Solar,618392,40.6,275383,28814,1.4,282485.89,18:00
2017,5,2017-05-01,Netflix,Série,Ação,Filme Solar,1069857,6.8,133667,104690,4.68,2155148.71,08:00
2017,5,2017-05-01,Netflix,Música,Drama,Top Hits,717131,23.1,276705,172094,4.62,3558968.22,12:00
2017,5,2017-05-01,Disney+,Podcast,Drama,Podcast Tech,1037241,8.0,92539,133417,1.04,4723975.0,21:00
2017,5,2017-05-01,Prime Video,Filme,Pop,Série Mistério,1457875,66.6,22278,53897,2.62,1767937.95,08:00
2017,5,2017-05-01,Prime Video,Filme,Pop,Série Mistério,1534707,24.7,467055,181831,1.36,2152175.88,08:00
2017,5,2017-05-01,Prime Video,Série,Drama,Série Mistério,352734,33.3,129404,110622,2.18,2558478.34,18:00
2017,5,2017-05-01,Spotify,Podcast,Ação,Série Mistério,1351706,19.9,17078,143766,2.72,1677776.2,18:00
2017,5,2017-05-01,Netflix,Música,Tecnologia,Podcast Tech,842269,22.6,408446,16063,4.48,1141141.03,08:00
2017,5,2017-05-01,YouTube Music,Música,Ação,Podcast Tech,1194150,83.5,49519,77664,1.29,3480039.84,18:00
2017,5,2017-05-01,Disney+,Podcast,Comédia,Filme Solar,879632,89.0,62566,94025,1.06,2333628.15,18:00
2017,5,2017-05-01,Prime Video,Música,Pop,Série Mistério,1938762,13.1,205366,58632,3.66,2763834.31,12:00
2017,5,2017-05-01,Prime Video,Música,Ação,Filme Solar,847359,86.5,485158,59445,4.96,2342578.44,18:00
2017,5,2017-05-01,Netflix,Série,Tecnologia,Podcast Tech,500849,56.9,354165,16944,1.23,2969116.93,21:00
2017,5,2017-05-01,Spotify,Podcast,Comédia,Podcast Tech,517163,5.4,265681,53579,4.75,3826008.63,12:00
2017,5,2017-05-01,YouTube Music,Série,Pop,Top Hits,1434137,45.4,388742,41107,4.24,2465325.44,08:00
2017,5,2017-05-01,Prime Video,Podcast,Ação,Série Mistério,1750430,62.0,458822,195009,3.57,3886413.64,08:00
2017,5,2017-05-01,Disney+,Música,Drama,Filme Solar,1777111,68.2,429377,7756,4.47,4038476.97,12:00
2017,5,2017-05-01,Prime Video,Série,Ação,Podcast Tech,1499421,62.8,228239,37323,1.6,4077455.56,21:00
2017,5,2017-05-01,Netflix,Podcast,Tecnologia,Filme Solar,378055,58.5,11460,29996,3.08,1810683.74,08:00
2017,5,2017-05-01,Spotify,Filme,Tecnologia,Podcast Tech,635193,84.6,41854,167975,1.93,4599483.88,08:00
2017,6,2017-06-01,YouTube Music,Podcast,Comédia,Podcast Tech,1821005,70.9,256532,98678,1.33,590702.66,18:00
2017,6,2017-06-01,Netflix,Música,Pop,Série Mistério,1736163,7.5,374104,34151,2.83,4471717.44,12:00
2017,6,2017-06-01,YouTube Music,Filme,Ação,Top Hits,1142316,63.8,248671,29552,4.23,3961662.83,21:00
2017,6,2017-06-01,Disney+,Filme,Pop,Série Mistério,115307,72.9,18809,162614,4.48,2408071.21,12:00
2017,6,2017-06-01,YouTube Music,Série,Drama,Filme Solar,1994880,50.5,139607,132657,4.87,2371841.0,12:00
2017,6,2017-06-01,Prime Video,Podcast,Comédia,Filme Solar,1585735,66.0,156343,93783,4.34,1451232.47,08:00
2017,6,2017-06-01,Netflix,Filme,Ação,Filme Solar,440095,29.6,215950,124572,2.61,3643933.31,08:00
2017,6,2017-06-01,Netflix,Filme,Tecnologia,Filme Solar,325659,61.8,118416,40343,3.15,3971909.73,18:00
2017,6,2017-06-01,Netflix,Série,Drama,Série Mistério,91035,16.2,102620,155295,1.06,1790137.4,21:00
2017,6,2017-06-01,Spotify,Música,Comédia,Top Hits,1999562,86.6,63217,19834,2.85,2853101.17,21:00
2017,6,2017-06-01,Spotify,Filme,Comédia,Podcast Tech,108116,33.7,287889,17153,3.1,3609033.37,12:00
2017,6,2017-06-01,YouTube Music,Série,Drama,Podcast Tech,1838552,46.1,206170,159488,3.97,4867486.38,08:00
2017,6,2017-06-01,Spotify,Série,Pop,Top Hits,1285244,27.5,223015,135171,1.59,2841681.0,12:00
2017,6,2017-06-01,Netflix,Podcast,Ação,Filme Solar,415246,21.9,212863,53279,3.58,321670.81,12:00
2017,6,2017-06-01,YouTube Music,Filme,Tecnologia,Top Hits,1527439,60.0,6376,76267,2.04,4875003.88,12:00
2017,6,2017-06-01,Netflix,Filme,Comédia,Filme Solar,998983,8.6,148947,37053,4.07,1660302.74,08:00
2017,6,2017-06-01,Netflix,Série,Comédia,Série Mistério,528035,55.2,179356,116096,1.68,1708906.56,21:00
2017,6,2017-06-01,YouTube Music,Série,Ação,Top Hits,254361,75.2,178727,99697,1.7,2721082.85,12:00
2017,6,2017-06-01,Spotify,Podcast,Drama,Filme Solar,178292,7.7,51362,57670,1.25,885701.44,21:00
2017,6,2017-06-01,Netflix,Podcast,Drama,Série Mistério,500241,75.3,322705,64370,4.76,4983826.65,18:00
2017,6,2017-06-01,Prime Video,Podcast,Comédia,Podcast Tech,1631768,67.3,82792,137866,3.09,4499964.69,08:00
2017,6,2017-06-01,Prime Video,Música,Tecnologia,Top Hits,1730858,47.4,331409,183260,2.21,3012366.37,21:00
2017,6,2017-06-01,YouTube Music,Podcast,Tecnologia,Top Hits,1861384,30.0,314993,99637,1.2,4070566.22,08:00
2017,6,2017-06-01,Netflix,Filme,Comédia,Filme Solar,873720,32.3,365129,30977,4.77,837376.32,21:00
2017,6,2017-06-01,YouTube Music,Série,Drama,Podcast Tech,467801,14.6,72489,83186,2.72,4550558.88,12:00
2017,6,2017-06-01,Spotify,Filme,Ação,Filme Solar,1626405,85.9,2774,94390,4.58,3730642.78,18:00
2017,6,2017-06-01,Prime Video,Música,Drama,Top Hits,1200355,62.6,263862,89636,2.69,135502.59,18:00
2017,6,2017-06-01,Disney+,Podcast,Tecnologia,Top Hits,487287,46.7,235391,144191,4.02,2129125.39,21:00
2017,6,2017-06-01,Disney+,Filme,Drama,Podcast Tech,63930,57.1,4307,131387,3.81,164694.39,21:00
2017,6,2017-06-01,Spotify,Música,Comédia,Filme Solar,450589,21.1,150898,111210,3.17,2273131.75,18:00
2017,6,2017-06-01,Disney+,Podcast,Drama,Podcast Tech,1287312,73.2,220268,10183,2.33,2883603.61,12:00
2017,6,2017-06-01,YouTube Music,Música,Comédia,Série Mistério,960074,34.6,108445,77218,2.57,910709.57,21:00
2017,6,2017-06-01,Disney+,Filme,Comédia,Podcast Tech,894776,44.8,469608,181333,4.2,1214113.41,08:00
2017,6,2017-06-01,YouTube Music,Série,Ação,Top Hits,83722,14.4,93800,52593,2.71,4777680.82,21:00
2017,6,2017-06-01,Prime Video,Podcast,Tecnologia,Filme Solar,1981486,16.0,490708,171787,3.59,4518050.94,21:00
2017,6,2017-06-01,Prime Video,Música,Ação,Série Mistério,83342,66.8,22426,163247,4.89,1050891.12,21:00
2017,6,2017-06-01,YouTube Music,Música,Comédia,Filme Solar,321299,59.6,154662,152481,3.59,2170860.08,21:00
2017,7,2017-07-01,Spotify,Série,Tecnologia,Podcast Tech,807080,27.3,300343,170274,4.11,1324223.64,18:00
2017,7,2017-07-01,Disney+,Música,Tecnologia,Filme Solar,1544857,43.8,453046,83236,1.31,2777095.22,21:00
2017,7,2017-07-01,Prime Video,Música,Drama,Filme Solar,1948515,28.9,208288,131623,3.42,444848.69,21:00
2017,7,2017-07-01,YouTube Music,Música,Comédia,Filme Solar,334600,42.6,472117,125476,1.61,4379288.02,21:00
2017,7,2017-07-01,Netflix,Podcast,Comédia,Top Hits,649452,52.9,281089,73661,3.11,2533952.81,18:00
2017,7,2017-07-01,YouTube Music,Música,Comédia,Série Mistério,564842,75.3,328657,141654,4.88,1153432.47,12:00
2017,7,2017-07-01,Spotify,Podcast,Pop,Top Hits,1730729,12.5,271305,42033,2.14,4943195.64,21:00
2017,7,2017-07-01,Spotify,Série,Comédia,Podcast Tech,1811667,27.4,59647,101727,1.88,398790.81,12:00
2017,7,2017-07-01,Spotify,Série,Comédia,Podcast Tech,495980,27.0,273416,55490,1.72,2097104.96,21:00
2017,7,2017-07-01,Prime Video,Podcast,Comédia,Filme Solar,552551,85.0,167076,75792,2.03,1102282.91,12:00
2017,7,2017-07-01,Prime Video,Série,Comédia,Podcast Tech,105655,45.5,240247,100083,4.11,4543745.57,21:00
2017,7,2017-07-01,Spotify,Podcast,Tecnologia,Série Mistério,734028,73.8,196589,98798,4.7,3406051.95,12:00
2017,7,2017-07-01,Spotify,Música,Tecnologia,Podcast Tech,1375622,73.4,455685,34212,3.14,1257086.21,21:00
2017,7,2017-07-01,Prime Video,Podcast,Tecnologia,Filme Solar,93479,55.7,379888,116708,1.4,4561547.66,21:00
2017,7,2017-07-01,Prime Video,Filme,Pop,Série Mistério,502572,64.0,356942,51584,1.42,2551795.01,21:00
2017,7,2017-07-01,YouTube Music,Podcast,Comédia,Série Mistério,387382,89.9,91381,107056,3.35,3074603.47,21:00
2017,7,2017-07-01,Spotify,Filme,Pop,Série Mistério,142192,77.1,260801,27425,4.79,1505440.82,12:00
2017,7,2017-07-01,Netflix,Série,Pop,Top Hits,65044,42.0,121530,105399,1.98,4978149.84,18:00
2017,7,2017-07-01,Netflix,Música,Tecnologia,Série Mistério,1043958,5.4,424330,125365,3.2,1774301.27,12:00
2017,7,2017-07-01,Disney+,Série,Tecnologia,Série Mistério,1086393,88.8,261285,117544,4.07,3635697.7,18:00
2017,7,2017-07-01,Spotify,Filme,Pop,Top Hits,1292361,19.7,27115,128334,3.65,1817564.64,12:00
2017,7,2017-07-01,YouTube Music,Podcast,Ação,Filme Solar,1711490,36.6,387611,182665,1.77,4050155.19,21:00
2017,7,2017-07-01,YouTube Music,Podcast,Drama,Top Hits,35491,25.5,356018,79827,4.28,2357852.69,18:00
2017,7,2017-07-01,Spotify,Filme,Tecnologia,Série Mistério,1842696,71.9,151230,72378,2.16,2867049.42,08:00
2017,7,2017-07-01,Netflix,Música,Drama,Filme Solar,1716173,75.6,318583,97974,3.13,2190025.62,18:00
2017,7,2017-07-01,Prime Video,Filme,Drama,Top Hits,1793301,25.4,258362,58477,1.6,4035741.01,12:00
2017,7,2017-07-01,Prime Video,Podcast,Tecnologia,Série Mistério,107032,78.6,321099,83972,4.66,3479565.17,08:00
2017,7,2017-07-01,Netflix,Filme,Ação,Filme Solar,1728300,7.6,402824,64897,2.33,2830033.73,18:00
2017,7,2017-07-01,Disney+,Série,Pop,Top Hits,1183610,67.5,420348,57202,2.91,1395084.77,08:00
2017,7,2017-07-01,Netflix,Série,Comédia,Filme Solar,685592,52.9,261492,63255,1.94,4171558.2,08:00
2017,7,2017-07-01,YouTube Music,Filme,Ação,Top Hits,155701,73.5,372511,81128,3.62,2589952.64,21:00
2017,7,2017-07-01,Disney+,Música,Pop,Podcast Tech,1901006,37.2,167967,32239,4.08,2855748.76,21:00
2017,7,2017-07-01,Prime Video,Série,Pop,Top Hits,545663,82.4,303029,45799,1.63,3170000.05,21:00
2017,7,2017-07-01,Netflix,Música,Ação,Filme Solar,736090,11.5,112278,99066,4.31,4281188.34,18:00
2017,7,2017-07-01,Netflix,Música,Tecnologia,Top Hits,923506,18.0,387675,177152,4.12,4664928.79,18:00
2017,7,2017-07-01,Spotify,Podcast,Ação,Podcast Tech,616217,72.3,345590,142639,2.86,3660223.3,08:00
2017,7,2017-07-01,Prime Video,Série,Pop,Podcast Tech,1416951,59.9,362516,3588,4.82,3123694.81,08:00
2017,8,2017-08-01,Disney+,Filme,Drama,Top Hits,1532576,80.3,87617,34512,3.3,13939.59,08:00
2017,8,2017-08-01,Disney+,Filme,Tecnologia,Série Mistério,1450877,27.6,442388,123173,2.49,3334995.2,21:00
2017,8,2017-08-01,Spotify,Podcast,Drama,Podcast Tech,161659,86.3,137425,9092,2.75,2649362.47,21:00
2017,8,2017-08-01,Netflix,Música,Tecnologia,Filme Solar,924100,28.8,364732,29653,3.55,3681992.87,21:00
2017,8,2017-08-01,Netflix,Música,Tecnologia,Filme Solar,773926,54.4,387421,70428,2.65,1343542.73,18:00
2017,8,2017-08-01,YouTube Music,Música,Drama,Podcast Tech,1134286,55.9,412839,124719,1.52,4895769.37,12:00
2017,8,2017-08-01,Spotify,Música,Drama,Série Mistério,1276518,87.0,482847,113944,4.63,4993508.27,12:00
2017,8,2017-08-01,Netflix,Música,Comédia,Top Hits,1594967,18.6,462863,37605,3.24,2683763.04,18:00
2017,8,2017-08-01,Prime Video,Música,Pop,Podcast Tech,1354189,38.9,399175,12926,2.74,1856062.76,21:00
2017,8,2017-08-01,Disney+,Música,Drama,Filme Solar,105130,37.2,452254,151218,1.47,2684270.73,08:00
2017,8,2017-08-01,Prime Video,Música,Comédia,Filme Solar,518417,15.9,489103,89616,1.57,3759685.24,18:00
2017,8,2017-08-01,Spotify,Série,Comédia,Filme Solar,1996065,25.5,136182,188657,2.17,182500.06,18:00
2017,8,2017-08-01,YouTube Music,Filme,Ação,Série Mistério,616427,71.5,320229,179451,3.34,2973569.71,08:00
2017,8,2017-08-01,Prime Video,Música,Ação,Podcast Tech,1321472,73.8,308921,178884,4.81,787274.76,21:00
2017,8,2017-08-01,Prime Video,Filme,Ação,Série Mistério,1984212,77.9,169869,125951,3.5,3559430.76,18:00
2017,8,2017-08-01,Prime Video,Série,Pop,Podcast Tech,1236068,30.5,134503,66152,2.35,120545.3,18:00
2017,8,2017-08-01,YouTube Music,Filme,Drama,Filme Solar,1838722,57.1,97552,118236,2.86,2269559.29,18:00
2017,8,2017-08-01,Disney+,Podcast,Drama,Podcast Tech,1309053,29.1,133415,102217,4.13,3636910.66,18:00
2017,8,2017-08-01,Disney+,Podcast,Pop,Filme Solar,42241,84.9,400101,129929,3.91,1893843.88,21:00
2017,8,2017-08-01,Disney+,Podcast,Tecnologia,Podcast Tech,1975228,87.1,140224,135563,3.0,2582935.8,18:00
2017,8,2017-08-01,Spotify,Podcast,Ação,Filme Solar,1632427,49.7,310099,155537,4.32,488301.89,21:00
2017,8,2017-08-01,Prime Video,Música,Pop,Série Mistério,1375255,72.2,384938,71810,4.97,878306.27,18:00
2017,8,2017-08-01,Disney+,Música,Pop,Podcast Tech,1317970,59.5,460766,169822,1.63,376551.48,12:00
2017,8,2017-08-01,Spotify,Série,Comédia,Filme Solar,1764139,12.8,258599,54097,3.41,661400.62,18:00
2017,8,2017-08-01,Spotify,Filme,Comédia,Podcast Tech,1738276,56.1,225783,9387,3.54,724980.65,08:00
2017,8,2017-08-01,Prime Video,Série,Drama,Série Mistério,1378033,47.1,250348,13182,3.1,1912764.76,08:00
2017,8,2017-08-01,Spotify,Música,Pop,Filme Solar,1426780,47.0,361890,175112,2.22,1921931.17,08:00
2017,8,2017-08-01,Spotify,Série,Drama,Podcast Tech,1897797,16.2,236083,37657,4.17,1308503.68,21:00
2017,8,2017-08-01,Disney+,Filme,Tecnologia,Série Mistério,1812503,48.5,280636,89224,4.87,2423471.43,12:00
2017,8,2017-08-01,Spotify,Filme,Comédia,Filme Solar,849564,20.1,122493,131041,3.05,4249133.29,21:00
2017,8,2017-08-01,YouTube Music,Série,Tecnologia,Top Hits,1730579,71.7,256580,129746,3.39,2816087.68,12:00
2017,8,2017-08-01,Spotify,Podcast,Drama,Filme Solar,140386,40.7,72879,853,2.48,622965.64,12:00
2017,8,2017-08-01,Disney+,Filme,Comédia,Podcast Tech,990050,6.5,131699,175810,2.49,3144249.97,18:00
2017,8,2017-08-01,Netflix,Podcast,Ação,Filme Solar,1986958,16.9,61166,22801,4.36,908556.49,18:00
2017,8,2017-08-01,Prime Video,Música,Pop,Filme Solar,167064,86.0,181372,64472,4.57,993938.19,21:00
2017,8,2017-08-01,Prime Video,Podcast,Drama,Top Hits,864128,30.2,412565,73175,4.41,388171.74,08:00
2017,8,2017-08-01,Prime Video,Filme,Drama,Filme Solar,131220,39.7,205771,64158,3.49,4532671.42,12:00
2017,9,2017-09-01,Prime Video,Música,Ação,Filme Solar,1791688,14.1,468710,102457,4.12,1124132.66,18:00
2017,9,2017-09-01,Disney+,Música,Pop,Podcast Tech,1462084,53.2,404184,171620,4.09,4222902.78,08:00
2017,9,2017-09-01,Netflix,Música,Drama,Top Hits,268515,39.1,463496,13476,1.29,3998380.85,12:00
2017,9,2017-09-01,Disney+,Filme,Tecnologia,Série Mistério,1967009,89.1,419400,25523,3.57,1549308.5,18:00
2017,9,2017-09-01,Disney+,Podcast,Pop,Filme Solar,439590,14.1,280587,154056,1.86,1967841.78,21:00
2017,9,2017-09-01,YouTube Music,Filme,Ação,Filme Solar,1210465,31.4,33261,87721,4.6,3488190.74,18:00
2017,9,2017-09-01,Prime Video,Música,Drama,Série Mistério,321644,7.6,179393,59804,1.03,3744319.67,08:00
2017,9,2017-09-01,YouTube Music,Filme,Pop,Top Hits,1384501,73.9,408854,81047,3.67,1680278.23,18:00
2017,9,2017-09-01,Spotify,Filme,Tecnologia,Série Mistério,99564,79.0,443330,105351,2.12,2730174.74,18:00
2017,9,2017-09-01,Spotify,Podcast,Comédia,Top Hits,1514595,56.4,359099,162766,4.69,3980440.6,12:00
2017,9,2017-09-01,YouTube Music,Filme,Drama,Série Mistério,1436883,5.2,48920,33091,1.24,1654767.34,21:00
2017,9,2017-09-01,Spotify,Música,Ação,Série Mistério,1759704,86.0,39148,187517,4.5,2507657.03,18:00
2017,9,2017-09-01,Disney+,Filme,Tecnologia,Filme Solar,1527272,8.1,141563,37105,2.07,4389906.69,08:00
2017,9,2017-09-01,YouTube Music,Música,Drama,Filme Solar,393662,56.8,347802,51882,3.09,4474561.71,21:00
2017,9,2017-09-01,Netflix,Música,Ação,Podcast Tech,1025375,40.9,225823,13712,1.51,772102.54,18:00
2017,9,2017-09-01,Prime Video,Podcast,Drama,Série Mistério,1428315,77.9,176381,138673,1.49,2861793.79,18:00
2017,9,2017-09-01,Disney+,Filme,Tecnologia,Top Hits,698683,21.0,246677,106442,1.26,4559629.18,12:00
2017,9,2017-09-01,Disney+,Podcast,Tecnologia,Podcast Tech,1302381,60.9,470688,22393,1.87,772085.29,12:00
2017,9,2017-09-01,Spotify,Podcast,Pop,Podcast Tech,636870,40.4,126094,14183,2.12,2210004.46,08:00
2017,9,2017-09-01,Prime Video,Série,Tecnologia,Top Hits,1196973,59.2,174028,189607,1.78,3783345.45,08:00
2017,9,2017-09-01,Prime Video,Filme,Tecnologia,Top Hits,692285,72.5,324591,144091,4.66,1215026.41,12:00
2017,9,2017-09-01,Disney+,Podcast,Pop,Top Hits,577019,47.4,49530,25778,3.38,2250984.67,08:00
2017,9,2017-09-01,Spotify,Série,Ação,Filme Solar,416360,72.4,296361,43348,3.96,3698699.62,18:00
2017,9,2017-09-01,YouTube Music,Música,Ação,Podcast Tech,1433673,20.1,438348,69616,1.82,3355054.4,12:00
2017,9,2017-09-01,Disney+,Série,Ação,Podcast Tech,1711902,27.5,170110,60711,2.15,413872.51,08:00
2017,9,2017-09-01,YouTube Music,Música,Drama,Podcast Tech,1411686,65.3,105996,159694,4.51,512782.7,18:00
2017,9,2017-09-01,YouTube Music,Filme,Ação,Podcast Tech,633820,58.8,248282,69581,3.91,1075540.62,08:00
2017,9,2017-09-01,Disney+,Filme,Ação,Série Mistério,1336321,79.4,371926,42919,2.06,4517211.29,12:00
2017,9,2017-09-01,Disney+,Música,Tecnologia,Filme Solar,1902205,76.9,172219,70331,3.54,2892745.11,18:00
2017,9,2017-09-01,Spotify,Série,Ação,Série Mistério,836775,76.8,153455,119221,1.91,4023517.77,12:00
2017,9,2017-09-01,Disney+,Série,Ação,Top Hits,823098,73.3,270715,107601,1.04,2425650.43,12:00
2017,9,2017-09-01,Spotify,Filme,Pop,Filme Solar,519898,64.7,366185,138271,3.25,3078778.17,08:00
2017,9,2017-09-01,Spotify,Podcast,Drama,Filme Solar,920783,71.1,178696,87470,2.57,2467641.7,18:00
2017,9,2017-09-01,YouTube Music,Podcast,Pop,Filme Solar,760883,75.2,344409,66256,2.37,2919789.54,12:00
2017,9,2017-09-01,YouTube Music,Série,Ação,Top Hits,514629,21.1,123121,149190,3.55,2358517.4,18:00
2017,9,2017-09-01,Netflix,Série,Drama,Filme Solar,892588,30.2,456246,111842,4.5,4708886.87,08:00
2017,9,2017-09-01,Spotify,Filme,Drama,Série Mistério,764738,24.9,21761,98948,2.97,736848.03,21:00
2017,10,2017-10-01,Spotify,Podcast,Ação,Série Mistério,1950169,63.7,271995,37038,2.46,4885054.57,18:00
2017,10,2017-10-01,Spotify,Música,Comédia,Podcast Tech,1019851,72.7,415909,79175,2.7,4124068.81,21:00
2017,10,2017-10-01,Prime Video,Podcast,Comédia,Filme Solar,608477,73.8,190556,183774,1.08,2126878.11,21:00
2017,10,2017-10-01,YouTube Music,Série,Ação,Filme Solar,1216629,84.0,213636,99598,2.85,3079490.05,12:00
2017,10,2017-10-01,Disney+,Filme,Tecnologia,Filme Solar,1819391,33.4,374160,97906,1.24,1862807.59,08:00
2017,10,2017-10-01,Netflix,Música,Tecnologia,Podcast Tech,1786646,84.6,260194,98449,2.99,764898.12,18:00
2017,10,2017-10-01,Spotify,Música,Pop,Top Hits,400893,55.1,367302,36448,3.06,2872935.28,21:00
2017,10,2017-10-01,YouTube Music,Filme,Pop,Top Hits,290892,25.3,220137,154425,1.1,3033263.61,08:00
2017,10,2017-10-01,YouTube Music,Música,Pop,Série Mistério,1881104,58.5,208820,40007,2.83,971233.45,08:00
2017,10,2017-10-01,Netflix,Filme,Drama,Série Mistério,79068,52.9,339384,76432,2.23,3240586.73,21:00
2017,10,2017-10-01,Prime Video,Série,Tecnologia,Podcast Tech,166902,80.7,444994,177260,2.01,2965241.94,21:00
2017,10,2017-10-01,Prime Video,Filme,Ação,Série Mistério,758650,53.4,322101,76432,2.4,3744159.49,08:00
2017,10,2017-10-01,Disney+,Música,Tecnologia,Filme Solar,1311527,42.3,89157,70342,2.78,3008291.48,12:00
2017,10,2017-10-01,Disney+,Podcast,Pop,Top Hits,423932,86.7,138031,40180,2.22,3686766.92,08:00
2017,10,2017-10-01,YouTube Music,Filme,Comédia,Podcast Tech,206270,74.3,87162,113380,4.79,4572208.78,18:00
2017,10,2017-10-01,YouTube Music,Música,Ação,Filme Solar,312434,41.4,416641,6725,1.71,2152481.35,21:00
2017,10,2017-10-01,YouTube Music,Música,Tecnologia,Podcast Tech,68279,57.1,39496,198146,3.98,839582.07,12:00
2017,10,2017-10-01,YouTube Music,Série,Drama,Filme Solar,1039787,58.2,346167,57085,3.96,4304451.77,18:00
2017,10,2017-10-01,Disney+,Série,Comédia,Filme Solar,871669,9.4,192053,102312,4.84,3896644.93,21:00
2017,10,2017-10-01,Netflix,Série,Ação,Série Mistério,14976,9.6,309387,96626,3.46,4000953.01,12:00
2017,10,2017-10-01,Prime Video,Podcast,Pop,Top Hits,1251481,30.7,162704,34392,2.25,243981.42,18:00
2017,10,2017-10-01,Netflix,Filme,Tecnologia,Filme Solar,886770,56.1,106776,145508,2.24,4484819.81,18:00
2017,10,2017-10-01,Spotify,Filme,Pop,Série Mistério,1381560,58.1,14117,28882,1.68,2658236.39,08:00
2017,10,2017-10-01,Spotify,Série,Drama,Podcast Tech,1240948,42.7,53550,192130,2.39,3015874.0,08:00
2017,10,2017-10-01,Netflix,Música,Drama,Top Hits,249273,89.6,50201,163453,2.93,965604.14,21:00
2017,10,2017-10-01,Disney+,Série,Pop,Série Mistério,567388,12.4,473935,161944,3.41,1331246.75,12:00
2017,10,2017-10-01,YouTube Music,Filme,Ação,Filme Solar,1625415,49.1,422016,19372,4.33,3582540.61,18:00
2017,10,2017-10-01,Prime Video,Podcast,Ação,Top Hits,1644852,16.9,156340,89837,4.85,3850713.81,18:00
2017,10,2017-10-01,Prime Video,Podcast,Pop,Filme Solar,645907,75.7,296767,86675,1.73,410179.41,21:00
2017,10,2017-10-01,Prime Video,Série,Tecnologia,Série Mistério,1985775,48.6,49500,166428,4.28,1993936.78,08:00
2017,10,2017-10-01,Disney+,Música,Tecnologia,Top Hits,62535,65.2,68976,194904,3.69,98383.04,12:00
2017,10,2017-10-01,Spotify,Música,Pop,Série Mistério,59206,54.0,163612,10148,3.91,1896670.65,08:00
2017,10,2017-10-01,Prime Video,Podcast,Ação,Filme Solar,1496210,60.8,401041,115965,4.41,2591729.53,21:00
2017,10,2017-10-01,Prime Video,Música,Drama,Filme Solar,1285314,78.2,135023,26742,4.73,3418713.44,18:00
2017,10,2017-10-01,Disney+,Filme,Comédia,Filme Solar,873834,74.7,149502,50257,1.77,4157171.73,12:00
2017,10,2017-10-01,Spotify,Música,Comédia,Filme Solar,1633420,37.8,421431,146950,3.53,2022767.14,08:00
2017,10,2017-10-01,Prime Video,Filme,Tecnologia,Filme Solar,304600,30.6,400716,131959,1.09,4852841.1,12:00
2017,11,2017-11-01,YouTube Music,Podcast,Tecnologia,Série Mistério,695350,8.4,59527,81063,4.16,4179382.79,18:00
2017,11,2017-11-01,Netflix,Filme,Ação,Top Hits,1968411,67.7,373802,190282,2.67,2647640.59,12:00
2017,11,2017-11-01,YouTube Music,Podcast,Ação,Podcast Tech,737023,80.1,348784,5939,1.79,4146897.5,12:00
2017,11,2017-11-01,Prime Video,Filme,Tecnologia,Top Hits,1793762,12.7,131120,26817,4.5,2904449.26,21:00
2017,11,2017-11-01,Prime Video,Podcast,Drama,Série Mistério,1849728,47.4,273593,64396,1.57,623731.82,08:00
2017,11,2017-11-01,Disney+,Música,Ação,Top Hits,1264760,30.7,477923,22716,1.77,502923.32,08:00
2017,11,2017-11-01,YouTube Music,Filme,Comédia,Série Mistério,791310,89.6,357178,89366,4.71,451231.74,08:00
2017,11,2017-11-01,Netflix,Música,Ação,Podcast Tech,1188844,73.6,304281,71071,3.88,3217449.57,12:00
2017,11,2017-11-01,Disney+,Filme,Drama,Top Hits,621842,11.1,378807,164946,2.99,2655951.98,18:00
2017,11,2017-11-01,YouTube Music,Música,Ação,Top Hits,1390386,22.3,130194,148088,2.21,2513479.41,08:00
2017,11,2017-11-01,Prime Video,Música,Pop,Filme Solar,392581,29.0,342492,46796,2.91,2089987.8,12:00
2017,11,2017-11-01,Prime Video,Música,Ação,Podcast Tech,592811,64.6,478178,73591,1.16,77729.46,18:00
2017,11,2017-11-01,Spotify,Filme,Ação,Top Hits,1987575,25.3,295693,49989,4.89,3652756.38,21:00
2017,11,2017-11-01,YouTube Music,Filme,Comédia,Podcast Tech,356612,41.1,117255,23951,1.42,1172694.92,08:00
2017,11,2017-11-01,Spotify,Filme,Ação,Filme Solar,200696,82.7,350616,78595,4.9,3898590.86,21:00
2017,11,2017-11-01,Spotify,Podcast,Ação,Podcast Tech,1076815,86.4,73537,92737,2.31,4516193.64,08:00
2017,11,2017-11-01,Disney+,Série,Tecnologia,Filme Solar,1738922,38.9,401781,125089,4.88,118901.92,08:00
2017,11,2017-11-01,Prime Video,Série,Pop,Podcast Tech,180097,75.9,458257,20423,3.38,4541064.64,12:00
2017,11,2017-11-01,Spotify,Podcast,Tecnologia,Podcast Tech,1231834,72.8,221755,25701,4.01,109407.7,12:00
2017,11,2017-11-01,Disney+,Série,Comédia,Filme Solar,1835294,72.5,154629,1734,2.12,2055323.5,12:00
2017,11,2017-11-01,Spotify,Podcast,Comédia,Filme Solar,876213,11.1,83503,153750,4.78,3089621.6,08:00
2017,11,2017-11-01,Spotify,Filme,Drama,Top Hits,1789692,33.0,10011,36494,4.32,1928558.72,21:00
2017,11,2017-11-01,Disney+,Série,Drama,Top Hits,685983,50.5,11884,20272,2.4,1113800.88,12:00
2017,11,2017-11-01,Netflix,Filme,Pop,Filme Solar,1272569,53.8,403319,118412,2.08,4937037.05,21:00
2017,11,2017-11-01,YouTube Music,Podcast,Drama,Filme Solar,1186504,88.1,66329,172212,1.75,2883080.2,21:00
2017,11,2017-11-01,Netflix,Série,Comédia,Podcast Tech,1998399,62.3,236917,198098,1.48,33687.67,18:00
2017,11,2017-11-01,Netflix,Podcast,Ação,Top Hits,1812618,7.9,89844,79323,3.46,2542116.62,12:00
2017,11,2017-11-01,YouTube Music,Série,Tecnologia,Top Hits,838905,89.9,225313,20585,2.33,2440020.26,18:00
2017,11,2017-11-01,Prime Video,Música,Pop,Filme Solar,1152106,60.0,251522,143009,4.71,251370.89,08:00
2017,11,2017-11-01,Spotify,Música,Drama,Podcast Tech,448702,49.6,96446,84563,1.81,718577.1,21:00
2017,11,2017-11-01,YouTube Music,Podcast,Tecnologia,Podcast Tech,1346790,48.5,194724,157578,2.37,4853303.69,18:00
2017,11,2017-11-01,Disney+,Série,Pop,Podcast Tech,643593,46.0,8427,136652,1.84,1198468.52,08:00
2017,11,2017-11-01,Prime Video,Série,Drama,Filme Solar,99185,15.7,39789,73679,2.46,1627454.92,21:00
2017,11,2017-11-01,Spotify,Música,Comédia,Podcast Tech,720216,16.9,285429,171715,1.08,3224595.75,08:00
2017,11,2017-11-01,Spotify,Podcast,Pop,Filme Solar,306369,14.2,195084,145554,1.34,3584122.23,12:00
2017,11,2017-11-01,YouTube Music,Podcast,Tecnologia,Filme Solar,691513,21.1,302269,175765,3.95,1828982.92,21:00
2017,11,2017-11-01,Prime Video,Podcast,Drama,Top Hits,181027,38.5,235274,147821,4.3,3636929.8,18:00
2017,12,2017-12-01,Netflix,Podcast,Drama,Filme Solar,1045773,9.2,404464,19780,2.37,3957205.38,12:00
2017,12,2017-12-01,Disney+,Podcast,Tecnologia,Filme Solar,340077,5.9,349100,44306,3.88,4662838.85,18:00
2017,12,2017-12-01,YouTube Music,Filme,Comédia,Podcast Tech,1064986,29.1,230723,152437,3.47,2722875.41,12:00
2017,12,2017-12-01,Prime Video,Podcast,Tecnologia,Filme Solar,1547002,49.6,440576,161321,1.4,2930856.92,12:00
2017,12,2017-12-01,YouTube Music,Série,Pop,Série Mistério,826384,6.6,315634,25289,1.99,3076654.36,08:00
2017,12,2017-12-01,Disney+,Música,Tecnologia,Série Mistério,558913,89.7,291558,18465,3.07,3612557.16,18:00
2017,12,2017-12-01,Netflix,Música,Ação,Filme Solar,601672,22.2,65376,77281,4.82,3616075.39,21:00
2017,12,2017-12-01,Prime Video,Música,Drama,Série Mistério,447938,11.7,25702,157738,1.9,2304542.42,18:00
2017,12,2017-12-01,Spotify,Filme,Pop,Top Hits,1615780,76.9,234063,107642,3.03,4976336.28,08:00
2017,12,2017-12-01,YouTube Music,Filme,Drama,Série Mistério,1888530,34.5,125008,177101,1.08,1898176.19,12:00
2017,12,2017-12-01,Netflix,Série,Pop,Podcast Tech,1777451,22.0,140942,59799,2.85,442028.75,21:00
2017,12,2017-12-01,Spotify,Música,Tecnologia,Top Hits,1856505,25.3,14599,31894,3.47,1111792.7,21:00
2017,12,2017-12-01,Prime Video,Série,Ação,Filme Solar,1820318,41.4,348521,46425,1.57,2106549.81,08:00
2017,12,2017-12-01,Spotify,Série,Ação,Filme Solar,305971,18.7,221223,139908,2.19,254089.86,21:00
2017,12,2017-12-01,Disney+,Música,Ação,Série Mistério,1787037,12.2,36874,170590,1.41,2734741.49,21:00
2017,12,2017-12-01,YouTube Music,Podcast,Ação,Série Mistério,406097,46.8,211722,107228,2.67,2996670.38,18:00
2017,12,2017-12-01,Spotify,Música,Tecnologia,Podcast Tech,1850297,25.8,357402,167930,1.6,1317519.26,12:00
2017,12,2017-12-01,Prime Video,Música,Drama,Podcast Tech,868027,60.4,254667,49138,4.24,4689594.8,08:00
2017,12,2017-12-01,YouTube Music,Música,Comédia,Filme Solar,1013321,85.2,426241,172504,4.68,4860897.69,21:00
2017,12,2017-12-01,Netflix,Série,Drama,Podcast Tech,23761,41.7,206544,37171,2.36,325600.19,21:00
2017,12,2017-12-01,Disney+,Música,Drama,Série Mistério,1094520,67.6,210753,120278,2.49,4495363.75,08:00
2017,12,2017-12-01,Disney+,Série,Tecnologia,Podcast Tech,253245,47.0,52808,162599,1.66,3662893.18,12:00
2017,12,2017-12-01,Spotify,Música,Ação,Top Hits,1573264,70.3,414503,104710,2.38,688324.04,12:00
2017,12,2017-12-01,Disney+,Série,Drama,Filme Solar,1561090,7.0,444362,19809,3.65,4884642.89,08:00
2017,12,2017-12-01,YouTube Music,Série,Pop,Podcast Tech,1538956,74.2,326974,65955,2.15,3908343.73,08:00
2017,12,2017-12-01,Disney+,Música,Pop,Filme Solar,1682993,36.1,308008,40918,4.41,3704491.78,08:00
2017,12,2017-12-01,YouTube Music,Podcast,Comédia,Série Mistério,189244,78.3,469693,131556,2.01,1317230.82,12:00
2017,12,2017-12-01,Prime Video,Música,Tecnologia,Podcast Tech,1184650,71.4,81742,111469,3.76,2654227.37,18:00
2017,12,2017-12-01,YouTube Music,Música,Comédia,Top Hits,370691,24.0,164136,99366,1.39,3364869.69,21:00
2017,12,2017-12-01,Prime Video,Podcast,Pop,Top Hits,810827,75.8,458065,50036,1.72,4522281.14,08:00
2017,12,2017-12-01,Netflix,Podcast,Pop,Podcast Tech,251767,45.0,170512,42878,4.8,2136117.3,21:00
2017,12,2017-12-01,Spotify,Música,Comédia,Série Mistério,317385,78.0,1705,138682,4.42,1763999.36,18:00
2017,12,2017-12-01,Prime Video,Filme,Drama,Podcast Tech,615117,73.2,222070,178917,3.4,2441786.94,18:00
2017,12,2017-12-01,Prime Video,Música,Drama,Top Hits,240553,67.4,57625,164066,4.41,1070253.86,18:00
2017,12,2017-12-01,Spotify,Filme,Drama,Podcast Tech,907458,26.6,72780,186166,1.5,4600016.96,12:00
2017,12,2017-12-01,Netflix,Série,Tecnologia,Filme Solar,1795475,6.2,96953,189279,4.08,2605662.14,21:00
2017,12,2017-12-01,Disney+,Podcast,Ação,Podcast Tech,958556,9.1,51693,14210,1.38,783340.22,08:00
2018,1,2018-01-01,Netflix,Filme,Tecnologia,Série Mistério,1039095,50.5,474620,66893,1.15,3358069.98,18:00
2018,1,2018-01-01,Netflix,Série,Pop,Série Mistério,569382,81.3,82180,143557,2.1,3005976.42,18:00
2018,1,2018-01-01,Netflix,Série,Pop,Série Mistério,1985539,76.3,194050,92843,4.74,1023544.85,21:00
2018,1,2018-01-01,Netflix,Música,Ação,Série Mistério,1890144,34.7,36886,43728,4.75,1724452.66,18:00
2018,1,2018-01-01,Prime Video,Música,Comédia,Top Hits,1607825,36.1,52754,4805,4.46,1647443.83,08:00
2018,1,2018-01-01,Netflix,Filme,Ação,Top Hits,905190,27.4,159952,160341,1.98,240371.52,21:00
2018,1,2018-01-01,Netflix,Série,Tecnologia,Filme Solar,656587,46.9,65452,176509,1.37,4387745.76,12:00
2018,1,2018-01-01,Disney+,Filme,Ação,Top Hits,1551923,77.2,266966,83307,1.06,2723874.72,08:00
2018,1,2018-01-01,Netflix,Podcast,Pop,Série Mistério,808228,87.8,315646,165246,2.09,2803927.56,08:00
2018,1,2018-01-01,Spotify,Série,Drama,Filme Solar,1914669,71.7,195777,11728,3.83,2505438.33,21:00
2018,1,2018-01-01,YouTube Music,Música,Ação,Podcast Tech,1690388,46.2,26359,199865,1.69,1306424.02,18:00
2018,1,2018-01-01,Spotify,Música,Pop,Série Mistério,813185,29.5,331354,16101,1.7,3465509.78,18:00
2018,1,2018-01-01,Prime Video,Série,Tecnologia,Série Mistério,1398524,12.3,474006,29027,3.94,4526836.26,08:00
2018,1,2018-01-01,Netflix,Filme,Ação,Top Hits,1338548,85.7,83572,59985,1.56,1107020.31,18:00
2018,1,2018-01-01,Prime Video,Série,Tecnologia,Série Mistério,1447093,27.1,21018,94767,2.75,1348333.15,18:00
2018,1,2018-01-01,Disney+,Música,Pop,Podcast Tech,366137,86.4,256095,42019,3.3,2636891.76,12:00
2018,1,2018-01-01,Netflix,Música,Tecnologia,Série Mistério,1117629,54.8,271650,192230,2.76,74780.19,21:00
2018,1,2018-01-01,Disney+,Série,Ação,Filme Solar,274857,79.0,416166,112012,3.0,1117553.86,21:00
2018,1,2018-01-01,Disney+,Música,Drama,Série Mistério,769838,44.5,255508,96838,1.01,3648039.76,08:00
2018,1,2018-01-01,YouTube Music,Filme,Ação,Filme Solar,1965333,59.3,304675,125410,3.27,1441647.71,18:00
2018,1,2018-01-01,Disney+,Série,Pop,Filme Solar,906966,20.2,83425,797,1.79,2732954.11,18:00
2018,1,2018-01-01,Prime Video,Série,Ação,Filme Solar,1963806,20.1,288718,178869,3.97,4571711.28,21:00
2018,1,2018-01-01,Disney+,Filme,Drama,Filme Solar,1329212,61.5,443505,66243,3.28,754067.91,21:00
2018,1,2018-01-01,YouTube Music,Série,Comédia,Série Mistério,876121,45.0,51987,9379,4.43,2573998.47,08:00
2018,1,2018-01-01,Netflix,Música,Pop,Top Hits,1545105,51.8,124622,122340,4.29,3138288.1,21:00
2018,1,2018-01-01,YouTube Music,Podcast,Tecnologia,Top Hits,182625,77.7,384625,141182,1.64,3153542.72,18:00
2018,1,2018-01-01,Netflix,Podcast,Comédia,Filme Solar,860043,77.5,408242,29474,2.08,3584121.86,21:00
2018,1,2018-01-01,Prime Video,Música,Ação,Top Hits,759079,27.2,81522,53256,4.5,972602.22,21:00
2018,1,2018-01-01,Spotify,Podcast,Drama,Série Mistério,1987215,87.3,457460,189039,4.17,3538056.22,08:00
2018,1,2018-01-01,Disney+,Série,Pop,Podcast Tech,118060,26.1,452678,179554,2.76,2575494.99,21:00
2018,1,2018-01-01,Prime Video,Série,Comédia,Podcast Tech,340894,89.2,192898,64216,3.09,54857.48,18:00
2018,1,2018-01-01,YouTube Music,Música,Drama,Podcast Tech,813671,6.3,267933,177287,3.0,119042.25,08:00
2018,1,2018-01-01,Prime Video,Série,Drama,Filme Solar,1866368,18.7,388587,159259,3.72,457139.74,18:00
2018,1,2018-01-01,Prime Video,Música,Comédia,Podcast Tech,1948508,87.2,248152,51169,3.88,1899081.4,18:00
2018,1,2018-01-01,Netflix,Filme,Comédia,Série Mistério,42553,82.1,190364,49909,4.03,3564913.59,12:00
2018,1,2018-01-01,Netflix,Podcast,Pop,Top Hits,211022,52.9,236113,71675,4.35,3689732.3,18:00
2018,1,2018-01-01,YouTube Music,Podcast,Tecnologia,Podcast Tech,13964,84.9,151553,138407,3.22,4671209.29,08:00
2018,2,2018-02-01,YouTube Music,Podcast,Tecnologia,Top Hits,1054167,80.0,188573,28396,4.03,3944474.41,18:00
2018,2,2018-02-01,Spotify,Podcast,Tecnologia,Top Hits,441256,16.4,230683,153309,4.42,1655361.85,21:00
2018,2,2018-02-01,Spotify,Podcast,Drama,Filme Solar,1295551,6.2,231701,48216,1.21,196397.69,21:00
2018,2,2018-02-01,Prime Video,Música,Comédia,Top Hits,179932,34.3,329462,31434,3.28,1820025.49,08:00
2018,2,2018-02-01,YouTube Music,Série,Ação,Top Hits,100713,53.8,70569,97466,2.23,3766176.52,18:00
2018,2,2018-02-01,Netflix,Série,Comédia,Podcast Tech,87034,43.0,378993,182034,3.73,1410049.38,12:00
2018,2,2018-02-01,YouTube Music,Podcast,Drama,Filme Solar,28139,19.5,110069,176755,2.78,3605989.63,21:00
2018,2,2018-02-01,YouTube Music,Filme,Tecnologia,Top Hits,1839253,85.1,35366,118916,2.29,3363571.4,08:00
2018,2,2018-02-01,Netflix,Série,Drama,Filme Solar,926466,81.6,221830,82978,4.15,4536803.45,18:00
2018,2,2018-02-01,YouTube Music,Podcast,Ação,Top Hits,672135,59.3,440322,6681,4.68,3826409.93,21:00
2018,2,2018-02-01,Netflix,Música,Drama,Série Mistério,1829419,28.9,200547,161091,3.73,1417018.24,08:00
2018,2,2018-02-01,Netflix,Podcast,Tecnologia,Top Hits,68430,42.0,301422,163775,1.81,1194994.73,08:00
2018,2,2018-02-01,Spotify,Música,Drama,Podcast Tech,98213,40.5,143176,22598,4.53,652712.11,08:00
2018,2,2018-02-01,Prime Video,Música,Pop,Top Hits,240197,28.9,53749,25891,3.36,1979348.48,18:00
2018,2,2018-02-01,Disney+,Podcast,Ação,Top Hits,151031,81.1,330501,187843,1.4,1252165.06,08:00
2018,2,2018-02-01,YouTube Music,Filme,Pop,Série Mistério,47052,25.0,91658,153942,3.97,2015258.86,21:00
2018,2,2018-02-01,Disney+,Filme,Drama,Podcast Tech,220992,28.7,100389,128422,4.79,925710.52,18:00
2018,2,2018-02-01,YouTube Music,Música,Comédia,Top Hits,1472410,37.4,150067,54024,2.39,4754121.58,18:00
2018,2,2018-02-01,Prime Video,Podcast,Comédia,Podcast Tech,1267086,14.1,213650,7992,4.53,2316311.29,12:00
2018,2,2018-02-01,Disney+,Filme,Comédia,Top Hits,624409,76.5,451994,52089,2.33,1536226.27,21:00
2018,2,2018-02-01,Spotify,Música,Ação,Top Hits,1054087,63.0,344046,101980,1.75,1354850.38,21:00
2018,2,2018-02-01,YouTube Music,Música,Comédia,Podcast Tech,627630,32.3,349988,32475,4.08,3781715.58,21:00
2018,2,2018-02-01,Disney+,Música,Comédia,Top Hits,1346662,16.5,57013,91964,4.61,286316.15,12:00
2018,2,2018-02-01,YouTube Music,Série,Tecnologia,Série Mistério,1275732,12.5,208833,194051,1.44,1840883.42,08:00
2018,2,2018-02-01,YouTube Music,Podcast,Tecnologia,Podcast Tech,1383962,88.7,137823,168172,2.44,3819846.6,12:00
2018,2,2018-02-01,Spotify,Filme,Comédia,Top Hits,1275166,66.0,191754,8317,4.03,3005716.78,12:00
2018,2,2018-02-01,YouTube Music,Música,Drama,Podcast Tech,1114960,49.9,115858,2633,3.78,4241540.55,21:00
2018,2,2018-02-01,Prime Video,Filme,Pop,Série Mistério,847626,61.9,218467,17948,3.53,2654554.94,12:00
2018,2,2018-02-01,YouTube Music,Música,Tecnologia,Filme Solar,1797965,49.6,43239,50815,1.97,4135554.27,12:00
2018,2,2018-02-01,YouTube Music,Podcast,Ação,Podcast Tech,1345773,69.1,288375,190667,4.87,4886114.56,12:00
2018,2,2018-02-01,YouTube Music,Série,Drama,Top Hits,1827174,29.0,25149,159064,2.56,2373872.41,18:00
2018,2,2018-02-01,Spotify,Filme,Ação,Podcast Tech,1907126,50.6,419882,33985,3.65,4766488.66,18:00
2018,2,2018-02-01,YouTube Music,Série,Comédia,Podcast Tech,1883079,41.1,10978,162799,2.83,3574945.47,21:00
2018,2,2018-02-01,Spotify,Podcast,Comédia,Série Mistério,762328,16.2,74723,11911,1.55,1623165.76,08:00
2018,2,2018-02-01,Disney+,Podcast,Comédia,Série Mistério,763808,44.7,356571,157788,4.09,3093725.69,08:00
2018,2,2018-02-01,Disney+,Série,Drama,Série Mistério,1432095,54.5,495031,88638,1.28,3566936.33,12:00
2018,2,2018-02-01,Netflix,Filme,Ação,Podcast Tech,929770,61.2,188428,128435,3.6,2544209.44,12:00
2018,3,2018-03-01,Prime Video,Série,Drama,Série Mistério,289299,47.3,214793,36305,4.86,4069729.53,08:00
2018,3,2018-03-01,Spotify,Filme,Comédia,Filme Solar,1293859,55.6,156552,82279,4.14,36907.07,18:00
2018,3,2018-03-01,YouTube Music,Podcast,Tecnologia,Podcast Tech,484486,39.4,350486,4707,4.66,1084659.39,18:00
2018,3,2018-03-01,Netflix,Podcast,Pop,Podcast Tech,1497938,83.0,78654,94169,2.78,3960162.47,12:00
2018,3,2018-03-01,Prime Video,Música,Comédia,Podcast Tech,1000971,10.8,215419,116563,2.97,2780191.13,21:00
2018,3,2018-03-01,Netflix,Podcast,Drama,Série Mistério,576032,23.0,239697,4664,2.98,4511167.7,12:00
2018,3,2018-03-01,Spotify,Música,Drama,Top Hits,961439,42.4,246677,65086,2.14,3739917.02,12:00
2018,3,2018-03-01,YouTube Music,Música,Ação,Série Mistério,644095,68.1,46188,90969,2.36,2807971.0,08:00
2018,3,2018-03-01,Disney+,Música,Pop,Filme Solar,1323136,36.6,327556,127976,1.75,2272486.15,18:00
2018,3,2018-03-01,Prime Video,Série,Drama,Top Hits,1190378,81.2,153448,113101,1.03,2044008.2,08:00
2018,3,2018-03-01,Prime Video,Música,Drama,Podcast Tech,1364297,13.6,249736,55930,3.42,2166583.92,21:00
2018,3,2018-03-01,Netflix,Música,Comédia,Top Hits,1977701,42.0,409110,11344,2.19,4208554.55,12:00
2018,3,2018-03-01,Spotify,Série,Tecnologia,Série Mistério,1116861,47.3,274376,119712,2.45,4109692.93,18:00
2018,3,2018-03-01,Spotify,Filme,Pop,Top Hits,491899,86.1,410909,140412,4.78,1878281.4,12:00
2018,3,2018-03-01,Netflix,Filme,Tecnologia,Top Hits,1048707,72.2,7621,115935,2.19,3188409.69,21:00
2018,3,2018-03-01,Prime Video,Filme,Pop,Top Hits,953218,42.5,242791,7778,2.64,4072856.61,18:00
2018,3,2018-03-01,Netflix,Podcast,Comédia,Filme Solar,1003364,63.8,47241,61162,3.42,656711.84,08:00
2018,3,2018-03-01,Netflix,Série,Comédia,Podcast Tech,983431,72.2,267627,84350,1.83,3023068.09,18:00
2018,3,2018-03-01,Disney+,Série,Pop,Podcast Tech,1205281,28.0,266793,28845,3.82,4365765.69,12:00
2018,3,2018-03-01,Spotify,Música,Ação,Top Hits,1406761,62.1,65906,71669,1.02,2245430.49,21:00
2018,3,2018-03-01,Prime Video,Música,Ação,Filme Solar,1662353,52.3,381854,174575,2.85,4453149.72,12:00
2018,3,2018-03-01,Spotify,Música,Pop,Podcast Tech,822464,43.8,436022,112508,3.15,3854688.06,18:00
2018,3,2018-03-01,Spotify,Música,Comédia,Top Hits,1593472,86.1,295987,163330,1.48,4303291.43,12:00
2018,3,2018-03-01,YouTube Music,Filme,Comédia,Podcast Tech,1693028,36.8,44183,188053,2.33,3691699.92,12:00
2018,3,2018-03-01,Spotify,Música,Comédia,Top Hits,1320751,89.8,123599,141561,4.58,2065618.63,21:00
2018,3,2018-03-01,Spotify,Podcast,Ação,Série Mistério,1146866,52.0,89303,112887,3.64,4091483.83,18:00
2018,3,2018-03-01,Disney+,Música,Drama,Podcast Tech,1905479,34.7,362131,170057,2.17,930414.33,21:00
2018,3,2018-03-01,Prime Video,Música,Pop,Top Hits,160780,52.3,449011,38370,3.04,3229476.21,21:00
2018,3,2018-03-01,Disney+,Filme,Ação,Podcast Tech,1132825,9.8,48423,3513,3.23,4760565.17,18:00
2018,3,2018-03-01,Disney+,Música,Tecnologia,Série Mistério,507186,27.1,116139,27522,4.7,2646882.02,21:00
2018,3,2018-03-01,Netflix,Série,Ação,Top Hits,1201631,7.2,231576,124667,2.89,1273880.25,18:00
2018,3,2018-03-01,YouTube Music,Música,Ação,Podcast Tech,789698,66.4,178940,121928,4.34,2935066.23,08:00
2018,3,2018-03-01,YouTube Music,Série,Pop,Filme Solar,239793,39.4,7081,28241,3.75,4193377.9,08:00
2018,3,2018-03-01,YouTube Music,Filme,Tecnologia,Filme Solar,1243522,49.4,360953,188285,3.58,1244524.88,21:00
2018,3,2018-03-01,YouTube Music,Música,Ação,Filme Solar,545718,39.6,184307,107307,2.44,2313926.46,12:00
2018,3,2018-03-01,YouTube Music,Música,Drama,Podcast Tech,1339535,82.1,346516,171087,3.28,1510832.55,18:00
2018,3,2018-03-01,Disney+,Série,Tecnologia,Filme Solar,120924,22.9,444014,51123,4.54,683054.77,12:00
2018,4,2018-04-01,YouTube Music,Filme,Tecnologia,Top Hits,859354,80.3,148310,82776,4.99,4739210.25,12:00
2018,4,2018-04-01,Prime Video,Série,Tecnologia,Série Mistério,295035,66.8,346326,135434,1.9,4542125.48,08:00
2018,4,2018-04-01,Spotify,Podcast,Comédia,Filme Solar,1719721,40.1,306540,10609,4.62,3615075.1,12:00
2018,4,2018-04-01,Prime Video,Série,Tecnologia,Filme Solar,1745467,47.9,460234,34302,3.51,1693730.15,12:00
2018,4,2018-04-01,Spotify,Filme,Ação,Série Mistério,1991026,88.8,405898,162975,3.19,2992627.86,18:00
2018,4,2018-04-01,Prime Video,Podcast,Pop,Top Hits,1523292,41.2,388389,101065,1.53,4238498.74,08:00
2018,4,2018-04-01,YouTube Music,Série,Ação,Filme Solar,167254,53.1,198797,156221,1.35,1943821.75,18:00
2018,4,2018-04-01,Prime Video,Filme,Pop,Série Mistério,489958,62.0,470327,34564,4.82,4568340.46,21:00
2018,4,2018-04-01,YouTube Music,Série,Drama,Top Hits,434183,70.8,58752,74811,3.54,4437436.76,12:00
2018,4,2018-04-01,YouTube Music,Música,Pop,Top Hits,306237,56.0,494349,75225,4.57,4158827.71,08:00
2018,4,2018-04-01,YouTube Music,Podcast,Ação,Podcast Tech,1777509,62.0,218398,114817,2.16,4430122.82,21:00
2018,4,2018-04-01,Prime Video,Podcast,Tecnologia,Podcast Tech,99719,66.9,321612,118899,1.23,4200348.93,18:00
2018,4,2018-04-01,Disney+,Filme,Ação,Top Hits,1341581,19.6,444466,68043,1.82,291981.62,08:00
2018,4,2018-04-01,Prime Video,Podcast,Tecnologia,Podcast Tech,839342,72.8,33881,98312,3.72,2310364.09,21:00
2018,4,2018-04-01,Prime Video,Filme,Ação,Podcast Tech,1152310,77.2,443258,150840,1.83,4920155.06,08:00
2018,4,2018-04-01,Prime Video,Série,Pop,Top Hits,517082,68.4,141512,44945,2.93,1129724.98,21:00
2018,4,2018-04-01,Prime Video,Série,Pop,Top Hits,1097847,29.5,322455,79264,3.11,185956.69,08:00
2018,4,2018-04-01,Spotify,Música,Ação,Podcast Tech,1489434,17.5,423367,105518,3.09,624056.26,18:00
2018,4,2018-04-01,Prime Video,Música,Ação,Filme Solar,831249,26.4,419602,67495,2.43,2005577.95,12:00
2018,4,2018-04-01,Prime Video,Filme,Ação,Série Mistério,1600117,17.0,473493,132040,2.59,4544642.5,18:00
2018,4,2018-04-01,Disney+,Podcast,Drama,Podcast Tech,741826,65.7,274393,40638,1.9,2413814.41,21:00
2018,4,2018-04-01,Netflix,Filme,Ação,Top Hits,1040681,28.1,294861,31029,3.21,4482480.73,18:00
2018,4,2018-04-01,YouTube Music,Filme,Pop,Podcast Tech,384343,11.1,172648,14430,4.1,3884269.06,21:00
2018,4,2018-04-01,YouTube Music,Podcast,Drama,Série Mistério,1598625,64.7,321233,86540,3.69,350223.88,18:00
2018,4,2018-04-01,Spotify,Filme,Drama,Filme Solar,947847,10.4,264692,179375,3.18,2013273.36,21:00
2018,4,2018-04-01,YouTube Music,Série,Comédia,Série Mistério,965789,68.7,448354,59746,3.73,1181112.42,08:00
2018,4,2018-04-01,Netflix,Música,Pop,Série Mistério,1209537,10.0,210929,196147,1.26,4583062.82,12:00
2018,4,2018-04-01,Netflix,Série,Ação,Filme Solar,133124,74.0,311455,109390,4.56,2644337.19,08:00
2018,4,2018-04-01,Spotify,Música,Ação,Top Hits,1686948,40.2,63946,25354,4.05,1708083.67,08:00
2018,4,2018-04-01,Disney+,Podcast,Pop,Série Mistério,1308054,47.7,57831,14994,1.63,4730011.91,18:00
2018,4,2018-04-01,Disney+,Podcast,Pop,Série Mistério,570546,7.4,213534,63990,2.36,1260429.17,18:00
2018,4,2018-04-01,Disney+,Música,Tecnologia,Filme Solar,929561,53.3,309733,59247,1.89,15643.91,12:00
2018,4,2018-04-01,Disney+,Filme,Comédia,Série Mistério,510102,28.0,19222,91286,3.81,747719.42,21:00
2018,4,2018-04-01,Spotify,Podcast,Pop,Podcast Tech,1686992,54.9,170207,82551,3.87,3260338.68,18:00
2018,4,2018-04-01,Netflix,Música,Ação,Top Hits,608745,30.6,124444,140459,3.91,2502053.37,21:00
2018,4,2018-04-01,Spotify,Filme,Ação,Podcast Tech,167045,15.9,273230,126710,4.86,101008.49,18:00
2018,4,2018-04-01,Netflix,Podcast,Comédia,Top Hits,1958805,20.3,107383,174263,3.11,4554563.21,08:00
2018,5,2018-05-01,Spotify,Série,Comédia,Filme Solar,1448231,81.6,196432,157654,4.9,3434745.12,18:00
2018,5,2018-05-01,Disney+,Podcast,Ação,Podcast Tech,1627127,25.5,181812,110945,4.9,770521.91,08:00
2018,5,2018-05-01,Netflix,Música,Drama,Top Hits,1622890,40.7,173599,91376,4.6,4632836.79,18:00
2018,5,2018-05-01,YouTube Music,Música,Ação,Top Hits,360910,34.8,402474,3198,4.54,2248374.28,08:00
2018,5,2018-05-01,Disney+,Música,Ação,Série Mistério,94838,5.1,86818,105430,2.44,3580486.21,21:00
2018,5,2018-05-01,Spotify,Filme,Drama,Podcast Tech,1949290,69.2,401213,81904,1.17,4760768.09,08:00
2018,5,2018-05-01,Netflix,Música,Pop,Top Hits,1005933,38.0,493753,53644,3.64,2033636.51,21:00
2018,5,2018-05-01,Disney+,Música,Drama,Podcast Tech,1129088,76.9,211727,64321,3.67,3309201.96,12:00
2018,5,2018-05-01,Prime Video,Série,Comédia,Filme Solar,336007,77.4,339557,47912,2.73,2990450.06,18:00
2018,5,2018-05-01,Prime Video,Música,Tecnologia,Filme Solar,972317,79.1,438999,147241,4.26,1588343.3,21:00
2018,5,2018-05-01,YouTube Music,Série,Ação,Podcast Tech,1274539,20.0,281328,51291,2.97,4437389.37,12:00
2018,5,2018-05-01,YouTube Music,Música,Comédia,Filme Solar,1627919,26.8,57801,129940,1.73,3557206.39,18:00
2018,5,2018-05-01,Prime Video,Série,Comédia,Top Hits,608304,6.0,499609,163495,2.7,2420920.07,12:00
2018,5,2018-05-01,Spotify,Música,Comédia,Série Mistério,896216,51.9,428831,77037,2.31,4720492.45,12:00
2018,5,2018-05-01,YouTube Music,Podcast,Comédia,Podcast Tech,1348923,26.0,29536,131515,4.12,1175047.53,08:00
2018,5,2018-05-01,Prime Video,Filme,Tecnologia,Top Hits,715478,18.6,177877,81082,3.18,2132979.76,18:00
2018,5,2018-05-01,Netflix,Podcast,Comédia,Top Hits,1646776,56.7,223856,19956,3.46,3980983.26,21:00
2018,5,2018-05-01,Netflix,Série,Comédia,Podcast Tech,1706415,85.2,305290,58328,2.42,2316711.5,12:00
2018,5,2018-05-01,Disney+,Música,Pop,Top Hits,933612,10.9,191987,40825,4.79,4393435.61,21:00
2018,5,2018-05-01,Disney+,Música,Ação,Top Hits,19086,69.1,177253,90646,3.21,2829779.93,12:00
2018,5,2018-05-01,Disney+,Podcast,Ação,Série Mistério,624541,12.1,314940,5553,4.79,1136581.2,12:00
2018,5,2018-05-01,Prime Video,Podcast,Ação,Filme Solar,1079086,57.8,260148,126716,3.02,2519350.41,21:00
2018,5,2018-05-01,Spotify,Música,Drama,Top Hits,202024,77.0,40439,109384,3.42,471068.27,18:00
2018,5,2018-05-01,Prime Video,Série,Pop,Top Hits,1576438,59.7,184738,54714,3.68,1024935.21,12:00
2018,5,2018-05-01,YouTube Music,Música,Pop,Filme Solar,1733047,27.1,24631,66091,1.27,1345611.37,12:00
2018,5,2018-05-01,Prime Video,Série,Tecnologia,Série Mistério,791401,19.5,403256,12108,3.53,4397684.25,12:00
2018,5,2018-05-01,YouTube Music,Série,Ação,Série Mistério,961435,89.2,11309,181894,2.24,2721696.95,12:00
2018,5,2018-05-01,Netflix,Filme,Tecnologia,Série Mistério,1242162,68.4,343827,187856,1.92,1608932.72,18:00
2018,5,2018-05-01,Netflix,Podcast,Tecnologia,Top Hits,1483532,35.2,138250,37196,2.84,1666530.04,08:00
2018,5,2018-05-01,YouTube Music,Filme,Tecnologia,Série Mistério,1361227,84.8,95859,136789,4.14,4956629.12,18:00
2018,5,2018-05-01,Prime Video,Podcast,Comédia,Top Hits,703675,16.0,230939,98525,1.87,835551.56,21:00
2018,5,2018-05-01,Prime Video,Filme,Pop,Podcast Tech,1299968,17.4,113393,156580,3.54,766182.56,12:00
2018,5,2018-05-01,Disney+,Música,Comédia,Filme Solar,359545,61.1,390145,71819,2.72,3730390.26,12:00
2018,5,2018-05-01,YouTube Music,Filme,Pop,Série Mistério,330702,5.2,475161,146855,4.64,2123413.77,21:00
2018,5,2018-05-01,Spotify,Série,Pop,Filme Solar,1211769,29.9,212498,37493,3.75,1275923.85,18:00
2018,5,2018-05-01,Disney+,Filme,Pop,Filme Solar,1129439,72.1,295431,96248,2.02,2421711.77,18:00
2018,5,2018-05-01,Spotify,Podcast,Drama,Podcast Tech,406951,44.6,152415,46453,3.44,3708040.86,08:00
2018,6,2018-06-01,YouTube Music,Podcast,Ação,Filme Solar,1382238,7.1,231763,17671,1.38,3029467.9,21:00
2018,6,2018-06-01,Disney+,Música,Comédia,Filme Solar,1888132,75.1,182766,17217,1.28,1275136.51,18:00
2018,6,2018-06-01,Netflix,Filme,Drama,Top Hits,280687,84.0,454099,158739,2.19,3124835.66,21:00
2018,6,2018-06-01,YouTube Music,Filme,Comédia,Top Hits,191942,26.9,88450,174549,3.34,3219043.26,18:00
2018,6,2018-06-01,Disney+,Música,Ação,Filme Solar,1910429,17.0,268413,10288,3.06,4805271.59,08:00
2018,6,2018-06-01,YouTube Music,Podcast,Drama,Série Mistério,376951,72.0,474458,199798,4.69,3022415.01,21:00
2018,6,2018-06-01,Spotify,Filme,Comédia,Podcast Tech,991691,82.0,117823,130677,4.1,3592865.9,18:00
2018,6,2018-06-01,Spotify,Música,Ação,Filme Solar,834218,58.6,415234,129068,2.98,1780861.58,21:00
2018,6,2018-06-01,YouTube Music,Série,Pop,Podcast Tech,1584420,74.9,18433,184431,1.73,2961830.46,12:00
2018,6,2018-06-01,Prime Video,Série,Comédia,Top Hits,126694,84.1,212760,98129,3.98,933299.77,21:00
2018,6,2018-06-01,Prime Video,Filme,Pop,Série Mistério,1344778,35.5,311377,98037,4.4,2068115.0,12:00
2018,6,2018-06-01,Prime Video,Podcast,Ação,Podcast Tech,432743,26.7,404447,20172,3.0,1225980.81,08:00
2018,6,2018-06-01,Prime Video,Podcast,Tecnologia,Podcast Tech,1874188,81.5,18764,81628,4.66,1622992.89,21:00
2018,6,2018-06-01,Netflix,Filme,Ação,Top Hits,169967,76.5,17662,76302,3.86,4176536.42,18:00
2018,6,2018-06-01,Prime Video,Música,Tecnologia,Série Mistério,26310,21.5,385207,182829,2.74,3784327.83,21:00
2018,6,2018-06-01,YouTube Music,Música,Ação,Top Hits,1119431,29.8,474876,150082,2.85,526226.15,21:00
2018,6,2018-06-01,Spotify,Filme,Comédia,Série Mistério,1337097,74.3,246937,78958,1.82,4466391.11,18:00
2018,6,2018-06-01,Prime Video,Música,Comédia,Top Hits,1594392,71.3,445734,142427,1.13,2426808.49,21:00
2018,6,2018-06-01,Prime Video,Filme,Tecnologia,Podcast Tech,1313098,8.1,81978,119735,3.92,208365.01,21:00
2018,6,2018-06-01,Netflix,Série,Tecnologia,Filme Solar,989898,47.4,439761,27219,2.68,3739486.06,21:00
2018,6,2018-06-01,YouTube Music,Música,Pop,Filme Solar,407902,79.5,360769,68647,1.67,3620693.99,21:00
2018,6,2018-06-01,Disney+,Filme,Drama,Filme Solar,1399462,89.4,367802,10856,2.68,4234256.46,12:00
2018,6,2018-06-01,YouTube Music,Música,Tecnologia,Top Hits,132242,68.9,55881,120708,4.82,4777769.28,08:00
2018,6,2018-06-01,Disney+,Música,Pop,Top Hits,1999624,31.6,359840,32345,2.78,2947474.97,12:00
2018,6,2018-06-01,YouTube Music,Podcast,Ação,Podcast Tech,195605,43.1,359897,166589,4.63,476323.55,08:00
2018,6,2018-06-01,YouTube Music,Série,Drama,Série Mistério,1558516,49.7,174198,195248,1.16,3415543.37,21:00
2018,6,2018-06-01,Spotify,Filme,Ação,Filme Solar,340492,69.2,186853,110409,3.0,608221.16,21:00
2018,6,2018-06-01,Netflix,Podcast,Tecnologia,Série Mistério,1633923,37.9,206695,44960,3.82,4442627.16,18:00
2018,6,2018-06-01,Spotify,Série,Pop,Top Hits,1369390,34.9,272557,170467,1.03,2521272.48,08:00
2018,6,2018-06-01,YouTube Music,Podcast,Ação,Filme Solar,326530,19.7,59340,110341,3.92,4592971.25,12:00
2018,6,2018-06-01,Netflix,Filme,Pop,Filme Solar,593537,59.4,54475,47387,2.74,2196119.54,18:00
2018,6,2018-06-01,Spotify,Série,Ação,Filme Solar,549570,83.6,131864,107758,2.88,2805535.41,12:00
2018,6,2018-06-01,Disney+,Música,Ação,Podcast Tech,67031,52.5,69749,64249,4.27,2020539.32,08:00
2018,6,2018-06-01,YouTube Music,Podcast,Comédia,Série Mistério,1762746,64.4,251965,44104,4.69,1993914.41,12:00
2018,6,2018-06-01,Spotify,Série,Tecnologia,Série Mistério,394820,75.2,119882,98799,1.35,2722646.27,18:00
2018,6,2018-06-01,Disney+,Filme,Tecnologia,Top Hits,741128,12.1,390988,4483,4.89,2388114.53,21:00
2018,6,2018-06-01,Disney+,Filme,Pop,Série Mistério,1316816,56.0,179264,6880,4.37,3263728.0,21:00
2018,7,2018-07-01,Prime Video,Série,Ação,Filme Solar,1628254,81.3,376522,83092,3.6,4137836.73,21:00
2018,7,2018-07-01,YouTube Music,Podcast,Drama,Top Hits,190699,50.0,362228,166644,3.69,1393336.91,08:00
2018,7,2018-07-01,Prime Video,Filme,Comédia,Podcast Tech,316033,89.9,407582,69001,3.03,556732.0,12:00
2018,7,2018-07-01,Netflix,Música,Drama,Podcast Tech,1815448,8.9,286750,186999,1.96,1110807.26,18:00
2018,7,2018-07-01,YouTube Music,Série,Tecnologia,Top Hits,14306,5.5,404340,68594,3.85,2165410.79,12:00
2018,7,2018-07-01,Netflix,Filme,Comédia,Filme Solar,920864,27.0,83715,130999,3.09,4030797.78,21:00
2018,7,2018-07-01,Prime Video,Filme,Ação,Filme Solar,637761,65.7,120556,136460,2.99,1062819.95,21:00
2018,7,2018-07-01,Disney+,Podcast,Ação,Filme Solar,1235850,12.6,123371,132516,2.81,1128309.36,08:00
2018,7,2018-07-01,Prime Video,Música,Tecnologia,Série Mistério,1817349,35.1,233193,199430,3.86,527840.08,08:00
2018,7,2018-07-01,Spotify,Música,Tecnologia,Série Mistério,1208441,66.6,201261,92020,2.18,3834907.77,08:00
2018,7,2018-07-01,Prime Video,Filme,Ação,Podcast Tech,1133824,42.3,373088,15841,2.99,3079213.07,08:00
2018,7,2018-07-01,Spotify,Série,Drama,Top Hits,331862,29.2,448104,140358,2.56,3316276.79,12:00
2018,7,2018-07-01,Netflix,Música,Drama,Podcast Tech,1541181,86.8,242796,191308,2.21,3504238.7,21:00
2018,7,2018-07-01,Netflix,Música,Ação,Série Mistério,596688,51.9,257132,46958,1.33,2851243.36,21:00
2018,7,2018-07-01,Prime Video,Série,Pop,Série Mistério,1074862,18.0,392719,78586,2.51,4220887.33,18:00
2018,7,2018-07-01,Prime Video,Série,Drama,Top Hits,644381,43.3,356598,107448,3.66,546868.86,18:00
2018,7,2018-07-01,Disney+,Podcast,Ação,Top Hits,1001421,58.9,470262,193420,4.08,4440602.02,18:00
2018,7,2018-07-01,Netflix,Podcast,Tecnologia,Top Hits,927774,44.0,269019,17729,4.61,2132578.94,21:00
2018,7,2018-07-01,Spotify,Série,Ação,Podcast Tech,1701705,15.8,300012,3559,3.74,2989222.78,18:00
2018,7,2018-07-01,Netflix,Podcast,Pop,Filme Solar,1113183,10.8,414465,95956,1.76,2272161.36,08:00
2018,7,2018-07-01,YouTube Music,Filme,Pop,Série Mistério,1482466,79.5,453363,159992,1.66,768355.85,08:00
2018,7,2018-07-01,Netflix,Música,Comédia,Série Mistério,1301073,35.1,333818,186656,4.99,804133.15,08:00
2018,7,2018-07-01,Disney+,Podcast,Drama,Série Mistério,723957,21.6,2091,176985,2.58,2041672.73,21:00
2018,7,2018-07-01,YouTube Music,Música,Drama,Série Mistério,641202,88.0,439159,39637,1.65,748634.92,12:00
2018,7,2018-07-01,Prime Video,Podcast,Comédia,Filme Solar,1656757,25.0,68393,147982,3.78,3355747.86,08:00
2018,7,2018-07-01,Prime Video,Série,Ação,Série Mistério,1325764,17.5,133471,75389,1.36,2100855.81,12:00
2018,7,2018-07-01,Prime Video,Série,Pop,Filme Solar,1454345,58.6,337049,43107,4.58,1322377.93,08:00
2018,7,2018-07-01,Disney+,Podcast,Tecnologia,Filme Solar,1247933,6.3,21047,64738,2.77,3050810.37,18:00
2018,7,2018-07-01,YouTube Music,Música,Tecnologia,Podcast Tech,116204,87.4,298080,103274,2.95,111518.5,08:00
2018,7,2018-07-01,Prime Video,Filme,Tecnologia,Top Hits,340451,43.0,126619,100231,3.28,1949900.43,12:00
2018,7,2018-07-01,Netflix,Série,Tecnologia,Podcast Tech,1317124,64.0,420825,128442,1.2,1577959.21,08:00
2018,7,2018-07-01,Spotify,Série,Ação,Top Hits,423380,26.6,398697,58781,3.06,3205274.57,12:00
2018,7,2018-07-01,Disney+,Série,Drama,Filme Solar,298073,55.1,352638,44700,3.27,3084285.39,18:00
2018,7,2018-07-01,Prime Video,Filme,Pop,Top Hits,1747501,11.8,422681,190025,1.98,4715707.39,08:00
2018,7,2018-07-01,Spotify,Música,Tecnologia,Podcast Tech,657271,28.6,403868,45501,4.57,4975050.83,21:00
2018,7,2018-07-01,Netflix,Música,Ação,Série Mistério,1742288,61.6,370000,192501,3.06,1790120.15,21:00
2018,7,2018-07-01,Netflix,Música,Drama,Top Hits,1793863,36.4,77008,141271,3.13,2346463.87,12:00
2018,8,2018-08-01,Disney+,Podcast,Tecnologia,Top Hits,588587,89.8,291366,163350,1.41,1890617.76,12:00
2018,8,2018-08-01,YouTube Music,Filme,Tecnologia,Top Hits,1045874,80.4,478452,155318,4.43,1689392.13,18:00
2018,8,2018-08-01,Netflix,Série,Comédia,Filme Solar,1002425,13.9,190148,16043,1.72,1089811.48,12:00
2018,8,2018-08-01,Disney+,Filme,Pop,Série Mistério,1704476,28.2,193443,182628,1.38,3583732.43,12:00
2018,8,2018-08-01,YouTube Music,Música,Comédia,Filme Solar,570244,45.0,142802,95139,1.71,2622583.51,21:00
2018,8,2018-08-01,Disney+,Música,Pop,Top Hits,348322,55.8,350116,28351,4.46,1319250.47,18:00
2018,8,2018-08-01,Spotify,Música,Tecnologia,Série Mistério,440102,67.5,72332,1928,2.06,1399154.44,08:00
2018,8,2018-08-01,Spotify,Podcast,Tecnologia,Filme Solar,11543,34.3,209160,128669,4.1,2538605.4,18:00
2018,8,2018-08-01,Spotify,Podcast,Comédia,Série Mistério,684224,48.9,314720,48072,1.49,4892438.93,18:00
2018,8,2018-08-01,Spotify,Filme,Pop,Série Mistério,1976196,65.7,291860,184036,3.39,3767535.71,18:00
2018,8,2018-08-01,Spotify,Filme,Ação,Top Hits,1644782,12.6,46566,54588,2.24,2441079.45,12:00
2018,8,2018-08-01,YouTube Music,Filme,Tecnologia,Série Mistério,1022734,59.0,217020,43226,4.29,998448.44,08:00
2018,8,2018-08-01,Netflix,Música,Pop,Podcast Tech,106985,86.9,117259,143693,3.26,2344254.79,21:00
2018,8,2018-08-01,Netflix,Podcast,Drama,Série Mistério,1452304,10.8,217810,35816,1.75,3986227.26,18:00
2018,8,2018-08-01,Disney+,Filme,Pop,Série Mistério,1181452,36.3,479782,32975,1.26,2357100.6,12:00
2018,8,2018-08-01,Spotify,Podcast,Tecnologia,Filme Solar,1100608,74.2,472210,10375,1.27,1200405.75,08:00
2018,8,2018-08-01,YouTube Music,Música,Pop,Top Hits,949609,30.9,243110,14876,3.81,1341338.43,21:00
2018,8,2018-08-01,YouTube Music,Série,Ação,Top Hits,1387717,21.4,469052,79873,3.72,4676283.73,08:00
2018,8,2018-08-01,Disney+,Série,Ação,Filme Solar,1624423,44.3,112415,93246,3.28,4068647.38,18:00
2018,8,2018-08-01,Prime Video,Filme,Drama,Filme Solar,1255636,12.4,346784,166248,2.48,4521877.85,08:00
2018,8,2018-08-01,Netflix,Série,Tecnologia,Top Hits,773583,45.9,435329,1478,3.26,4904981.33,12:00
2018,8,2018-08-01,Netflix,Filme,Comédia,Série Mistério,377506,54.6,309441,14436,3.55,1888775.8,12:00
2018,8,2018-08-01,Spotify,Música,Ação,Podcast Tech,1986563,53.1,183532,24215,2.9,603272.07,18:00
2018,8,2018-08-01,Spotify,Série,Drama,Série Mistério,907861,78.5,173408,168919,1.45,3636985.07,12:00
2018,8,2018-08-01,YouTube Music,Podcast,Ação,Série Mistério,1098741,19.0,102357,118603,4.72,4734609.37,08:00
2018,8,2018-08-01,Netflix,Música,Pop,Top Hits,22953,46.3,140419,182710,2.45,2666742.24,08:00
2018,8,2018-08-01,Prime Video,Podcast,Ação,Podcast Tech,136954,23.6,214979,132292,3.61,72467.23,12:00
2018,8,2018-08-01,YouTube Music,Filme,Ação,Top Hits,1559748,84.7,357678,52989,1.2,446189.02,08:00
2018,8,2018-08-01,Prime Video,Podcast,Ação,Podcast Tech,1940477,35.4,348742,170430,4.45,2562715.31,12:00
2018,8,2018-08-01,YouTube Music,Filme,Drama,Série Mistério,985885,57.6,31512,4909,1.96,1043603.85,12:00
2018,8,2018-08-01,Disney+,Música,Ação,Top Hits,1893441,32.4,191357,172014,2.25,3392955.43,18:00
2018,8,2018-08-01,Spotify,Podcast,Comédia,Filme Solar,770964,18.6,475903,119614,4.14,1531234.97,21:00
2018,8,2018-08-01,Disney+,Filme,Pop,Filme Solar,793629,9.2,338486,78955,2.11,90452.62,18:00
2018,8,2018-08-01,Prime Video,Podcast,Drama,Top Hits,548751,80.9,460777,85979,1.02,2624467.69,18:00
2018,8,2018-08-01,Disney+,Música,Drama,Filme Solar,884714,26.3,85695,23271,2.54,4633733.09,12:00
2018,8,2018-08-01,Prime Video,Filme,Tecnologia,Série Mistério,145398,11.7,482988,170822,1.67,2488517.55,18:00
2018,8,2018-08-01,Spotify,Podcast,Comédia,Top Hits,1873091,18.4,449060,3318,3.95,3440675.69,18:00
2018,9,2018-09-01,Prime Video,Série,Ação,Top Hits,308345,11.5,393920,58334,2.42,4221298.38,21:00
2018,9,2018-09-01,Spotify,Podcast,Tecnologia,Filme Solar,665703,80.9,270307,32955,3.64,4553524.55,18:00
2018,9,2018-09-01,Spotify,Filme,Tecnologia,Top Hits,1982530,71.4,60557,187036,4.87,2477056.87,21:00
2018,9,2018-09-01,YouTube Music,Filme,Comédia,Série Mistério,1321694,78.4,234826,132366,3.08,3769825.99,12:00
2018,9,2018-09-01,YouTube Music,Música,Drama,Série Mistério,274181,39.2,179811,98888,2.36,4334659.23,08:00
2018,9,2018-09-01,Disney+,Filme,Tecnologia,Filme Solar,895097,20.6,133834,166516,2.49,2511848.64,08:00
2018,9,2018-09-01,YouTube Music,Série,Pop,Série Mistério,52616,61.4,27764,142853,4.83,2493157.0,08:00
2018,9,2018-09-01,Netflix,Filme,Tecnologia,Podcast Tech,217763,65.4,236008,55045,1.28,4900489.74,12:00
2018,9,2018-09-01,Disney+,Podcast,Drama,Podcast Tech,603772,54.3,264080,38134,2.92,4115140.51,08:00
2018,9,2018-09-01,Disney+,Música,Pop,Filme Solar,1662949,60.1,488882,51826,1.75,4135225.66,08:00
2018,9,2018-09-01,Netflix,Música,Ação,Top Hits,322942,83.5,92461,149350,2.17,799728.06,08:00
2018,9,2018-09-01,Spotify,Podcast,Ação,Top Hits,1987159,53.6,230137,43644,2.89,1991599.47,18:00
2018,9,2018-09-01,Netflix,Filme,Tecnologia,Top Hits,447766,27.9,295953,103953,3.43,3176374.79,12:00
2018,9,2018-09-01,YouTube Music,Música,Pop,Série Mistério,1454655,84.9,299831,154215,1.68,1085910.9,08:00
2018,9,2018-09-01,YouTube Music,Filme,Drama,Série Mistério,998519,65.1,114146,46758,3.58,4676233.45,21:00
2018,9,2018-09-01,YouTube Music,Filme,Drama,Top Hits,265719,16.8,429142,104793,1.44,553439.47,21:00
2018,9,2018-09-01,Spotify,Podcast,Drama,Série Mistério,1459710,6.7,491783,18753,1.55,2112522.59,18:00
2018,9,2018-09-01,Disney+,Música,Tecnologia,Série Mistério,1037920,46.8,499186,48419,4.65,3696373.17,21:00
2018,9,2018-09-01,Spotify,Música,Comédia,Série Mistério,984712,77.1,148758,193796,1.36,939627.81,12:00
2018,9,2018-09-01,Netflix,Série,Pop,Top Hits,678804,83.6,213574,178987,1.47,1819919.29,21:00
2018,9,2018-09-01,YouTube Music,Podcast,Ação,Filme Solar,1067532,17.2,420016,158915,4.81,2423550.46,18:00
2018,9,2018-09-01,Netflix,Filme,Comédia,Podcast Tech,1948953,81.9,382407,19692,4.81,2706789.52,18:00
2018,9,2018-09-01,YouTube Music,Série,Drama,Filme Solar,931019,65.2,402105,119827,3.46,901212.21,08:00
2018,9,2018-09-01,Disney+,Filme,Tecnologia,Podcast Tech,1466767,24.5,245739,65811,4.04,1534725.12,08:00
2018,9,2018-09-01,Prime Video,Filme,Ação,Filme Solar,938597,64.9,476201,141064,4.91,4885408.75,08:00
2018,9,2018-09-01,Netflix,Podcast,Comédia,Filme Solar,73490,58.7,183526,63041,2.14,1179509.2,08:00
2018,9,2018-09-01,Prime Video,Filme,Pop,Filme Solar,934759,61.6,26669,70926,1.55,2249998.72,08:00
2018,9,2018-09-01,Spotify,Música,Drama,Podcast Tech,825632,28.9,341172,73881,1.25,4803200.27,08:00
2018,9,2018-09-01,Prime Video,Filme,Ação,Podcast Tech,1586033,57.0,274227,173202,3.99,192783.33,21:00
2018,9,2018-09-01,YouTube Music,Podcast,Pop,Podcast Tech,1061148,19.7,243035,126139,1.49,242786.69,08:00
2018,9,2018-09-01,YouTube Music,Podcast,Ação,Podcast Tech,1854673,16.8,310900,21550,2.35,3795748.3,08:00
2018,9,2018-09-01,Netflix,Série,Drama,Filme Solar,322315,8.8,221537,182041,3.11,3085188.96,12:00
2018,9,2018-09-01,Disney+,Filme,Ação,Filme Solar,952000,52.3,200859,179294,2.02,1688007.43,08:00
2018,9,2018-09-01,Disney+,Filme,Drama,Filme Solar,1071121,81.8,294607,70129,4.22,3376826.75,18:00
2018,9,2018-09-01,Netflix,Música,Comédia,Podcast Tech,1552891,6.5,483414,103046,2.62,3319075.42,12:00
2018,9,2018-09-01,Prime Video,Podcast,Pop,Série Mistério,1520310,81.3,328823,106342,3.92,940619.4,21:00
2018,9,2018-09-01,YouTube Music,Série,Pop,Podcast Tech,1075032,7.6,147153,153779,2.32,2397020.85,21:00
2018,10,2018-10-01,Spotify,Filme,Ação,Top Hits,41668,18.4,468367,113187,2.46,3883703.92,18:00
2018,10,2018-10-01,Disney+,Filme,Pop,Top Hits,1776047,66.9,362135,12586,3.89,4671223.44,12:00
2018,10,2018-10-01,Netflix,Filme,Pop,Top Hits,673594,12.6,167168,178051,4.75,1449813.23,18:00
2018,10,2018-10-01,Disney+,Série,Comédia,Podcast Tech,1132717,80.5,187801,40550,2.68,2429459.03,08:00
2018,10,2018-10-01,YouTube Music,Filme,Pop,Top Hits,1029484,42.1,258386,183167,1.07,1747862.08,21:00
2018,10,2018-10-01,YouTube Music,Música,Comédia,Filme Solar,484384,38.8,421768,121267,4.41,1256475.03,18:00
2018,10,2018-10-01,YouTube Music,Música,Pop,Top Hits,663137,20.6,74330,66296,1.5,3843616.22,21:00
2018,10,2018-10-01,Disney+,Série,Comédia,Top Hits,1334014,70.2,248935,95416,2.9,350465.67,08:00
2018,10,2018-10-01,Spotify,Série,Tecnologia,Filme Solar,1420796,71.8,30936,58859,3.03,482990.98,08:00
2018,10,2018-10-01,Prime Video,Série,Ação,Filme Solar,1568553,56.4,445835,32727,4.26,4597556.13,08:00
2018,10,2018-10-01,Netflix,Música,Drama,Filme Solar,1250802,48.9,100548,75037,3.83,4204417.47,21:00
2018,10,2018-10-01,YouTube Music,Série,Ação,Série Mistério,171080,25.7,203646,149754,4.62,3863019.48,12:00
2018,10,2018-10-01,Disney+,Filme,Tecnologia,Podcast Tech,1111350,18.3,111600,6407,3.19,1257676.41,18:00
2018,10,2018-10-01,Disney+,Filme,Tecnologia,Podcast Tech,884571,15.5,429654,174665,4.05,3723885.54,21:00
2018,10,2018-10-01,Prime Video,Série,Tecnologia,Filme Solar,848934,68.8,342199,176430,3.86,2631063.18,21:00
2018,10,2018-10-01,Disney+,Música,Drama,Top Hits,538246,35.9,75592,152866,1.99,3050352.11,18:00
2018,10,2018-10-01,Disney+,Série,Tecnologia,Podcast Tech,1271076,77.5,429231,185636,3.12,323956.05,08:00
2018,10,2018-10-01,Spotify,Série,Comédia,Podcast Tech,1598902,21.1,216089,88363,2.05,331635.74,21:00
2018,10,2018-10-01,Spotify,Podcast,Drama,Podcast Tech,231636,75.1,259409,158253,2.96,824468.08,08:00
2018,10,2018-10-01,Disney+,Música,Pop,Filme Solar,1098076,31.0,284224,108177,3.45,4280732.97,12:00
2018,10,2018-10-01,Prime Video,Filme,Pop,Série Mistério,1525058,61.4,44135,160723,4.22,4189749.08,08:00
2018,10,2018-10-01,YouTube Music,Música,Comédia,Podcast Tech,197107,88.5,123625,141665,3.44,4730116.25,18:00
2018,10,2018-10-01,Disney+,Série,Drama,Top Hits,1533087,31.0,324556,73826,4.97,4138651.03,21:00
2018,10,2018-10-01,Prime Video,Filme,Tecnologia,Podcast Tech,1552972,50.8,345451,169901,3.8,1641063.14,12:00
2018,10,2018-10-01,Prime Video,Série,Pop,Filme Solar,517274,26.2,90445,26853,2.98,1001822.5,21:00
2018,10,2018-10-01,YouTube Music,Série,Tecnologia,Série Mistério,266990,67.5,463807,116683,4.71,4938193.48,08:00
2018,10,2018-10-01,Disney+,Série,Pop,Série Mistério,1715649,65.5,359112,29699,4.48,3489678.65,18:00
2018,10,2018-10-01,Spotify,Música,Tecnologia,Filme Solar,37089,37.5,173590,147282,3.22,435848.77,21:00
2018,10,2018-10-01,Disney+,Música,Pop,Top Hits,350226,20.1,379727,197471,3.85,2278393.91,18:00
2018,10,2018-10-01,Netflix,Filme,Pop,Série Mistério,549888,44.0,97643,154162,1.88,4340839.61,18:00
2018,10,2018-10-01,Spotify,Música,Drama,Filme Solar,243225,35.6,406032,13457,4.24,4280251.52,12:00
2018,10,2018-10-01,Netflix,Série,Comédia,Série Mistério,764049,65.7,453858,88870,1.16,3222106.69,21:00
2018,10,2018-10-01,Spotify,Podcast,Tecnologia,Filme Solar,384398,47.0,371463,131789,1.96,446024.54,12:00
2018,10,2018-10-01,Netflix,Filme,Drama,Filme Solar,502785,31.3,258128,20241,2.66,1011398.03,12:00
2018,10,2018-10-01,Disney+,Filme,Tecnologia,Série Mistério,1985157,31.6,332306,195083,4.02,3253882.13,12:00
2018,10,2018-10-01,YouTube Music,Podcast,Pop,Podcast Tech,70776,7.1,421090,114707,3.73,2314715.85,12:00
2018,10,2018-10-01,YouTube Music,Podcast,Comédia,Podcast Tech,1636346,37.0,404954,67453,3.88,3109718.05,18:00
2018,11,2018-11-01,YouTube Music,Filme,Comédia,Série Mistério,760110,59.2,290269,157038,3.14,1124850.03,21:00
2018,11,2018-11-01,YouTube Music,Série,Drama,Podcast Tech,806157,16.7,92293,18854,4.35,3179106.09,08:00
2018,11,2018-11-01,Netflix,Música,Pop,Série Mistério,1830411,49.9,464249,47547,3.68,3101289.86,18:00
2018,11,2018-11-01,Spotify,Série,Ação,Série Mistério,1509428,34.8,189048,25553,4.31,4460178.22,08:00
2018,11,2018-11-01,Spotify,Música,Pop,Podcast Tech,1374512,82.7,121269,8675,1.05,3758683.48,08:00
2018,11,2018-11-01,Prime Video,Série,Comédia,Top Hits,1986247,73.4,145139,12650,4.77,4390746.15,12:00
2018,11,2018-11-01,Spotify,Música,Tecnologia,Top Hits,265514,19.0,44887,2042,1.86,4330274.52,08:00
2018,11,2018-11-01,YouTube Music,Filme,Pop,Série Mistério,1982949,49.1,133107,186878,3.59,2463342.62,18:00
2018,11,2018-11-01,Prime Video,Filme,Ação,Podcast Tech,1781515,64.1,166912,36471,4.62,2305728.66,21:00
2018,11,2018-11-01,Disney+,Série,Pop,Top Hits,660600,88.0,56278,28154,2.76,227229.29,12:00
2018,11,2018-11-01,Spotify,Podcast,Drama,Top Hits,1173095,48.8,234261,180246,1.15,1221807.69,21:00
2018,11,2018-11-01,YouTube Music,Podcast,Tecnologia,Filme Solar,822388,49.5,18484,33814,3.71,725376.84,18:00
2018,11,2018-11-01,Disney+,Música,Comédia,Top Hits,1301774,37.9,142653,28176,4.2,2758353.82,12:00
2018,11,2018-11-01,YouTube Music,Filme,Pop,Podcast Tech,170794,50.2,41785,117016,3.88,3134930.3,08:00
2018,11,2018-11-01,Disney+,Música,Comédia,Série Mistério,87715,49.7,491198,55404,1.45,4757454.82,18:00
2018,11,2018-11-01,Prime Video,Música,Ação,Top Hits,714234,9.2,374172,103414,4.8,4973274.06,12:00
2018,11,2018-11-01,Disney+,Série,Tecnologia,Top Hits,182626,24.9,57394,137130,2.53,4748931.49,08:00
2018,11,2018-11-01,Spotify,Filme,Ação,Top Hits,750887,85.1,369019,83697,2.29,1816073.07,21:00
2018,11,2018-11-01,Spotify,Série,Tecnologia,Série Mistério,1109521,38.2,41011,119547,1.47,1852450.32,21:00
2018,11,2018-11-01,YouTube Music,Música,Ação,Filme Solar,1122423,11.7,335774,147446,4.38,2971911.92,12:00
2018,11,2018-11-01,Disney+,Podcast,Pop,Série Mistério,1198420,67.0,114774,75847,2.6,3526140.83,21:00
2018,11,2018-11-01,Prime Video,Série,Tecnologia,Top Hits,729014,26.0,254654,119608,3.96,3511589.51,21:00
2018,11,2018-11-01,Spotify,Série,Comédia,Top Hits,555592,71.1,297317,17945,4.26,2764894.71,18:00
2018,11,2018-11-01,Netflix,Podcast,Comédia,Série Mistério,1759428,38.3,208431,74295,1.83,3339134.79,21:00
2018,11,2018-11-01,Spotify,Série,Ação,Série Mistério,1112525,49.9,391314,189168,1.99,746590.09,18:00
2018,11,2018-11-01,Netflix,Filme,Pop,Série Mistério,1316638,56.8,174592,14240,1.52,2339550.88,12:00
2018,11,2018-11-01,Spotify,Podcast,Drama,Filme Solar,77835,64.6,125717,38272,1.22,2492576.51,18:00
2018,11,2018-11-01,Disney+,Filme,Ação,Podcast Tech,22686,72.1,318146,20053,2.99,3105465.94,12:00
2018,11,2018-11-01,Disney+,Série,Drama,Top Hits,1189450,63.5,181140,109841,1.09,3868463.78,21:00
2018,11,2018-11-01,YouTube Music,Música,Comédia,Série Mistério,605237,86.4,317859,70096,4.83,4460908.84,12:00
2018,11,2018-11-01,Netflix,Série,Pop,Top Hits,1060941,20.9,329385,102002,4.38,3612667.33,21:00
2018,11,2018-11-01,Spotify,Filme,Drama,Filme Solar,64558,47.0,115735,162570,4.3,1751846.39,12:00
2018,11,2018-11-01,Disney+,Filme,Pop,Filme Solar,346334,80.1,127442,141005,4.56,4884507.66,12:00
2018,11,2018-11-01,Prime Video,Filme,Pop,Série Mistério,193270,73.1,437051,187685,4.04,2483145.24,18:00
2018,11,2018-11-01,Prime Video,Música,Comédia,Podcast Tech,437789,61.4,420397,60980,4.53,1513103.16,18:00
2018,11,2018-11-01,Netflix,Música,Comédia,Filme Solar,751198,61.3,137800,19428,4.22,2926226.3,12:00
2018,11,2018-11-01,Spotify,Podcast,Drama,Top Hits,908000,53.3,246082,122568,1.05,2051029.96,08:00
2018,12,2018-12-01,YouTube Music,Podcast,Tecnologia,Top Hits,1752931,9.3,420309,153761,3.76,719537.35,12:00
2018,12,2018-12-01,Netflix,Música,Ação,Top Hits,1349592,85.7,404008,3228,1.55,721559.34,21:00
2018,12,2018-12-01,Disney+,Série,Drama,Top Hits,433835,33.9,76106,139289,1.32,1226993.74,18:00
2018,12,2018-12-01,Spotify,Série,Pop,Filme Solar,1983726,61.9,440450,135186,2.13,2936235.48,21:00
2018,12,2018-12-01,Prime Video,Podcast,Ação,Top Hits,501272,60.7,99568,172644,2.74,1721859.99,08:00
2018,12,2018-12-01,Disney+,Música,Pop,Podcast Tech,1294545,35.2,276912,156491,1.05,2759172.97,12:00
2018,12,2018-12-01,Spotify,Música,Ação,Filme Solar,382208,35.0,282358,119093,3.13,1774460.23,21:00
2018,12,2018-12-01,Disney+,Música,Pop,Top Hits,542858,34.2,315471,57176,1.42,725197.72,18:00
2018,12,2018-12-01,Disney+,Série,Comédia,Podcast Tech,1107308,51.9,57413,84716,2.65,3250911.69,18:00
2018,12,2018-12-01,Prime Video,Música,Tecnologia,Série Mistério,206428,69.6,256346,111091,2.25,3991281.18,12:00
2018,12,2018-12-01,Prime Video,Série,Tecnologia,Filme Solar,1764372,19.1,119734,114833,3.3,4994566.69,12:00
2018,12,2018-12-01,Netflix,Série,Pop,Podcast Tech,1625153,61.9,196802,97078,4.13,628412.65,08:00
2018,12,2018-12-01,Netflix,Série,Drama,Filme Solar,1886312,57.8,172564,100846,4.86,4049975.71,21:00
2018,12,2018-12-01,Netflix,Música,Drama,Série Mistério,1471126,62.8,348289,165403,4.17,2943998.31,12:00
2018,12,2018-12-01,YouTube Music,Música,Comédia,Podcast Tech,36223,29.1,269338,155986,1.43,1231391.98,18:00
2018,12,2018-12-01,Spotify,Música,Tecnologia,Filme Solar,424221,18.5,447930,24368,1.3,698024.31,12:00
2018,12,2018-12-01,YouTube Music,Música,Tecnologia,Série Mistério,1385458,67.4,242003,85477,3.99,2072398.97,12:00
2018,12,2018-12-01,Prime Video,Podcast,Pop,Podcast Tech,618450,40.9,468178,169728,2.52,4052712.04,08:00
2018,12,2018-12-01,Disney+,Música,Comédia,Podcast Tech,1199253,88.8,427503,49760,3.42,947369.27,21:00
2018,12,2018-12-01,Netflix,Música,Pop,Série Mistério,705587,40.2,70413,36323,2.95,844906.58,18:00
2018,12,2018-12-01,Disney+,Filme,Ação,Série Mistério,500524,35.9,85250,20623,1.54,4589992.65,21:00
2018,12,2018-12-01,Netflix,Música,Comédia,Filme Solar,717827,86.6,186289,180965,1.94,2705203.3,18:00
2018,12,2018-12-01,Netflix,Podcast,Ação,Filme Solar,1698086,86.5,65937,16289,4.89,4043432.05,21:00
2018,12,2018-12-01,YouTube Music,Podcast,Comédia,Podcast Tech,421964,45.2,440605,186355,2.03,3611955.78,12:00
2018,12,2018-12-01,Prime Video,Podcast,Ação,Podcast Tech,1527989,12.5,245904,75520,3.26,828027.1,18:00
2018,12,2018-12-01,Prime Video,Série,Tecnologia,Série Mistério,1262369,60.0,39210,6084,4.98,660995.16,18:00
2018,12,2018-12-01,YouTube Music,Música,Pop,Top Hits,261719,18.3,474633,21619,3.91,1624585.13,21:00
2018,12,2018-12-01,Prime Video,Série,Pop,Série Mistério,204856,76.1,59165,68016,1.45,2697299.69,18:00
2018,12,2018-12-01,Spotify,Filme,Drama,Top Hits,1901277,43.4,151436,107702,4.85,3570014.48,18:00
2018,12,2018-12-01,YouTube Music,Podcast,Comédia,Top Hits,475926,89.7,181220,71815,4.84,1741101.02,21:00
2018,12,2018-12-01,Disney+,Podcast,Pop,Top Hits,1567910,30.3,395120,142240,4.47,2296413.39,18:00
2018,12,2018-12-01,Spotify,Série,Comédia,Filme Solar,1857298,60.7,30009,148960,2.73,3999918.01,08:00
2018,12,2018-12-01,Prime Video,Podcast,Drama,Série Mistério,307055,18.9,28083,69601,4.91,3056489.99,18:00
2018,12,2018-12-01,Spotify,Série,Ação,Série Mistério,954874,62.0,440857,135254,3.6,296694.04,08:00
2018,12,2018-12-01,Netflix,Filme,Pop,Filme Solar,1441879,81.1,360872,161518,4.82,4107994.75,12:00
2018,12,2018-12-01,YouTube Music,Filme,Tecnologia,Série Mistério,1444874,38.9,83446,17457,3.5,3113719.51,18:00
2018,12,2018-12-01,Netflix,Série,Comédia,Top Hits,262830,67.8,47752,57940,1.8,547048.84,18:00
2019,1,2019-01-01,Prime Video,Filme,Comédia,Podcast Tech,1576924,88.1,138698,169703,3.34,2364295.49,21:00
2019,1,2019-01-01,Disney+,Podcast,Tecnologia,Podcast Tech,1306565,62.4,325250,142862,2.5,4726915.89,08:00
2019,1,2019-01-01,Netflix,Música,Tecnologia,Podcast Tech,1940662,77.1,68391,120851,4.95,1295068.46,08:00
2019,1,2019-01-01,Disney+,Filme,Ação,Podcast Tech,845649,71.9,303071,54949,2.43,3046842.57,12:00
2019,1,2019-01-01,Spotify,Podcast,Drama,Top Hits,1465048,60.5,418026,180437,2.66,4936912.16,21:00
2019,1,2019-01-01,Disney+,Música,Pop,Filme Solar,630338,15.6,183947,56977,3.75,1395662.48,18:00
2019,1,2019-01-01,Disney+,Série,Tecnologia,Série Mistério,1588318,30.1,114480,101205,3.65,4071313.8,18:00
2019,1,2019-01-01,YouTube Music,Música,Tecnologia,Série Mistério,1918556,84.0,55337,117043,1.68,4608364.15,21:00
2019,1,2019-01-01,Netflix,Música,Drama,Série Mistério,1891509,75.1,64673,138123,4.18,4399589.49,12:00
2019,1,2019-01-01,Spotify,Filme,Tecnologia,Série Mistério,404498,17.1,128811,80560,4.82,646501.69,08:00
2019,1,2019-01-01,Prime Video,Filme,Comédia,Top Hits,824607,87.6,447140,21544,1.4,3951678.46,18:00
2019,1,2019-01-01,YouTube Music,Podcast,Pop,Top Hits,1220389,69.0,402927,12734,3.58,3062117.41,08:00
2019,1,2019-01-01,Netflix,Podcast,Pop,Série Mistério,1870045,79.3,392861,57940,3.18,2468935.6,21:00
2019,1,2019-01-01,YouTube Music,Música,Pop,Filme Solar,1747973,56.8,482798,15083,2.35,4727281.17,12:00
2019,1,2019-01-01,Disney+,Podcast,Ação,Filme Solar,1221627,56.6,267021,33306,4.83,2365061.15,08:00
2019,1,2019-01-01,Prime Video,Música,Ação,Podcast Tech,996018,71.8,459271,37824,4.1,1743946.21,08:00
2019,1,2019-01-01,Spotify,Podcast,Tecnologia,Podcast Tech,1949247,45.3,80020,2666,2.38,2037154.18,21:00
2019,1,2019-01-01,Spotify,Podcast,Pop,Podcast Tech,1339276,23.9,270874,159119,1.38,3275278.27,12:00
2019,1,2019-01-01,Disney+,Música,Tecnologia,Top Hits,701100,8.4,474495,13780,1.16,2006856.16,21:00
2019,1,2019-01-01,Netflix,Série,Comédia,Filme Solar,1860217,11.2,310466,52666,2.77,3980185.77,21:00
2019,1,2019-01-01,Spotify,Filme,Pop,Série Mistério,586715,20.3,122325,167183,1.76,4947797.64,08:00
2019,1,2019-01-01,Netflix,Filme,Drama,Filme Solar,652293,45.4,242332,64494,2.17,150336.06,18:00
2019,1,2019-01-01,Spotify,Podcast,Tecnologia,Série Mistério,1606178,12.8,5784,138015,2.7,2406924.51,08:00
2019,1,2019-01-01,Disney+,Música,Comédia,Filme Solar,1554723,47.3,181106,193062,2.45,1419204.26,12:00
2019,1,2019-01-01,YouTube Music,Música,Tecnologia,Podcast Tech,964883,57.6,219408,159217,1.33,4581954.39,21:00
2019,1,2019-01-01,Disney+,Podcast,Tecnologia,Série Mistério,1394674,48.5,352728,187854,3.3,997968.58,12:00
2019,1,2019-01-01,Disney+,Podcast,Tecnologia,Série Mistério,367423,52.2,62214,77404,4.85,1847021.25,18:00
2019,1,2019-01-01,YouTube Music,Filme,Tecnologia,Podcast Tech,1426223,16.6,461117,127730,4.57,1594475.37,18:00
2019,1,2019-01-01,Spotify,Música,Pop,Top Hits,355961,59.7,291673,6273,1.39,2867436.56,18:00
2019,1,2019-01-01,Netflix,Podcast,Ação,Série Mistério,573288,52.0,129232,197410,1.03,236572.02,08:00
2019,1,2019-01-01,Netflix,Série,Drama,Top Hits,917174,44.9,430119,141374,3.72,2299030.24,08:00
2019,1,2019-01-01,Disney+,Podcast,Pop,Top Hits,205933,56.3,205548,32316,3.1,1445922.16,12:00
2019,1,2019-01-01,YouTube Music,Música,Pop,Top Hits,860606,5.5,61795,148404,1.28,3543586.77,21:00
2019,1,2019-01-01,Disney+,Podcast,Tecnologia,Top Hits,761424,78.6,166869,189010,4.57,396325.79,12:00
2019,1,2019-01-01,Prime Video,Série,Drama,Top Hits,1160948,26.9,47189,27194,4.37,4120966.79,18:00
2019,1,2019-01-01,Netflix,Podcast,Ação,Top Hits,1179100,59.2,316525,407,3.79,4433738.68,18:00
2019,1,2019-01-01,Disney+,Filme,Tecnologia,Série Mistério,170328,32.0,459881,49151,2.58,4155990.08,08:00
2019,2,2019-02-01,Prime Video,Série,Pop,Filme Solar,74940,87.6,30350,184283,4.47,1362347.54,21:00
2019,2,2019-02-01,Prime Video,Podcast,Tecnologia,Série Mistério,644544,42.3,32774,33473,2.78,1879031.79,12:00
2019,2,2019-02-01,Disney+,Série,Drama,Podcast Tech,302961,36.2,226632,109342,3.68,2837658.88,18:00
2019,2,2019-02-01,Netflix,Série,Pop,Série Mistério,757423,76.2,119764,47519,4.29,357009.84,18:00
2019,2,2019-02-01,Spotify,Música,Comédia,Filme Solar,431377,78.3,112577,83265,4.31,541514.26,18:00
2019,2,2019-02-01,Netflix,Filme,Ação,Série Mistério,1549044,51.4,387895,40242,1.97,4711346.62,12:00
2019,2,2019-02-01,Netflix,Filme,Drama,Top Hits,1317751,6.3,162475,69719,1.98,1914297.61,21:00
2019,2,2019-02-01,Netflix,Música,Tecnologia,Top Hits,146960,81.4,100955,78855,3.43,3247512.7,18:00
2019,2,2019-02-01,Disney+,Filme,Ação,Série Mistério,1326893,33.1,400152,41770,3.23,291269.28,18:00
2019,2,2019-02-01,Disney+,Filme,Comédia,Série Mistério,1230627,20.5,63308,15044,3.69,3168266.93,21:00
2019,2,2019-02-01,Disney+,Música,Ação,Filme Solar,1338868,87.8,299849,177604,2.7,2043856.75,21:00
2019,2,2019-02-01,Disney+,Filme,Drama,Série Mistério,1620197,41.2,179647,2006,1.51,3760922.25,21:00
2019,2,2019-02-01,Spotify,Podcast,Tecnologia,Top Hits,350362,20.1,383116,164842,1.44,2647473.48,18:00
2019,2,2019-02-01,YouTube Music,Podcast,Tecnologia,Série Mistério,251453,81.5,109457,72411,1.75,1683564.43,21:00
2019,2,2019-02-01,YouTube Music,Podcast,Comédia,Podcast Tech,378893,52.7,322530,42888,1.67,4164338.58,12:00
2019,2,2019-02-01,YouTube Music,Série,Pop,Filme Solar,1030696,77.5,392481,90794,3.21,1774304.87,21:00
2019,2,2019-02-01,Netflix,Podcast,Tecnologia,Série Mistério,637957,40.6,204580,135814,4.74,4267855.75,12:00
2019,2,2019-02-01,Disney+,Podcast,Pop,Série Mistério,1702452,77.8,380346,59488,4.49,3548271.5,08:00
2019,2,2019-02-01,Netflix,Podcast,Ação,Top Hits,1765545,83.5,349241,38655,1.4,1276540.01,21:00
2019,2,2019-02-01,YouTube Music,Série,Pop,Top Hits,180384,19.9,74811,165379,3.92,3871150.63,21:00
2019,2,2019-02-01,YouTube Music,Música,Comédia,Podcast Tech,729138,14.3,189057,119281,3.56,1926032.03,08:00
2019,2,2019-02-01,Disney+,Música,Pop,Série Mistério,644305,21.5,188889,80896,4.02,3924007.96,18:00
2019,2,2019-02-01,Netflix,Podcast,Tecnologia,Filme Solar,621532,34.2,207704,116048,1.16,1381033.62,21:00
2019,2,2019-02-01,Prime Video,Filme,Pop,Filme Solar,1637610,70.7,399759,17415,2.76,4946708.96,12:00
2019,2,2019-02-01,Disney+,Podcast,Tecnologia,Série Mistério,529829,62.0,300848,196365,3.75,3511398.27,12:00
2019,2,2019-02-01,Spotify,Música,Comédia,Série Mistério,1520737,40.6,482022,76946,3.47,1183216.88,18:00
2019,2,2019-02-01,Prime Video,Podcast,Comédia,Podcast Tech,1395768,32.3,382164,173215,3.37,4088005.23,12:00
2019,2,2019-02-01,Spotify,Podcast,Comédia,Podcast Tech,639902,85.1,384741,140545,4.75,4340285.35,21:00
2019,2,2019-02-01,YouTube Music,Música,Comédia,Filme Solar,411212,31.6,58868,75255,3.7,3833317.53,21:00
2019,2,2019-02-01,Prime Video,Podcast,Comédia,Filme Solar,1496021,38.0,456664,167329,1.98,3812340.78,08:00
2019,2,2019-02-01,Netflix,Música,Tecnologia,Série Mistério,1488985,67.1,59851,26862,1.76,2861275.04,08:00
2019,2,2019-02-01,YouTube Music,Filme,Tecnologia,Série Mistério,1739336,81.2,485979,31339,1.39,803815.67,21:00
2019,2,2019-02-01,YouTube Music,Música,Drama,Podcast Tech,1143722,54.2,470007,92676,1.26,2564982.31,18:00
2019,2,2019-02-01,Spotify,Podcast,Tecnologia,Top Hits,955307,55.2,137958,169350,4.27,569592.67,21:00
2019,2,2019-02-01,Prime Video,Filme,Pop,Série Mistério,1311934,88.1,262642,184300,2.84,3883288.21,18:00
2019,2,2019-02-01,Netflix,Podcast,Comédia,Filme Solar,182953,50.0,192559,89917,3.62,2373847.47,18:00
2019,2,2019-02-01,YouTube Music,Música,Ação,Top Hits,1886071,56.9,393995,86854,4.63,4946045.71,12:00
2019,3,2019-03-01,Spotify,Filme,Drama,Podcast Tech,478193,6.6,499852,197617,2.89,322312.4,21:00
2019,3,2019-03-01,Netflix,Podcast,Ação,Série Mistério,1111767,27.5,266128,193602,4.56,2715847.31,21:00
2019,3,2019-03-01,Netflix,Série,Drama,Filme Solar,634492,34.6,46292,183028,2.44,4889024.67,21:00
2019,3,2019-03-01,Prime Video,Série,Pop,Série Mistério,448551,70.9,322487,10886,2.69,1930024.26,21:00
2019,3,2019-03-01,Spotify,Música,Tecnologia,Podcast Tech,47683,22.8,117422,118793,4.42,3827382.99,12:00
2019,3,2019-03-01,Disney+,Série,Comédia,Filme Solar,217410,28.5,338237,73857,3.89,2142175.54,18:00
2019,3,2019-03-01,Netflix,Série,Tecnologia,Série Mistério,716904,79.7,190139,96663,1.17,2992257.78,08:00
2019,3,2019-03-01,YouTube Music,Filme,Pop,Filme Solar,1228178,79.3,417076,196159,1.82,4513639.66,08:00
2019,3,2019-03-01,Spotify,Música,Comédia,Podcast Tech,374360,39.1,172726,65333,4.66,3225045.36,21:00
2019,3,2019-03-01,YouTube Music,Música,Drama,Podcast Tech,1828756,16.7,458672,93715,2.55,3962306.01,08:00
2019,3,2019-03-01,Prime Video,Série,Pop,Top Hits,1365039,24.3,9701,61627,4.3,2458840.29,12:00
2019,3,2019-03-01,Disney+,Filme,Drama,Top Hits,356606,43.1,149414,39427,2.33,4072994.75,12:00
2019,3,2019-03-01,Disney+,Filme,Pop,Filme Solar,1181505,64.2,311316,73589,4.94,1442133.47,12:00
2019,3,2019-03-01,YouTube Music,Série,Tecnologia,Série Mistério,1409593,74.9,290434,165567,1.47,863647.46,21:00
2019,3,2019-03-01,YouTube Music,Filme,Tecnologia,Podcast Tech,307491,17.7,246753,182095,2.56,3403782.3,08:00
2019,3,2019-03-01,YouTube Music,Música,Tecnologia,Série Mistério,1542555,29.7,385941,13518,4.82,2938025.72,18:00
2019,3,2019-03-01,Disney+,Filme,Ação,Podcast Tech,1864768,34.8,302269,121799,2.29,4768291.58,12:00
2019,3,2019-03-01,Disney+,Série,Pop,Top Hits,838633,31.8,469198,163862,3.94,2618318.98,18:00
2019,3,2019-03-01,Prime Video,Música,Ação,Série Mistério,1332160,28.2,275423,106034,3.68,2482316.2,12:00
2019,3,2019-03-01,Spotify,Podcast,Drama,Filme Solar,1516672,81.9,262723,142943,3.04,475742.28,12:00
2019,3,2019-03-01,Disney+,Música,Drama,Podcast Tech,1104574,22.5,291511,60609,1.52,2575049.09,12:00
2019,3,2019-03-01,Netflix,Filme,Ação,Filme Solar,471458,11.9,272328,41994,1.49,4354912.71,21:00
2019,3,2019-03-01,Prime Video,Podcast,Pop,Filme Solar,1531504,86.6,283975,47473,2.05,2962425.43,12:00
2019,3,2019-03-01,Netflix,Filme,Tecnologia,Podcast Tech,730210,6.0,95537,47506,4.54,4526223.05,12:00
2019,3,2019-03-01,Spotify,Música,Ação,Filme Solar,1317902,26.6,23200,144682,3.77,116419.59,18:00
2019,3,2019-03-01,Disney+,Série,Comédia,Filme Solar,1384246,19.6,277716,136589,2.18,158641.3,21:00
2019,3,2019-03-01,Spotify,Filme,Drama,Filme Solar,375006,13.3,426587,163747,4.41,645778.31,21:00
2019,3,2019-03-01,Spotify,Podcast,Comédia,Podcast Tech,1950411,78.5,475126,27067,2.45,4279508.32,08:00
2019,3,2019-03-01,Netflix,Música,Pop,Série Mistério,1389089,60.7,373591,187687,1.93,2540256.59,21:00
2019,3,2019-03-01,Spotify,Podcast,Pop,Filme Solar,814726,57.6,203200,154747,3.98,3846597.96,21:00
2019,3,2019-03-01,Disney+,Série,Comédia,Top Hits,1434123,73.4,221171,167787,1.9,451765.38,18:00
2019,3,2019-03-01,YouTube Music,Música,Pop,Série Mistério,1321304,42.4,139864,182909,2.89,3341024.66,12:00
2019,3,2019-03-01,Disney+,Música,Tecnologia,Top Hits,91746,30.8,23166,113694,4.61,49440.91,21:00
2019,3,2019-03-01,Prime Video,Filme,Ação,Top Hits,1957924,8.9,478231,158850,3.61,3019396.38,21:00
2019,3,2019-03-01,Disney+,Podcast,Pop,Filme Solar,577751,30.0,211610,164432,1.27,1293623.3,21:00
2019,3,2019-03-01,Disney+,Série,Pop,Podcast Tech,978958,82.1,177864,89118,1.98,2674118.97,18:00
2019,3,2019-03-01,YouTube Music,Filme,Comédia,Série Mistério,1918019,29.7,446147,95129,3.66,1266530.83,21:00
2019,4,2019-04-01,Spotify,Filme,Ação,Top Hits,1538089,52.0,30534,13850,4.26,3103215.19,08:00
2019,4,2019-04-01,YouTube Music,Série,Pop,Filme Solar,1779994,59.6,278504,14079,2.52,4443872.01,21:00
2019,4,2019-04-01,YouTube Music,Série,Tecnologia,Podcast Tech,1101210,81.1,302206,90241,2.93,2116309.57,18:00
2019,4,2019-04-01,Prime Video,Série,Tecnologia,Top Hits,212762,62.1,352848,172472,1.09,3266159.65,21:00
2019,4,2019-04-01,Netflix,Podcast,Comédia,Filme Solar,1301807,9.4,3437,102903,4.52,1154452.14,08:00
2019,4,2019-04-01,Disney+,Podcast,Pop,Série Mistério,1032014,73.3,412839,152443,4.92,1449205.99,12:00
2019,4,2019-04-01,YouTube Music,Filme,Ação,Filme Solar,1398663,72.5,245971,171177,2.01,3747993.08,12:00
2019,4,2019-04-01,Disney+,Música,Tecnologia,Série Mistério,687557,83.6,494367,94182,4.14,3807284.37,12:00
2019,4,2019-04-01,Disney+,Música,Tecnologia,Top Hits,458908,41.0,247125,116996,4.29,3932520.57,18:00
2019,4,2019-04-01,Netflix,Podcast,Tecnologia,Série Mistério,639811,87.7,103075,38646,4.09,715698.48,12:00
2019,4,2019-04-01,Netflix,Música,Drama,Top Hits,106355,58.5,333853,133578,2.65,1770949.36,12:00
2019,4,2019-04-01,YouTube Music,Podcast,Tecnologia,Filme Solar,412219,14.5,163492,7393,1.63,448798.66,21:00
2019,4,2019-04-01,Prime Video,Filme,Drama,Top Hits,607923,42.0,230764,32922,2.85,179735.17,12:00
2019,4,2019-04-01,Spotify,Série,Pop,Série Mistério,1462616,67.3,206976,151887,3.12,4253466.15,18:00
2019,4,2019-04-01,Prime Video,Filme,Tecnologia,Top Hits,1557119,12.1,217224,178107,2.32,48795.06,12:00
2019,4,2019-04-01,Netflix,Música,Ação,Top Hits,1784333,68.5,87240,49519,3.2,1661711.91,08:00
2019,4,2019-04-01,Spotify,Filme,Drama,Filme Solar,1638234,32.2,417429,129582,2.61,4128607.22,12:00
2019,4,2019-04-01,Netflix,Filme,Pop,Podcast Tech,889689,40.4,165172,47505,4.5,3325423.88,08:00
2019,4,2019-04-01,Netflix,Filme,Pop,Filme Solar,1967643,69.6,3632,86202,2.53,1027906.04,12:00
2019,4,2019-04-01,Spotify,Podcast,Comédia,Podcast Tech,440313,15.1,205426,123285,3.25,218928.48,08:00
2019,4,2019-04-01,YouTube Music,Filme,Drama,Top Hits,176057,37.8,65933,164896,1.12,2873328.28,08:00
2019,4,2019-04-01,Netflix,Podcast,Pop,Série Mistério,853283,21.3,412811,175634,3.1,4862254.81,18:00
2019,4,2019-04-01,Spotify,Filme,Drama,Top Hits,651294,19.4,351802,102665,3.71,196508.52,18:00
2019,4,2019-04-01,YouTube Music,Podcast,Tecnologia,Série Mistério,1199849,24.2,279189,106215,4.63,985719.69,18:00
2019,4,2019-04-01,Spotify,Música,Tecnologia,Podcast Tech,870367,60.3,148580,67932,3.25,4369275.07,18:00
2019,4,2019-04-01,Prime Video,Música,Ação,Podcast Tech,271105,82.9,415421,33008,2.01,1887941.43,12:00
2019,4,2019-04-01,YouTube Music,Filme,Drama,Filme Solar,93282,38.9,5029,182656,1.18,2989976.46,12:00
2019,4,2019-04-01,Netflix,Podcast,Comédia,Podcast Tech,355275,68.3,401942,11290,1.77,354732.75,08:00
2019,4,2019-04-01,Prime Video,Podcast,Pop,Filme Solar,622527,42.8,161818,194380,1.74,2858168.91,18:00
2019,4,2019-04-01,Spotify,Filme,Pop,Podcast Tech,210779,58.2,235953,18909,1.61,4645908.97,12:00
2019,4,2019-04-01,Spotify,Série,Drama,Série Mistério,198128,79.7,22838,89267,1.45,714692.04,12:00
2019,4,2019-04-01,Prime Video,Série,Ação,Top Hits,497811,48.6,256234,185121,2.57,265694.62,08:00
2019,4,2019-04-01,Prime Video,Série,Ação,Filme Solar,1000076,9.2,384148,176243,4.17,4939420.71,21:00
2019,4,2019-04-01,YouTube Music,Podcast,Comédia,Top Hits,37132,58.9,153649,79870,3.07,4947538.15,12:00
2019,4,2019-04-01,Disney+,Música,Drama,Filme Solar,1104001,22.1,201152,198102,3.26,2948894.39,08:00
2019,4,2019-04-01,Spotify,Música,Comédia,Podcast Tech,414322,14.8,153752,32036,4.5,43781.79,21:00
2019,4,2019-04-01,Spotify,Série,Ação,Podcast Tech,879629,70.6,96046,105537,4.34,2388516.23,21:00
2019,5,2019-05-01,Netflix,Filme,Comédia,Série Mistério,603008,44.1,150376,197057,2.16,926630.73,21:00
2019,5,2019-05-01,Disney+,Podcast,Ação,Filme Solar,599006,70.1,234427,24244,3.45,1900769.48,18:00
2019,5,2019-05-01,Disney+,Música,Ação,Série Mistério,1161657,7.1,484468,145574,3.06,3476925.76,08:00
2019,5,2019-05-01,Prime Video,Música,Drama,Top Hits,1940842,41.1,337814,44980,4.94,275585.72,12:00
2019,5,2019-05-01,Netflix,Série,Drama,Top Hits,1084631,43.8,338364,60399,3.43,2699255.33,18:00
2019,5,2019-05-01,Disney+,Música,Tecnologia,Filme Solar,522618,41.2,29692,31484,3.73,1781252.84,21:00
2019,5,2019-05-01,Netflix,Série,Ação,Top Hits,1832396,38.1,359849,144714,4.8,2517359.59,12:00
2019,5,2019-05-01,YouTube Music,Filme,Drama,Série Mistério,726449,57.3,147628,106822,3.64,4381797.98,08:00
2019,5,2019-05-01,Prime Video,Filme,Drama,Série Mistério,1229297,45.0,66803,49341,3.55,229209.42,08:00
2019,5,2019-05-01,Prime Video,Podcast,Ação,Filme Solar,1344446,33.3,446384,22935,1.32,745047.99,18:00
2019,5,2019-05-01,Disney+,Música,Tecnologia,Série Mistério,1962251,40.9,323598,122442,1.07,2166523.32,12:00
2019,5,2019-05-01,Disney+,Série,Comédia,Filme Solar,62514,16.4,337978,19666,3.43,3551051.59,12:00
2019,5,2019-05-01,Spotify,Filme,Drama,Série Mistério,235476,8.3,257290,194990,1.73,4732482.28,21:00
2019,5,2019-05-01,YouTube Music,Série,Tecnologia,Top Hits,1325048,44.8,7540,24886,1.17,565270.19,21:00
2019,5,2019-05-01,Disney+,Filme,Comédia,Top Hits,945305,45.1,279661,169944,2.99,1931638.5,18:00
2019,5,2019-05-01,Prime Video,Filme,Tecnologia,Série Mistério,1403366,21.4,432676,77035,1.23,4400041.18,21:00
2019,5,2019-05-01,Spotify,Música,Pop,Top Hits,1346416,86.9,90572,64656,2.82,47099.12,12:00
2019,5,2019-05-01,Spotify,Música,Tecnologia,Filme Solar,356049,47.8,322095,111408,1.01,2457307.26,08:00
2019,5,2019-05-01,Netflix,Podcast,Ação,Top Hits,1451819,82.5,496507,43810,2.83,4956551.83,08:00
2019,5,2019-05-01,Netflix,Música,Pop,Filme Solar,35283,7.3,55195,96377,3.4,3145561.55,18:00
2019,5,2019-05-01,YouTube Music,Série,Pop,Podcast Tech,1893119,51.2,362123,131870,1.9,706368.79,08:00
2019,5,2019-05-01,YouTube Music,Filme,Drama,Filme Solar,722697,22.5,433525,91495,4.11,1823366.27,18:00
2019,5,2019-05-01,Spotify,Série,Comédia,Filme Solar,561040,33.7,189969,24524,2.76,1828893.62,21:00
2019,5,2019-05-01,Spotify,Podcast,Pop,Série Mistério,111223,10.8,296074,134537,1.01,94274.04,08:00
2019,5,2019-05-01,YouTube Music,Série,Drama,Série Mistério,1167731,88.1,291881,8070,4.49,38119.82,08:00
2019,5,2019-05-01,Spotify,Música,Pop,Podcast Tech,991251,21.8,145728,62969,1.74,1924473.93,18:00
2019,5,2019-05-01,Prime Video,Série,Tecnologia,Podcast Tech,1645950,27.0,111959,43781,4.82,3154605.06,21:00
2019,5,2019-05-01,Spotify,Filme,Pop,Podcast Tech,898443,48.9,24159,92169,2.63,312960.32,08:00
2019,5,2019-05-01,Netflix,Filme,Pop,Podcast Tech,1685373,69.6,472746,31225,3.04,170898.93,12:00
2019,5,2019-05-01,Spotify,Filme,Drama,Top Hits,1513627,11.6,483860,40042,1.46,4259363.26,12:00
2019,5,2019-05-01,Netflix,Música,Pop,Série Mistério,1130432,51.3,159423,37893,1.61,2824023.48,21:00
2019,5,2019-05-01,Disney+,Série,Drama,Podcast Tech,1352923,34.3,40337,149791,2.51,2908290.95,12:00
2019,5,2019-05-01,Spotify,Série,Tecnologia,Série Mistério,1308452,66.8,231868,194505,3.1,1723854.59,12:00
2019,5,2019-05-01,YouTube Music,Podcast,Comédia,Podcast Tech,901688,23.1,156400,60137,1.38,4356703.71,18:00
2019,5,2019-05-01,Prime Video,Filme,Ação,Top Hits,1420253,24.1,144638,62636,1.51,855141.92,08:00
2019,5,2019-05-01,YouTube Music,Filme,Comédia,Top Hits,337407,79.3,173792,7427,2.67,632023.63,21:00
2019,5,2019-05-01,Netflix,Música,Comédia,Filme Solar,1848067,29.5,330198,56986,1.48,1595655.1,21:00
2019,6,2019-06-01,Prime Video,Podcast,Tecnologia,Filme Solar,1471800,24.6,34964,43796,2.2,2872989.87,12:00
2019,6,2019-06-01,Disney+,Filme,Drama,Filme Solar,343332,36.9,439218,10733,3.58,2095361.66,18:00
2019,6,2019-06-01,Disney+,Filme,Comédia,Série Mistério,1778903,20.3,309861,46670,4.72,4671523.14,12:00
2019,6,2019-06-01,Disney+,Podcast,Ação,Podcast Tech,1697480,52.2,39707,37302,4.24,3069528.47,12:00
2019,6,2019-06-01,YouTube Music,Filme,Drama,Filme Solar,1997334,67.6,128571,153665,3.18,25529.48,12:00
2019,6,2019-06-01,Netflix,Filme,Tecnologia,Série Mistério,1264840,46.9,487116,83523,3.21,3652764.58,21:00
2019,6,2019-06-01,YouTube Music,Filme,Ação,Top Hits,421107,6.4,334544,90833,1.71,4251442.87,12:00
2019,6,2019-06-01,Disney+,Podcast,Tecnologia,Filme Solar,492418,58.1,234949,54579,2.65,117846.51,08:00
2019,6,2019-06-01,Prime Video,Série,Drama,Filme Solar,1805027,33.1,9505,41136,2.27,578439.24,12:00
2019,6,2019-06-01,Netflix,Podcast,Drama,Top Hits,1531891,84.3,234585,63366,3.8,4457615.12,18:00
2019,6,2019-06-01,Disney+,Série,Tecnologia,Podcast Tech,356556,58.2,479646,195316,1.03,4334813.76,18:00
2019,6,2019-06-01,Netflix,Série,Tecnologia,Podcast Tech,427692,36.3,393285,190269,1.46,1750905.99,18:00
2019,6,2019-06-01,Prime Video,Filme,Tecnologia,Podcast Tech,140028,67.4,219418,132509,1.01,1900445.74,21:00
2019,6,2019-06-01,Spotify,Série,Pop,Filme Solar,380191,53.4,139657,57494,4.94,2863778.02,21:00
2019,6,2019-06-01,Disney+,Série,Comédia,Filme Solar,1619147,39.1,434486,77200,3.93,1240701.81,18:00
2019,6,2019-06-01,Prime Video,Filme,Pop,Filme Solar,207347,75.0,42734,72866,3.07,114979.9,18:00
2019,6,2019-06-01,Spotify,Música,Comédia,Série Mistério,1517502,12.3,256714,91330,4.34,2530473.05,08:00
2019,6,2019-06-01,YouTube Music,Série,Pop,Série Mistério,1635393,87.9,320198,148599,1.42,1012967.08,21:00
2019,6,2019-06-01,YouTube Music,Música,Drama,Top Hits,1150479,13.4,379471,45804,3.94,4816359.43,18:00
2019,6,2019-06-01,Spotify,Série,Pop,Top Hits,473730,57.0,78505,98623,2.65,2728746.43,18:00
2019,6,2019-06-01,Netflix,Música,Comédia,Podcast Tech,1451704,31.8,320338,64770,3.54,3271869.73,12:00
2019,6,2019-06-01,Disney+,Série,Drama,Filme Solar,1148687,54.1,187010,84414,2.77,2126337.95,18:00
2019,6,2019-06-01,Disney+,Podcast,Drama,Filme Solar,491820,85.9,103137,154131,2.03,1424109.36,08:00
2019,6,2019-06-01,YouTube Music,Filme,Tecnologia,Série Mistério,459087,39.1,11804,99295,1.21,1591882.13,21:00
2019,6,2019-06-01,YouTube Music,Música,Comédia,Podcast Tech,1092411,45.9,230215,61741,1.51,16708.06,12:00
2019,6,2019-06-01,Spotify,Filme,Ação,Série Mistério,213372,11.7,258433,114469,2.48,2659128.67,21:00
2019,6,2019-06-01,Netflix,Série,Drama,Podcast Tech,781874,65.1,235697,93650,2.66,1798819.44,21:00
2019,6,2019-06-01,Netflix,Podcast,Pop,Série Mistério,1217307,40.0,39205,181061,1.16,1432676.71,12:00
2019,6,2019-06-01,Prime Video,Série,Drama,Série Mistério,1963862,27.3,267826,171263,2.87,2191592.15,12:00
2019,6,2019-06-01,YouTube Music,Série,Pop,Série Mistério,1417567,35.3,178406,146738,4.84,4779172.39,08:00
2019,6,2019-06-01,Spotify,Música,Tecnologia,Filme Solar,1501744,76.4,59472,144875,2.78,3987065.46,08:00
2019,6,2019-06-01,Netflix,Série,Ação,Série Mistério,151632,74.2,381470,193009,2.39,4166617.09,21:00
2019,6,2019-06-01,Netflix,Música,Pop,Série Mistério,294212,40.1,223570,145814,1.22,1219209.64,08:00
2019,6,2019-06-01,Disney+,Podcast,Ação,Filme Solar,994843,44.2,311633,191250,2.91,1643292.82,08:00
2019,6,2019-06-01,Spotify,Podcast,Ação,Top Hits,164390,85.1,491572,13517,2.45,4606395.2,12:00
2019,6,2019-06-01,Spotify,Podcast,Drama,Top Hits,1203325,74.2,437708,150157,2.64,3835025.17,12:00
2019,6,2019-06-01,YouTube Music,Série,Ação,Série Mistério,1075174,38.5,296845,193205,4.96,2373364.7,18:00
2019,7,2019-07-01,Prime Video,Podcast,Pop,Série Mistério,939145,49.3,131787,35533,3.35,2217825.33,12:00
2019,7,2019-07-01,Spotify,Música,Tecnologia,Podcast Tech,821866,59.5,67450,47420,2.2,2833917.57,21:00
2019,7,2019-07-01,Disney+,Música,Comédia,Podcast Tech,983867,29.2,53186,90991,2.5,465946.57,12:00
2019,7,2019-07-01,Prime Video,Série,Tecnologia,Podcast Tech,295273,61.9,390938,4739,4.6,4672932.13,18:00
2019,7,2019-07-01,Disney+,Podcast,Tecnologia,Filme Solar,334646,57.5,367733,104405,3.28,3049149.71,21:00
2019,7,2019-07-01,Prime Video,Série,Ação,Podcast Tech,1441606,52.0,350465,44968,3.32,2146559.32,12:00
2019,7,2019-07-01,Disney+,Podcast,Drama,Top Hits,1193085,44.1,315142,193643,4.2,4713470.94,18:00
2019,7,2019-07-01,Spotify,Música,Ação,Série Mistério,883746,61.6,44928,67471,3.58,2408996.64,18:00
2019,7,2019-07-01,YouTube Music,Música,Ação,Top Hits,328783,5.4,414207,143369,3.29,4508749.58,18:00
2019,7,2019-07-01,Netflix,Filme,Tecnologia,Série Mistério,712730,72.8,197409,56545,4.93,3818416.76,18:00
2019,7,2019-07-01,Spotify,Filme,Ação,Top Hits,165493,16.0,420882,195309,1.19,2981202.32,12:00
2019,7,2019-07-01,Disney+,Série,Comédia,Série Mistério,1969503,21.5,213209,193514,4.59,2589410.84,08:00
2019,7,2019-07-01,Spotify,Música,Ação,Podcast Tech,1527939,66.4,419386,63846,2.15,2826940.81,18:00
2019,7,2019-07-01,YouTube Music,Podcast,Tecnologia,Série Mistério,1569679,26.1,101549,124386,3.32,2625374.31,18:00
2019,7,2019-07-01,YouTube Music,Filme,Pop,Podcast Tech,1559952,19.3,14947,105514,2.72,596467.69,12:00
2019,7,2019-07-01,Netflix,Série,Pop,Série Mistério,575852,45.8,29218,93500,1.07,4781613.48,12:00
2019,7,2019-07-01,YouTube Music,Série,Comédia,Podcast Tech,1171051,64.0,467896,141901,1.09,1252941.03,12:00
2019,7,2019-07-01,Disney+,Série,Ação,Série Mistério,1206888,67.9,295421,142417,1.11,4859336.81,12:00
2019,7,2019-07-01,YouTube Music,Podcast,Pop,Filme Solar,99326,37.3,226635,176022,3.38,4166766.61,18:00
2019,7,2019-07-01,Disney+,Filme,Drama,Podcast Tech,595663,83.2,117920,124817,2.27,1411627.09,21:00
2019,7,2019-07-01,YouTube Music,Filme,Ação,Filme Solar,1511644,8.2,92526,158408,3.18,38933.54,18:00
2019,7,2019-07-01,Netflix,Música,Tecnologia,Filme Solar,385928,38.7,30905,18448,4.01,962866.2,21:00
2019,7,2019-07-01,Spotify,Música,Drama,Filme Solar,1180244,82.3,324075,110700,4.8,2067053.83,12:00
2019,7,2019-07-01,Prime Video,Música,Ação,Filme Solar,157230,72.7,350739,51283,4.37,1352774.47,12:00
2019,7,2019-07-01,Disney+,Série,Ação,Podcast Tech,1887847,56.6,392341,51345,4.37,4948157.21,18:00
2019,7,2019-07-01,Netflix,Filme,Pop,Top Hits,94195,22.6,7108,126323,4.25,4088422.52,12:00
2019,7,2019-07-01,Netflix,Podcast,Drama,Série Mistério,380363,89.1,249538,66471,4.13,1726101.83,12:00
2019,7,2019-07-01,Prime Video,Filme,Tecnologia,Filme Solar,395737,16.6,348897,116813,4.49,391565.72,21:00
2019,7,2019-07-01,Disney+,Podcast,Drama,Série Mistério,591196,51.6,279778,55495,4.78,4518566.34,12:00
2019,7,2019-07-01,YouTube Music,Podcast,Comédia,Podcast Tech,1145072,25.1,293906,178162,3.94,3193055.59,21:00
2019,7,2019-07-01,Netflix,Filme,Drama,Top Hits,471457,77.3,427235,101632,1.26,1201597.37,08:00
2019,7,2019-07-01,Spotify,Série,Tecnologia,Série Mistério,624911,51.0,449256,131903,4.72,384472.45,12:00
2019,7,2019-07-01,YouTube Music,Filme,Pop,Podcast Tech,238774,52.3,257735,192609,4.95,2482775.89,21:00
2019,7,2019-07-01,Spotify,Filme,Comédia,Top Hits,463005,39.0,140222,73972,1.34,4443077.89,08:00
2019,7,2019-07-01,Prime Video,Série,Ação,Série Mistério,354111,19.7,409607,32835,2.71,4803548.22,08:00
2019,7,2019-07-01,Netflix,Música,Ação,Top Hits,1786507,26.1,479696,112587,4.98,1556437.57,12:00
2019,7,2019-07-01,YouTube Music,Filme,Comédia,Podcast Tech,784958,68.7,337248,66206,3.34,1465157.45,08:00
2019,8,2019-08-01,Netflix,Série,Drama,Filme Solar,1473651,17.7,351373,28487,4.99,4725152.08,21:00
2019,8,2019-08-01,Spotify,Filme,Pop,Filme Solar,1379343,79.0,114114,173657,3.51,1293990.84,08:00
2019,8,2019-08-01,Netflix,Música,Comédia,Top Hits,763900,76.3,442568,36577,3.02,2227652.39,21:00
2019,8,2019-08-01,Spotify,Música,Ação,Série Mistério,384987,61.7,273468,164725,1.94,3139432.46,08:00
2019,8,2019-08-01,Disney+,Filme,Drama,Filme Solar,1884447,82.0,109251,175933,1.76,3199602.23,21:00
2019,8,2019-08-01,Spotify,Série,Drama,Filme Solar,1357434,71.3,480158,104231,1.89,4942132.44,12:00
2019,8,2019-08-01,Spotify,Série,Pop,Série Mistério,665145,5.5,416968,180239,4.09,1503252.15,08:00
2019,8,2019-08-01,Disney+,Filme,Ação,Top Hits,812370,79.2,448671,180363,3.05,2533774.42,21:00
2019,8,2019-08-01,YouTube Music,Música,Drama,Top Hits,716324,64.6,488490,11217,2.19,582783.22,08:00
2019,8,2019-08-01,YouTube Music,Filme,Pop,Filme Solar,1317027,69.4,208267,39772,1.21,502273.96,21:00
2019,8,2019-08-01,Disney+,Série,Drama,Filme Solar,674705,24.2,410025,58699,3.47,3705435.7,21:00
2019,8,2019-08-01,Netflix,Filme,Comédia,Série Mistério,1192126,43.0,312461,185760,2.69,1072331.42,21:00
2019,8,2019-08-01,Netflix,Série,Comédia,Podcast Tech,141917,10.8,409358,142581,4.21,103622.73,18:00
2019,8,2019-08-01,Disney+,Música,Comédia,Filme Solar,1502840,26.8,147549,175426,1.75,4083576.43,21:00
2019,8,2019-08-01,Prime Video,Música,Tecnologia,Top Hits,1005805,42.1,136817,130039,3.23,320519.8,12:00
2019,8,2019-08-01,Prime Video,Música,Drama,Podcast Tech,1602202,60.5,255806,121034,1.55,946297.76,21:00
2019,8,2019-08-01,Spotify,Série,Ação,Podcast Tech,71262,66.6,196453,147081,3.31,2130111.47,12:00
2019,8,2019-08-01,Netflix,Música,Drama,Série Mistério,61031,64.0,383850,123456,3.4,2580771.48,21:00
2019,8,2019-08-01,Spotify,Música,Ação,Podcast Tech,1582400,46.3,185191,174250,1.93,4424656.25,18:00
2019,8,2019-08-01,YouTube Music,Filme,Comédia,Podcast Tech,1626412,52.3,15115,413,4.92,4734896.39,18:00
2019,8,2019-08-01,Netflix,Podcast,Ação,Filme Solar,505715,15.9,421284,106725,1.51,2727560.34,21:00
2019,8,2019-08-01,Netflix,Série,Comédia,Filme Solar,1897561,18.4,101096,111680,2.76,143349.79,18:00
2019,8,2019-08-01,Disney+,Série,Pop,Podcast Tech,316758,35.7,350854,191157,1.06,608945.38,08:00
2019,8,2019-08-01,Netflix,Música,Drama,Filme Solar,1809886,81.6,124050,139461,4.94,3989757.03,21:00
2019,8,2019-08-01,Prime Video,Podcast,Tecnologia,Podcast Tech,1968401,71.6,201192,136948,1.4,4828229.34,12:00
2019,8,2019-08-01,Spotify,Série,Pop,Série Mistério,1299538,19.7,374521,108487,4.55,1389705.68,08:00
2019,8,2019-08-01,Disney+,Música,Drama,Top Hits,1121670,30.7,435660,27616,3.73,4563434.72,21:00
2019,8,2019-08-01,YouTube Music,Música,Tecnologia,Podcast Tech,892421,12.5,432405,44835,3.68,3878258.16,12:00
2019,8,2019-08-01,YouTube Music,Filme,Ação,Filme Solar,329188,52.2,271117,194604,1.38,2020690.66,08:00
2019,8,2019-08-01,Prime Video,Filme,Pop,Podcast Tech,751883,72.9,465759,123391,4.34,4871780.22,18:00
2019,8,2019-08-01,Spotify,Série,Ação,Filme Solar,871233,9.9,455251,41602,3.69,1636971.93,12:00
2019,8,2019-08-01,Netflix,Podcast,Drama,Série Mistério,37678,75.9,59443,112062,3.06,3037899.82,12:00
2019,8,2019-08-01,YouTube Music,Podcast,Drama,Série Mistério,1849930,57.2,176273,116762,2.09,312870.54,21:00
2019,8,2019-08-01,Disney+,Música,Ação,Série Mistério,1834187,20.9,486694,28880,1.26,392416.85,12:00
2019,8,2019-08-01,YouTube Music,Filme,Pop,Top Hits,78514,20.2,73811,148758,1.4,1216799.43,18:00
2019,8,2019-08-01,Spotify,Podcast,Tecnologia,Filme Solar,53456,55.3,463407,63395,1.38,4396575.38,08:00
2019,8,2019-08-01,Netflix,Filme,Pop,Filme Solar,987731,85.7,101976,120067,4.9,1494575.91,18:00
2019,9,2019-09-01,Prime Video,Podcast,Drama,Série Mistério,827698,29.2,168581,57105,2.43,919208.96,08:00
2019,9,2019-09-01,Netflix,Série,Comédia,Filme Solar,1147186,63.6,136133,135483,3.08,3923695.27,08:00
2019,9,2019-09-01,Prime Video,Música,Tecnologia,Série Mistério,127752,41.5,371689,76048,3.96,2511372.5,18:00
2019,9,2019-09-01,Spotify,Podcast,Ação,Filme Solar,749463,57.4,260938,169715,2.35,738764.66,18:00
2019,9,2019-09-01,Prime Video,Série,Pop,Filme Solar,1365449,64.0,159171,21869,3.39,3489419.79,18:00
2019,9,2019-09-01,Spotify,Podcast,Comédia,Filme Solar,87445,60.3,210142,132476,2.1,1714368.54,08:00
2019,9,2019-09-01,Spotify,Série,Pop,Podcast Tech,1124070,33.7,473751,116408,2.99,1865728.95,08:00
2019,9,2019-09-01,Netflix,Série,Tecnologia,Série Mistério,33313,37.3,305921,111285,4.28,3029224.9,08:00
2019,9,2019-09-01,Spotify,Podcast,Pop,Série Mistério,1265452,9.1,115938,156327,3.95,1782094.85,12:00
2019,9,2019-09-01,Disney+,Podcast,Ação,Filme Solar,1050928,27.9,218202,154693,2.14,555271.82,08:00
2019,9,2019-09-01,Disney+,Filme,Pop,Top Hits,1342476,88.9,362504,150702,2.85,3385700.42,21:00
2019,9,2019-09-01,Spotify,Série,Tecnologia,Série Mistério,1731245,40.9,3089,189875,3.67,3835823.0,12:00
2019,9,2019-09-01,Netflix,Filme,Tecnologia,Podcast Tech,950111,80.8,177768,82416,3.5,4589961.29,08:00
2019,9,2019-09-01,Spotify,Série,Comédia,Podcast Tech,1806035,48.0,58973,24967,1.44,2748192.99,21:00
2019,9,2019-09-01,YouTube Music,Podcast,Comédia,Filme Solar,854688,24.0,283274,106829,4.89,1782831.59,18:00
2019,9,2019-09-01,YouTube Music,Podcast,Comédia,Top Hits,1212642,32.9,378003,47184,3.01,3539291.4,18:00
2019,9,2019-09-01,Prime Video,Podcast,Drama,Filme Solar,786027,78.9,187932,20206,4.54,2991291.01,21:00
2019,9,2019-09-01,Prime Video,Filme,Tecnologia,Top Hits,31691,27.9,54492,65406,2.35,1581029.76,21:00
2019,9,2019-09-01,Spotify,Podcast,Drama,Podcast Tech,1373248,45.5,214056,109080,4.83,4785666.24,08:00
2019,9,2019-09-01,Netflix,Podcast,Drama,Top Hits,995387,68.4,50311,187120,3.21,3402602.75,21:00
2019,9,2019-09-01,Spotify,Série,Drama,Filme Solar,670313,60.6,132085,184887,4.16,1615933.71,12:00
2019,9,2019-09-01,Prime Video,Filme,Pop,Podcast Tech,23032,73.1,409794,119213,1.74,1966596.5,12:00
2019,9,2019-09-01,Disney+,Música,Tecnologia,Série Mistério,560602,12.5,4141,145645,1.09,3352563.97,18:00
2019,9,2019-09-01,Prime Video,Podcast,Comédia,Podcast Tech,941585,43.5,276706,119604,4.18,1378897.51,18:00
2019,9,2019-09-01,Prime Video,Filme,Pop,Top Hits,397388,16.1,178897,147675,4.38,3777344.44,18:00
2019,9,2019-09-01,Netflix,Podcast,Ação,Podcast Tech,875952,17.3,451776,35556,4.72,2304397.46,18:00
2019,9,2019-09-01,Netflix,Série,Tecnologia,Top Hits,226788,70.5,420773,111030,2.11,97000.36,18:00
2019,9,2019-09-01,Prime Video,Série,Tecnologia,Top Hits,519648,44.8,33212,183408,3.65,1932725.63,21:00
2019,9,2019-09-01,Prime Video,Música,Ação,Top Hits,1850168,77.1,247813,128633,3.48,4969183.82,18:00
2019,9,2019-09-01,Netflix,Música,Comédia,Filme Solar,288731,67.5,290403,63690,1.96,2781968.58,21:00
2019,9,2019-09-01,Prime Video,Podcast,Tecnologia,Filme Solar,1872833,9.8,153836,62183,4.36,2327658.11,08:00
2019,9,2019-09-01,Prime Video,Podcast,Ação,Podcast Tech,335342,79.2,100105,3481,4.27,897497.45,21:00
2019,9,2019-09-01,YouTube Music,Música,Comédia,Filme Solar,238917,38.6,305822,162343,3.29,3677022.29,21:00
2019,9,2019-09-01,Netflix,Filme,Comédia,Série Mistério,1461638,73.7,497915,197895,2.54,3353381.52,08:00
2019,9,2019-09-01,Disney+,Podcast,Tecnologia,Top Hits,1917317,48.5,437044,2557,3.47,2047455.58,08:00
2019,9,2019-09-01,Disney+,Série,Drama,Filme Solar,1160425,62.2,300519,123268,1.38,34673.62,18:00
2019,9,2019-09-01,Spotify,Podcast,Ação,Filme Solar,1890080,68.2,113589,21347,4.49,1729725.62,21:00
2019,10,2019-10-01,Disney+,Série,Ação,Filme Solar,1913103,56.2,477552,114962,1.3,1086916.86,08:00
2019,10,2019-10-01,Prime Video,Série,Ação,Série Mistério,460974,9.1,110974,162132,4.64,4350456.91,08:00
2019,10,2019-10-01,Spotify,Filme,Pop,Filme Solar,976283,37.9,224156,5607,2.59,1857939.13,21:00
2019,10,2019-10-01,Disney+,Filme,Comédia,Filme Solar,805855,40.2,40804,170779,2.08,2564910.34,21:00
2019,10,2019-10-01,Spotify,Podcast,Tecnologia,Podcast Tech,1203505,41.3,399777,169477,3.51,4458230.48,18:00
2019,10,2019-10-01,Netflix,Filme,Ação,Filme Solar,664323,34.6,472912,156217,3.5,821442.94,18:00
2019,10,2019-10-01,Disney+,Música,Tecnologia,Filme Solar,1043703,77.8,289976,43444,4.51,1133898.41,21:00
2019,10,2019-10-01,Prime Video,Podcast,Tecnologia,Série Mistério,1090915,29.2,280200,59997,4.99,4160882.14,21:00
2019,10,2019-10-01,Netflix,Série,Ação,Filme Solar,1177570,88.5,416603,129037,1.6,3039683.06,18:00
2019,10,2019-10-01,Prime Video,Série,Comédia,Série Mistério,1692998,17.7,327397,180279,2.74,376583.87,12:00
2019,10,2019-10-01,YouTube Music,Série,Ação,Podcast Tech,1283392,87.6,444997,127016,4.51,3708878.38,12:00
2019,10,2019-10-01,Disney+,Música,Ação,Top Hits,1438092,70.2,195984,26112,3.69,348915.55,08:00
2019,10,2019-10-01,YouTube Music,Filme,Tecnologia,Podcast Tech,997597,28.0,495727,184866,2.24,1621912.41,18:00
2019,10,2019-10-01,Netflix,Filme,Drama,Podcast Tech,195490,88.4,82223,163113,2.36,1153742.25,21:00
2019,10,2019-10-01,Prime Video,Filme,Ação,Série Mistério,1235854,36.8,270137,193478,3.67,3383195.25,21:00
2019,10,2019-10-01,Netflix,Música,Drama,Filme Solar,770611,18.9,392330,133038,4.11,1770746.48,21:00
2019,10,2019-10-01,YouTube Music,Música,Pop,Série Mistério,440928,14.1,372998,93615,2.84,927858.91,08:00
2019,10,2019-10-01,YouTube Music,Série,Drama,Top Hits,967948,38.4,95460,73796,1.69,1687133.31,18:00
2019,10,2019-10-01,YouTube Music,Podcast,Tecnologia,Série Mistério,1809834,13.2,57986,163481,2.18,3008632.67,18:00
2019,10,2019-10-01,Netflix,Música,Ação,Série Mistério,270420,8.1,287820,125332,3.32,274386.44,12:00
2019,10,2019-10-01,Netflix,Filme,Comédia,Top Hits,84489,47.0,47390,85789,3.12,2365273.0,18:00
2019,10,2019-10-01,Prime Video,Podcast,Comédia,Podcast Tech,230403,82.6,44791,197213,4.77,3765559.37,12:00
2019,10,2019-10-01,Spotify,Música,Ação,Top Hits,172048,42.5,224687,85876,2.09,2981258.89,12:00
2019,10,2019-10-01,YouTube Music,Podcast,Tecnologia,Série Mistério,1171521,6.2,364759,97308,1.43,4385547.17,08:00
2019,10,2019-10-01,Spotify,Música,Ação,Top Hits,1662595,12.7,199289,74101,3.85,2375599.26,21:00
2019,10,2019-10-01,YouTube Music,Podcast,Tecnologia,Top Hits,708304,62.1,43567,192787,3.64,763534.98,21:00
2019,10,2019-10-01,Prime Video,Filme,Comédia,Série Mistério,62800,77.8,164043,100208,1.7,2393921.1,08:00
2019,10,2019-10-01,YouTube Music,Podcast,Tecnologia,Série Mistério,1718428,58.6,448290,87342,2.14,3756152.06,18:00
2019,10,2019-10-01,Netflix,Filme,Tecnologia,Top Hits,379742,40.1,66252,53588,2.69,2160614.16,21:00
2019,10,2019-10-01,Disney+,Podcast,Comédia,Top Hits,1634146,9.3,421833,122993,3.39,3408483.01,08:00
2019,10,2019-10-01,Netflix,Filme,Ação,Podcast Tech,1824745,35.6,337259,183096,4.66,1266948.99,18:00
2019,10,2019-10-01,Netflix,Filme,Tecnologia,Podcast Tech,1050296,13.9,316759,19850,2.81,3189625.32,12:00
2019,10,2019-10-01,YouTube Music,Série,Comédia,Podcast Tech,884231,64.4,310964,106311,4.04,1333724.81,08:00
2019,10,2019-10-01,Prime Video,Série,Tecnologia,Série Mistério,1401931,30.2,442812,165273,2.61,257341.65,18:00
2019,10,2019-10-01,Spotify,Música,Drama,Podcast Tech,1110592,36.6,372238,39012,4.78,2412485.74,21:00
2019,10,2019-10-01,YouTube Music,Série,Drama,Podcast Tech,1755360,70.1,114358,155583,2.23,2146803.7,21:00
2019,10,2019-10-01,Disney+,Filme,Tecnologia,Série Mistério,1808244,89.1,166611,21755,3.79,4874331.89,12:00
2019,11,2019-11-01,Netflix,Filme,Tecnologia,Filme Solar,1327293,10.0,233291,65568,2.26,1179286.03,12:00
2019,11,2019-11-01,YouTube Music,Podcast,Comédia,Série Mistério,344762,60.0,34383,7048,3.7,808295.53,18:00
2019,11,2019-11-01,Disney+,Música,Pop,Série Mistério,1416655,80.3,400122,87810,4.68,2286323.43,08:00
2019,11,2019-11-01,Disney+,Música,Drama,Podcast Tech,788397,82.8,339494,158821,3.87,2411732.7,18:00
2019,11,2019-11-01,YouTube Music,Música,Ação,Filme Solar,107655,46.5,124606,153740,3.69,359999.94,21:00
2019,11,2019-11-01,Disney+,Música,Comédia,Filme Solar,787428,37.5,59521,15288,3.95,4570039.54,08:00
2019,11,2019-11-01,Disney+,Filme,Comédia,Podcast Tech,300579,73.0,467742,153132,3.34,4457307.56,08:00
2019,11,2019-11-01,Spotify,Podcast,Ação,Série Mistério,924062,29.4,400722,88783,3.61,1083662.17,08:00
2019,11,2019-11-01,YouTube Music,Filme,Pop,Top Hits,1127363,71.1,157373,34252,1.56,4982519.46,21:00
2019,11,2019-11-01,Disney+,Série,Comédia,Série Mistério,1215687,9.9,356104,63624,4.83,632631.99,18:00
2019,11,2019-11-01,Netflix,Música,Ação,Top Hits,766168,65.8,3307,58289,2.29,4440127.01,18:00
2019,11,2019-11-01,Disney+,Música,Ação,Top Hits,184859,42.3,197746,156152,2.98,4945218.72,12:00
2019,11,2019-11-01,Spotify,Série,Tecnologia,Podcast Tech,1175786,71.8,35512,138458,3.13,3211007.29,18:00
2019,11,2019-11-01,Disney+,Série,Tecnologia,Série Mistério,91846,36.3,170346,197104,3.9,2376157.68,21:00
2019,11,2019-11-01,Netflix,Série,Tecnologia,Podcast Tech,1988804,86.6,181379,57948,4.3,4428943.06,12:00
2019,11,2019-11-01,Spotify,Filme,Ação,Filme Solar,1049623,75.1,65424,195519,1.31,4617648.72,08:00
2019,11,2019-11-01,Spotify,Filme,Pop,Série Mistério,1743465,46.7,384306,115884,1.0,4830208.78,12:00
2019,11,2019-11-01,YouTube Music,Série,Drama,Podcast Tech,896564,66.7,454324,165250,2.88,3133482.4,12:00
2019,11,2019-11-01,Disney+,Podcast,Tecnologia,Filme Solar,438379,44.2,276753,134752,1.44,1148534.45,21:00
2019,11,2019-11-01,Disney+,Música,Comédia,Top Hits,1828110,24.4,359123,113654,4.75,3404693.18,08:00
2019,11,2019-11-01,YouTube Music,Série,Pop,Top Hits,1410246,64.0,414581,48208,2.43,245821.59,12:00
2019,11,2019-11-01,Disney+,Série,Comédia,Top Hits,96584,56.0,376954,197955,1.3,3355992.32,08:00
2019,11,2019-11-01,Prime Video,Série,Drama,Filme Solar,1971692,59.1,320789,193129,4.98,552293.62,21:00
2019,11,2019-11-01,YouTube Music,Podcast,Ação,Série Mistério,1097875,19.6,426349,171851,1.81,1316869.57,21:00
2019,11,2019-11-01,YouTube Music,Podcast,Comédia,Série Mistério,807955,84.9,470672,191664,3.87,293297.31,12:00
2019,11,2019-11-01,Netflix,Podcast,Drama,Podcast Tech,155976,10.4,348226,171566,2.34,35954.44,08:00
2019,11,2019-11-01,Netflix,Podcast,Ação,Top Hits,1508143,83.2,477883,9051,2.73,2907786.53,21:00
2019,11,2019-11-01,Disney+,Música,Tecnologia,Série Mistério,1118616,74.5,359173,45920,3.49,696112.02,12:00
2019,11,2019-11-01,YouTube Music,Podcast,Tecnologia,Série Mistério,579101,70.5,276433,157460,2.89,1918834.76,08:00
2019,11,2019-11-01,Spotify,Música,Ação,Podcast Tech,767724,56.4,283238,109320,1.47,1573023.01,08:00
2019,11,2019-11-01,Disney+,Filme,Pop,Top Hits,490928,42.8,154977,75396,4.57,3842174.7,12:00
2019,11,2019-11-01,Disney+,Série,Drama,Podcast Tech,1494873,75.5,267050,84463,2.65,354463.73,12:00
2019,11,2019-11-01,Spotify,Série,Pop,Filme Solar,1179697,12.8,277566,127916,3.81,1972146.74,21:00
2019,11,2019-11-01,YouTube Music,Filme,Tecnologia,Top Hits,430699,24.6,129959,181113,1.14,1626627.22,18:00
2019,11,2019-11-01,YouTube Music,Filme,Ação,Série Mistério,1942933,6.3,139829,119922,3.4,202576.78,12:00
2019,11,2019-11-01,Prime Video,Música,Drama,Filme Solar,773384,78.0,455638,12713,2.19,4039209.11,21:00
2019,11,2019-11-01,Spotify,Podcast,Comédia,Podcast Tech,1613313,18.4,255205,80888,1.64,1210430.4,12:00
2019,12,2019-12-01,Spotify,Podcast,Ação,Top Hits,200308,40.7,413029,32739,1.22,1960235.47,18:00
2019,12,2019-12-01,Spotify,Música,Comédia,Top Hits,1179122,89.0,122202,103707,3.04,298482.82,08:00
2019,12,2019-12-01,Spotify,Filme,Tecnologia,Série Mistério,1294642,43.3,152807,94707,4.07,2650458.27,21:00
2019,12,2019-12-01,YouTube Music,Filme,Ação,Série Mistério,967314,36.8,417626,70252,4.22,4907330.16,18:00
2019,12,2019-12-01,Prime Video,Podcast,Pop,Filme Solar,199575,44.1,145238,154582,3.08,393598.92,21:00
2019,12,2019-12-01,YouTube Music,Música,Comédia,Filme Solar,126431,24.3,391615,10194,3.6,1885701.62,08:00
2019,12,2019-12-01,Prime Video,Filme,Tecnologia,Série Mistério,1767129,61.6,404480,135766,1.73,2081926.72,08:00
2019,12,2019-12-01,YouTube Music,Série,Drama,Filme Solar,1150201,42.1,344036,187670,1.1,1106677.62,12:00
2019,12,2019-12-01,YouTube Music,Série,Drama,Podcast Tech,367212,20.6,303635,143268,4.08,669483.66,18:00
2019,12,2019-12-01,YouTube Music,Podcast,Tecnologia,Filme Solar,1639737,72.8,494910,3673,3.73,2454374.81,12:00
2019,12,2019-12-01,YouTube Music,Série,Pop,Podcast Tech,1613835,24.6,481874,34688,1.89,3517970.16,12:00
2019,12,2019-12-01,Netflix,Série,Drama,Filme Solar,1625188,35.2,474528,17156,2.12,2949526.16,21:00
2019,12,2019-12-01,Netflix,Filme,Ação,Top Hits,633196,73.4,304298,128436,4.82,4328655.68,21:00
2019,12,2019-12-01,Prime Video,Música,Comédia,Podcast Tech,1435589,82.0,187233,91155,2.08,4152021.15,18:00
2019,12,2019-12-01,Spotify,Música,Pop,Filme Solar,136655,19.1,381426,1902,4.17,2060089.27,21:00
2019,12,2019-12-01,Disney+,Série,Ação,Podcast Tech,1889805,16.8,250489,75640,3.18,3001308.28,21:00
2019,12,2019-12-01,Disney+,Música,Drama,Podcast Tech,1421971,40.1,398510,115903,2.34,3924210.54,08:00
2019,12,2019-12-01,Spotify,Podcast,Drama,Podcast Tech,168636,77.8,56932,66188,3.34,2113914.11,18:00
2019,12,2019-12-01,Spotify,Podcast,Ação,Podcast Tech,1901095,39.4,202147,189778,2.64,376256.9,18:00
2019,12,2019-12-01,Spotify,Música,Ação,Podcast Tech,21061,70.3,496015,171416,4.54,3329574.7,08:00
2019,12,2019-12-01,Disney+,Música,Tecnologia,Top Hits,1463367,35.9,50482,149659,4.38,4649873.94,12:00
2019,12,2019-12-01,YouTube Music,Série,Tecnologia,Série Mistério,256701,54.2,438789,140328,3.23,1762798.95,08:00
2019,12,2019-12-01,Prime Video,Música,Drama,Podcast Tech,180566,74.5,445409,155467,4.54,1982436.48,08:00
2019,12,2019-12-01,Spotify,Filme,Drama,Série Mistério,616653,46.8,464332,19041,1.5,4816605.62,12:00
2019,12,2019-12-01,Spotify,Música,Drama,Filme Solar,354928,31.1,362587,46032,2.15,4492557.73,12:00
2019,12,2019-12-01,Disney+,Podcast,Comédia,Série Mistério,925124,50.6,174106,125904,3.0,164244.28,21:00
2019,12,2019-12-01,Netflix,Música,Drama,Filme Solar,310408,41.2,332746,106951,1.63,3612441.64,12:00
2019,12,2019-12-01,Spotify,Música,Ação,Filme Solar,815454,52.1,220000,193448,4.96,3873840.24,18:00
2019,12,2019-12-01,Netflix,Série,Tecnologia,Série Mistério,1271641,43.6,365355,25170,2.46,4257982.55,12:00
2019,12,2019-12-01,YouTube Music,Música,Ação,Filme Solar,340299,6.3,380831,6418,3.97,3998053.53,12:00
2019,12,2019-12-01,YouTube Music,Música,Ação,Filme Solar,953719,50.7,457541,7663,4.22,568794.27,08:00
2019,12,2019-12-01,Disney+,Filme,Comédia,Série Mistério,1899333,54.5,416040,95105,4.05,3389110.7,08:00
2019,12,2019-12-01,Spotify,Música,Comédia,Filme Solar,1488466,74.3,30611,113852,2.62,4136504.06,18:00
2019,12,2019-12-01,Spotify,Podcast,Comédia,Série Mistério,1807308,78.2,100916,83172,4.9,4855693.3,21:00
2019,12,2019-12-01,Netflix,Filme,Drama,Podcast Tech,1759497,86.9,423018,1493,2.47,159851.53,08:00
2019,12,2019-12-01,Netflix,Música,Ação,Filme Solar,1479958,85.3,241737,51562,2.21,1339558.82,08:00
2019,12,2019-12-01,Disney+,Série,Comédia,Filme Solar,1521341,43.5,92607,144816,1.07,3438736.72,21:00
2020,1,2020-01-01,YouTube Music,Música,Drama,Série Mistério,94536,57.4,227696,125227,1.76,90292.87,08:00
2020,1,2020-01-01,YouTube Music,Música,Drama,Filme Solar,171029,72.6,485907,121478,3.79,736613.98,08:00
2020,1,2020-01-01,Netflix,Série,Comédia,Série Mistério,1444189,13.9,498534,24850,4.36,3130168.5,21:00
2020,1,2020-01-01,Disney+,Música,Drama,Podcast Tech,1692023,10.9,315506,26922,4.36,4073483.0,18:00
2020,1,2020-01-01,Netflix,Podcast,Ação,Podcast Tech,1240929,44.1,206204,195671,4.22,3410207.28,18:00
2020,1,2020-01-01,Spotify,Música,Pop,Top Hits,469891,73.3,180334,184048,1.49,1603229.81,18:00
2020,1,2020-01-01,Disney+,Música,Tecnologia,Top Hits,330560,12.5,145527,184514,2.93,1803947.01,08:00
2020,1,2020-01-01,Prime Video,Filme,Tecnologia,Top Hits,1331480,82.5,154632,16136,3.93,2941356.31,21:00
2020,1,2020-01-01,Netflix,Filme,Tecnologia,Filme Solar,816348,85.9,404818,105586,3.37,3104373.76,18:00
2020,1,2020-01-01,Disney+,Filme,Ação,Série Mistério,1912836,46.4,49931,144187,3.52,410202.45,12:00
2020,1,2020-01-01,Netflix,Música,Drama,Top Hits,404932,50.4,108724,45652,4.88,1500488.48,18:00
2020,1,2020-01-01,Spotify,Música,Drama,Podcast Tech,1980224,51.2,474147,123423,2.0,3889494.83,08:00
2020,1,2020-01-01,YouTube Music,Música,Comédia,Série Mistério,1651515,68.1,181569,153908,2.57,2370295.69,12:00
2020,1,2020-01-01,Disney+,Série,Comédia,Top Hits,1338291,87.3,335056,50120,4.25,4641232.18,08:00
2020,1,2020-01-01,Disney+,Filme,Tecnologia,Filme Solar,558406,24.5,396013,101328,3.2,1297451.47,21:00
2020,1,2020-01-01,Spotify,Série,Comédia,Filme Solar,138744,40.8,10903,51495,1.8,18833.61,08:00
2020,1,2020-01-01,Prime Video,Série,Tecnologia,Filme Solar,484565,67.8,284867,66673,3.62,2034588.75,18:00
2020,1,2020-01-01,Netflix,Podcast,Drama,Top Hits,1827468,73.1,461291,177324,2.0,4968234.69,12:00
2020,1,2020-01-01,YouTube Music,Série,Comédia,Série Mistério,1160737,33.6,390782,183594,3.45,1140856.87,08:00
2020,1,2020-01-01,Disney+,Podcast,Pop,Podcast Tech,1496948,10.7,197250,91041,1.02,3255176.13,18:00
2020,1,2020-01-01,Disney+,Série,Comédia,Top Hits,1967127,84.7,338940,161753,1.23,3009400.77,12:00
2020,1,2020-01-01,Prime Video,Podcast,Pop,Série Mistério,1502310,6.9,474943,169352,2.29,310335.21,21:00
2020,1,2020-01-01,Disney+,Filme,Tecnologia,Podcast Tech,1390363,48.0,54375,145343,2.19,2830381.06,18:00
2020,1,2020-01-01,Disney+,Série,Ação,Filme Solar,1727978,6.3,312327,192073,4.34,2000860.38,12:00
2020,1,2020-01-01,Prime Video,Podcast,Ação,Filme Solar,958700,84.3,126992,199062,2.16,283340.62,21:00
2020,1,2020-01-01,Spotify,Podcast,Comédia,Filme Solar,1980893,48.2,183746,61869,4.58,2408371.38,18:00
2020,1,2020-01-01,Netflix,Série,Pop,Top Hits,1778723,45.0,55572,39510,4.73,4655144.27,21:00
2020,1,2020-01-01,Netflix,Série,Ação,Podcast Tech,1368723,61.6,437191,151703,2.25,2945925.42,12:00
2020,1,2020-01-01,Disney+,Podcast,Comédia,Top Hits,1044760,37.0,109019,12822,2.58,4588328.03,21:00
2020,1,2020-01-01,Netflix,Música,Pop,Filme Solar,1031686,81.4,30097,144546,1.4,115521.27,08:00
2020,1,2020-01-01,YouTube Music,Série,Pop,Filme Solar,1994115,29.2,402177,96802,1.28,4608422.0,18:00
2020,1,2020-01-01,YouTube Music,Série,Ação,Podcast Tech,1261411,56.8,220525,99601,4.23,4728318.44,08:00
2020,1,2020-01-01,Spotify,Série,Ação,Filme Solar,998265,52.1,333565,148366,4.76,2618944.14,08:00
2020,1,2020-01-01,Disney+,Podcast,Pop,Série Mistério,1415327,44.2,41178,98332,3.23,1762588.38,08:00
2020,1,2020-01-01,Spotify,Podcast,Ação,Série Mistério,1605961,30.9,201482,40513,2.2,1389175.74,08:00
2020,1,2020-01-01,YouTube Music,Música,Ação,Série Mistério,386684,84.6,344235,98390,1.03,1073621.88,21:00
2020,1,2020-01-01,YouTube Music,Podcast,Drama,Top Hits,237003,22.6,409114,183069,1.67,3426595.49,21:00
2020,2,2020-02-01,Netflix,Podcast,Tecnologia,Filme Solar,1808936,82.3,407557,157629,4.59,3178305.13,08:00
2020,2,2020-02-01,Prime Video,Filme,Comédia,Podcast Tech,1950386,18.5,57507,171469,4.08,3901403.76,18:00
2020,2,2020-02-01,Prime Video,Música,Comédia,Top Hits,1614594,21.1,165469,120299,4.16,958027.84,08:00
2020,2,2020-02-01,Disney+,Podcast,Tecnologia,Filme Solar,880107,89.5,61258,23257,2.66,862483.46,18:00
2020,2,2020-02-01,YouTube Music,Filme,Pop,Série Mistério,1269375,25.9,480615,32794,1.26,3392991.55,21:00
2020,2,2020-02-01,Netflix,Filme,Pop,Top Hits,126322,61.4,476810,57054,4.42,3323556.0,12:00
2020,2,2020-02-01,Spotify,Música,Comédia,Série Mistério,1892769,61.0,470286,177105,1.55,1062095.07,21:00
2020,2,2020-02-01,YouTube Music,Podcast,Tecnologia,Filme Solar,799013,85.5,58564,70249,4.29,2383909.17,08:00
2020,2,2020-02-01,Spotify,Música,Tecnologia,Top Hits,559684,57.9,464056,49986,3.86,3096199.49,21:00
2020,2,2020-02-01,Disney+,Filme,Drama,Top Hits,782833,85.5,232690,42564,1.91,286820.59,12:00
2020,2,2020-02-01,Netflix,Podcast,Drama,Top Hits,162207,70.9,255893,156686,3.46,431671.99,08:00
2020,2,2020-02-01,YouTube Music,Podcast,Ação,Filme Solar,1402383,77.7,177019,41221,1.71,1207391.88,08:00
2020,2,2020-02-01,Prime Video,Música,Tecnologia,Top Hits,319432,19.8,174216,187135,1.44,2448089.1,21:00
2020,2,2020-02-01,Prime Video,Filme,Comédia,Top Hits,327662,53.6,238087,20225,4.73,3171030.88,18:00
2020,2,2020-02-01,Disney+,Música,Pop,Série Mistério,856036,44.1,200516,99207,2.83,2294135.82,18:00
2020,2,2020-02-01,Disney+,Música,Ação,Top Hits,1150524,55.9,471700,116451,4.53,1811789.49,08:00
2020,2,2020-02-01,Disney+,Podcast,Pop,Filme Solar,95746,45.2,152390,134131,2.02,3306893.23,21:00
2020,2,2020-02-01,Prime Video,Série,Ação,Podcast Tech,1740357,83.8,397436,77433,1.65,766208.42,18:00
2020,2,2020-02-01,Netflix,Série,Pop,Podcast Tech,451396,26.6,119680,172654,3.56,3961905.55,08:00
2020,2,2020-02-01,Disney+,Série,Drama,Filme Solar,438417,25.0,218384,120490,2.23,2263658.86,08:00
2020,2,2020-02-01,Disney+,Série,Tecnologia,Podcast Tech,1268227,25.2,52177,5267,3.01,3538542.27,18:00
2020,2,2020-02-01,Spotify,Música,Comédia,Série Mistério,117543,33.0,407555,38343,3.68,2989964.63,08:00
2020,2,2020-02-01,Prime Video,Podcast,Drama,Série Mistério,1606499,6.6,135157,189784,1.46,729714.11,08:00
2020,2,2020-02-01,YouTube Music,Música,Drama,Série Mistério,1274588,58.3,499876,136099,1.53,659565.61,21:00
2020,2,2020-02-01,Netflix,Podcast,Comédia,Podcast Tech,975361,43.6,285775,149922,2.37,4262731.0,21:00
2020,2,2020-02-01,Netflix,Filme,Ação,Podcast Tech,218479,73.8,271597,34596,4.0,65012.29,18:00
2020,2,2020-02-01,YouTube Music,Podcast,Drama,Top Hits,597086,22.6,327795,75857,4.07,3205669.59,12:00
2020,2,2020-02-01,Netflix,Filme,Tecnologia,Podcast Tech,1145005,89.1,73756,96100,2.82,1536125.23,18:00
2020,2,2020-02-01,Disney+,Filme,Tecnologia,Série Mistério,1202192,33.1,49350,107708,1.29,2736434.88,08:00
2020,2,2020-02-01,Prime Video,Música,Drama,Top Hits,357939,86.8,138007,79306,3.82,156225.06,08:00
2020,2,2020-02-01,Prime Video,Série,Ação,Podcast Tech,123584,77.0,23146,159582,4.35,275312.27,21:00
2020,2,2020-02-01,Netflix,Filme,Comédia,Filme Solar,1805967,68.4,149988,48327,4.51,687836.25,08:00
2020,2,2020-02-01,Prime Video,Série,Drama,Top Hits,1469500,73.8,370485,41735,2.49,3793318.29,08:00
2020,2,2020-02-01,Disney+,Podcast,Comédia,Série Mistério,280713,71.9,132268,192435,2.21,1496274.32,18:00
2020,2,2020-02-01,YouTube Music,Música,Comédia,Podcast Tech,906250,17.4,111855,55384,1.58,1283554.67,12:00
2020,2,2020-02-01,Prime Video,Música,Pop,Filme Solar,1176000,52.1,410710,46306,1.23,4186474.48,08:00
2020,2,2020-02-01,YouTube Music,Música,Ação,Filme Solar,1046404,25.7,132524,125712,3.62,2314741.91,08:00
2020,3,2020-03-01,Netflix,Filme,Comédia,Podcast Tech,325584,44.7,188813,130594,3.33,2537211.16,12:00
2020,3,2020-03-01,Prime Video,Filme,Tecnologia,Série Mistério,459972,65.2,408489,163674,1.54,4128699.11,08:00
2020,3,2020-03-01,Prime Video,Podcast,Ação,Top Hits,108647,42.0,67458,29887,1.02,3374826.56,21:00
2020,3,2020-03-01,Disney+,Podcast,Comédia,Série Mistério,260574,59.6,79062,178814,3.41,1260236.2,12:00
2020,3,2020-03-01,Spotify,Série,Pop,Filme Solar,1260461,7.7,178735,15282,3.88,1059977.6,12:00
2020,3,2020-03-01,Disney+,Música,Comédia,Série Mistério,861813,57.7,88259,98742,1.83,3469015.85,12:00
2020,3,2020-03-01,Prime Video,Série,Drama,Filme Solar,100492,30.3,35321,196178,3.15,1840354.16,08:00
2020,3,2020-03-01,YouTube Music,Música,Comédia,Podcast Tech,1964671,51.7,153026,182911,1.97,2191230.3,18:00
2020,3,2020-03-01,Disney+,Podcast,Drama,Série Mistério,1610669,61.1,163997,98595,2.37,1065377.41,18:00
2020,3,2020-03-01,YouTube Music,Série,Tecnologia,Série Mistério,1495129,22.2,466546,150802,2.15,4709990.15,12:00
2020,3,2020-03-01,Spotify,Série,Comédia,Filme Solar,1020974,48.2,308637,77033,1.92,4972427.65,12:00
2020,3,2020-03-01,Netflix,Podcast,Drama,Podcast Tech,500430,51.0,354591,177442,4.05,4243899.61,18:00
2020,3,2020-03-01,Prime Video,Série,Drama,Podcast Tech,1559944,37.5,476224,146888,1.36,4913671.32,21:00
2020,3,2020-03-01,Disney+,Filme,Drama,Filme Solar,1199201,23.8,440274,137618,4.4,3688682.8,12:00
2020,3,2020-03-01,Spotify,Podcast,Pop,Podcast Tech,1162879,17.8,131748,105126,3.63,2356673.51,18:00
2020,3,2020-03-01,Spotify,Podcast,Pop,Podcast Tech,650611,63.5,178750,54217,1.55,311743.29,21:00
2020,3,2020-03-01,Prime Video,Série,Drama,Podcast Tech,508274,71.9,490601,186288,1.23,3479261.06,12:00
2020,3,2020-03-01,Spotify,Música,Comédia,Podcast Tech,779750,9.9,43025,30752,2.44,2523286.53,08:00
2020,3,2020-03-01,Disney+,Filme,Pop,Podcast Tech,729474,47.3,199933,52283,3.19,1278714.57,21:00
2020,3,2020-03-01,Prime Video,Série,Drama,Podcast Tech,207787,82.8,343039,38084,2.31,879999.01,12:00
2020,3,2020-03-01,YouTube Music,Podcast,Drama,Top Hits,95548,88.5,389451,168666,4.57,484590.71,08:00
2020,3,2020-03-01,Spotify,Filme,Drama,Top Hits,1591116,75.4,281088,160601,1.26,148583.41,21:00
2020,3,2020-03-01,Spotify,Série,Ação,Filme Solar,1285738,19.8,40044,6643,4.91,2856997.01,21:00
2020,3,2020-03-01,Netflix,Filme,Pop,Podcast Tech,992123,7.2,460644,75661,2.26,2464204.9,18:00
2020,3,2020-03-01,Prime Video,Música,Tecnologia,Série Mistério,1804790,60.5,54227,198140,2.83,3073467.58,21:00
2020,3,2020-03-01,Disney+,Podcast,Drama,Série Mistério,1069720,11.0,79422,27111,2.46,4376628.44,12:00
2020,3,2020-03-01,Disney+,Música,Pop,Top Hits,1736216,17.6,231915,63914,1.6,1056500.54,18:00
2020,3,2020-03-01,Disney+,Podcast,Pop,Top Hits,1113356,30.5,19083,131892,1.42,2379292.31,18:00
2020,3,2020-03-01,Spotify,Série,Comédia,Top Hits,1879688,12.5,353926,180193,3.49,2914329.66,12:00
2020,3,2020-03-01,Disney+,Série,Pop,Filme Solar,926069,31.0,268774,25472,4.33,278411.8,08:00
2020,3,2020-03-01,YouTube Music,Música,Pop,Filme Solar,1182390,74.4,401653,27779,2.53,61573.59,12:00
2020,3,2020-03-01,YouTube Music,Música,Comédia,Filme Solar,1061023,19.5,261761,62774,1.99,1469910.76,18:00
2020,3,2020-03-01,Prime Video,Série,Tecnologia,Série Mistério,585381,83.2,22512,32350,3.57,182647.03,18:00
2020,3,2020-03-01,Disney+,Música,Comédia,Podcast Tech,191076,54.0,177357,179791,3.64,865553.67,18:00
2020,3,2020-03-01,Netflix,Podcast,Ação,Filme Solar,1850960,47.3,93548,14334,4.55,1590176.19,21:00
2020,3,2020-03-01,Disney+,Podcast,Tecnologia,Série Mistério,1640211,9.9,198937,60633,1.16,3261068.88,12:00
2020,3,2020-03-01,Prime Video,Podcast,Drama,Filme Solar,971580,27.8,193930,5636,4.5,1986600.55,08:00
2020,4,2020-04-01,Spotify,Música,Pop,Top Hits,463503,82.3,92774,159197,3.17,3611166.81,08:00
2020,4,2020-04-01,YouTube Music,Série,Pop,Série Mistério,851290,87.5,158517,4718,1.39,62193.15,08:00
2020,4,2020-04-01,Disney+,Música,Pop,Top Hits,212983,85.3,313515,174917,3.83,4794962.58,18:00
2020,4,2020-04-01,Spotify,Podcast,Pop,Filme Solar,1672661,80.1,212203,180698,1.57,4844665.43,21:00
2020,4,2020-04-01,Spotify,Série,Ação,Filme Solar,570058,64.6,260862,36936,3.82,862759.63,21:00
2020,4,2020-04-01,Prime Video,Música,Pop,Podcast Tech,612497,77.5,429177,38920,2.55,3618650.25,18:00
2020,4,2020-04-01,YouTube Music,Podcast,Ação,Série Mistério,1768125,82.4,340273,191461,4.95,201075.62,08:00
2020,4,2020-04-01,Disney+,Música,Pop,Top Hits,1349662,10.5,158825,151238,2.88,2591638.64,12:00
2020,4,2020-04-01,YouTube Music,Música,Drama,Série Mistério,999325,51.2,483858,122305,2.56,3813713.5,18:00
2020,4,2020-04-01,Spotify,Filme,Tecnologia,Série Mistério,951019,43.2,134228,56299,1.84,3054513.71,21:00
2020,4,2020-04-01,Disney+,Filme,Drama,Podcast Tech,707110,10.3,158653,7863,4.92,3001016.29,08:00
2020,4,2020-04-01,Prime Video,Filme,Pop,Série Mistério,1582836,27.9,108038,182101,1.59,3565217.29,12:00
2020,4,2020-04-01,Disney+,Série,Comédia,Série Mistério,1770102,86.2,25397,80733,4.88,2354172.02,08:00
2020,4,2020-04-01,Disney+,Podcast,Drama,Top Hits,73094,52.6,213478,114197,2.62,4291107.21,18:00
2020,4,2020-04-01,Disney+,Música,Comédia,Podcast Tech,1588065,77.8,242260,149264,4.26,774854.17,21:00
2020,4,2020-04-01,Prime Video,Filme,Comédia,Série Mistério,1017504,74.7,15848,184596,2.47,3796585.0,08:00
2020,4,2020-04-01,Prime Video,Podcast,Ação,Podcast Tech,181163,82.3,250252,50336,2.15,3750843.78,18:00
2020,4,2020-04-01,Disney+,Filme,Tecnologia,Série Mistério,1282671,20.5,2974,154705,1.27,1623487.15,18:00
2020,4,2020-04-01,Netflix,Série,Tecnologia,Podcast Tech,1336539,20.9,332351,177598,1.15,1672734.71,12:00
2020,4,2020-04-01,Spotify,Filme,Tecnologia,Filme Solar,1348434,44.7,145182,190283,4.12,4433424.13,12:00
2020,4,2020-04-01,YouTube Music,Série,Ação,Filme Solar,1042508,54.1,45281,85530,4.14,1850315.48,08:00
2020,4,2020-04-01,Prime Video,Filme,Drama,Filme Solar,1299504,29.9,498870,43936,2.5,350588.91,18:00
2020,4,2020-04-01,Spotify,Música,Pop,Filme Solar,275801,67.9,294848,21811,2.64,2543586.06,21:00
2020,4,2020-04-01,Prime Video,Música,Drama,Podcast Tech,1160220,11.9,317944,124520,2.39,4702690.81,18:00
2020,4,2020-04-01,YouTube Music,Filme,Comédia,Podcast Tech,1830704,44.6,62039,142301,4.94,1072484.09,18:00
2020,4,2020-04-01,Spotify,Filme,Pop,Top Hits,640781,33.5,49872,54192,1.84,132531.91,12:00
2020,4,2020-04-01,Spotify,Filme,Pop,Filme Solar,519087,86.3,417942,95564,1.96,266224.48,08:00
2020,4,2020-04-01,YouTube Music,Música,Pop,Série Mistério,1943897,64.0,233919,29710,3.93,1419350.02,21:00
2020,4,2020-04-01,Netflix,Série,Comédia,Série Mistério,1231120,69.0,328406,139931,4.41,4241028.78,12:00
2020,4,2020-04-01,YouTube Music,Filme,Ação,Podcast Tech,957726,81.9,181322,125010,1.53,374139.7,12:00
2020,4,2020-04-01,YouTube Music,Série,Comédia,Série Mistério,315786,78.6,400389,19287,3.43,3039958.87,08:00
2020,4,2020-04-01,Prime Video,Série,Drama,Top Hits,1194867,59.2,442582,123981,4.53,4203509.53,18:00
2020,4,2020-04-01,Disney+,Música,Drama,Série Mistério,823128,53.5,328180,93566,3.19,2195632.73,21:00
2020,4,2020-04-01,Spotify,Filme,Tecnologia,Top Hits,1346321,85.7,416063,102400,2.94,4346943.19,21:00
2020,4,2020-04-01,Netflix,Podcast,Comédia,Top Hits,838075,40.7,418502,13291,4.02,4534323.73,21:00
2020,4,2020-04-01,Netflix,Série,Tecnologia,Filme Solar,421966,42.7,433687,125154,3.6,2690502.75,12:00
2020,4,2020-04-01,Spotify,Podcast,Ação,Filme Solar,383512,62.9,17305,9600,2.42,584242.37,18:00
2020,5,2020-05-01,Prime Video,Música,Tecnologia,Podcast Tech,814526,22.3,125530,19821,4.27,2209861.36,08:00
2020,5,2020-05-01,Prime Video,Filme,Drama,Filme Solar,1910974,42.1,350887,31901,2.9,3798907.0,12:00
2020,5,2020-05-01,YouTube Music,Música,Ação,Filme Solar,1727981,40.5,289906,103709,3.02,2842740.7,21:00
2020,5,2020-05-01,Disney+,Série,Ação,Filme Solar,1861574,47.4,113046,103923,2.71,3957796.73,18:00
2020,5,2020-05-01,Netflix,Filme,Ação,Top Hits,1652042,64.5,181389,143654,1.13,2743314.89,18:00
2020,5,2020-05-01,Prime Video,Música,Ação,Podcast Tech,1085959,68.4,164115,64724,4.08,3604600.83,12:00
2020,5,2020-05-01,Netflix,Música,Tecnologia,Top Hits,1511745,40.3,182638,175641,1.27,3488121.66,18:00
2020,5,2020-05-01,Disney+,Música,Drama,Série Mistério,1595085,7.5,414821,17273,1.44,2023624.32,18:00
2020,5,2020-05-01,Disney+,Podcast,Comédia,Top Hits,1243941,76.1,185067,164423,1.46,4076898.05,21:00
2020,5,2020-05-01,Spotify,Série,Ação,Filme Solar,274696,85.9,362229,936,4.75,3827659.45,12:00
2020,5,2020-05-01,Prime Video,Série,Pop,Filme Solar,1070292,47.3,335165,71413,4.13,2481845.79,18:00
2020,5,2020-05-01,YouTube Music,Música,Comédia,Podcast Tech,1877688,15.5,132999,180082,4.72,3506326.94,08:00
2020,5,2020-05-01,Disney+,Série,Tecnologia,Filme Solar,649468,12.3,229832,71995,1.33,230495.42,18:00
2020,5,2020-05-01,Disney+,Série,Comédia,Top Hits,407597,46.0,56294,120778,2.64,2323519.6,08:00
2020,5,2020-05-01,Prime Video,Podcast,Drama,Podcast Tech,703007,61.7,299136,38762,4.16,4414987.81,21:00
2020,5,2020-05-01,Prime Video,Filme,Comédia,Podcast Tech,27040,76.8,490594,24688,3.53,3843138.58,12:00
2020,5,2020-05-01,Spotify,Série,Tecnologia,Filme Solar,857131,23.9,406176,80006,3.84,2760574.33,18:00
2020,5,2020-05-01,Disney+,Filme,Ação,Série Mistério,1539864,75.2,344785,116465,2.56,3100754.33,12:00
2020,5,2020-05-01,Disney+,Série,Drama,Filme Solar,1473791,34.7,394846,137979,3.47,4416975.87,12:00
2020,5,2020-05-01,Netflix,Série,Tecnologia,Podcast Tech,1776670,20.5,386684,49937,1.74,1756641.1,08:00
2020,5,2020-05-01,Prime Video,Série,Comédia,Filme Solar,789843,6.1,284182,5655,3.37,4258872.25,18:00
2020,5,2020-05-01,YouTube Music,Podcast,Tecnologia,Série Mistério,1149270,68.6,479039,98211,4.11,482755.07,21:00
2020,5,2020-05-01,Prime Video,Filme,Tecnologia,Top Hits,1236379,27.4,462445,132568,3.16,3201483.56,21:00
2020,5,2020-05-01,Prime Video,Filme,Drama,Filme Solar,111147,18.4,496966,41736,2.93,2014524.26,12:00
2020,5,2020-05-01,Netflix,Música,Ação,Podcast Tech,368718,23.8,93109,100937,2.51,3033453.2,08:00
2020,5,2020-05-01,Disney+,Podcast,Ação,Filme Solar,1597187,24.4,209169,167613,4.21,2588738.16,18:00
2020,5,2020-05-01,YouTube Music,Série,Comédia,Podcast Tech,1242895,59.3,20143,31645,3.47,2902095.96,18:00
2020,5,2020-05-01,YouTube Music,Série,Ação,Série Mistério,1076310,81.9,210254,166235,4.04,2927456.01,21:00
2020,5,2020-05-01,Netflix,Filme,Ação,Filme Solar,690011,38.0,309537,185780,1.67,1696192.02,08:00
2020,5,2020-05-01,YouTube Music,Série,Ação,Série Mistério,643784,55.2,124473,26631,1.06,489282.66,21:00
2020,5,2020-05-01,Spotify,Música,Pop,Top Hits,214176,48.9,120008,80724,2.39,2291674.89,21:00
2020,5,2020-05-01,Prime Video,Música,Drama,Top Hits,200478,54.6,57712,54963,3.99,2996430.67,08:00
2020,5,2020-05-01,Disney+,Música,Tecnologia,Série Mistério,77994,10.8,311099,160614,1.38,1211604.19,12:00
2020,5,2020-05-01,Spotify,Filme,Tecnologia,Top Hits,1965707,55.5,444183,183403,4.85,648795.23,21:00
2020,5,2020-05-01,YouTube Music,Série,Comédia,Podcast Tech,541613,40.4,323734,93224,3.8,4060314.48,21:00
2020,5,2020-05-01,YouTube Music,Filme,Drama,Podcast Tech,493959,27.9,13266,133595,3.35,4857762.84,08:00
2020,5,2020-05-01,YouTube Music,Podcast,Comédia,Top Hits,1205843,57.7,290834,123256,3.87,4801925.42,12:00
2020,6,2020-06-01,Netflix,Série,Ação,Podcast Tech,868817,13.5,242043,52143,2.95,3381419.54,21:00
2020,6,2020-06-01,YouTube Music,Série,Comédia,Série Mistério,526901,67.5,194005,153723,2.46,4369638.38,08:00
2020,6,2020-06-01,Prime Video,Podcast,Tecnologia,Top Hits,895315,24.3,422601,163199,2.9,757718.24,08:00
2020,6,2020-06-01,YouTube Music,Filme,Pop,Série Mistério,1185562,69.0,75559,35370,3.53,1345088.97,08:00
2020,6,2020-06-01,YouTube Music,Podcast,Drama,Podcast Tech,283357,33.6,166860,159237,4.81,4760461.23,18:00
2020,6,2020-06-01,Disney+,Música,Tecnologia,Top Hits,83584,35.5,439341,60990,3.34,2750331.12,18:00
2020,6,2020-06-01,YouTube Music,Podcast,Comédia,Filme Solar,739505,52.9,242524,135916,4.45,3115299.49,08:00
2020,6,2020-06-01,Disney+,Música,Pop,Podcast Tech,1819664,47.5,236814,108962,4.63,559414.87,12:00
2020,6,2020-06-01,Netflix,Filme,Comédia,Top Hits,1264957,53.2,286660,142853,4.5,1225504.62,18:00
2020,6,2020-06-01,Netflix,Filme,Drama,Podcast Tech,1677447,14.2,177706,145861,1.2,3121910.97,12:00
2020,6,2020-06-01,Prime Video,Podcast,Pop,Podcast Tech,1495316,83.6,460885,151980,1.72,4248642.47,12:00
2020,6,2020-06-01,Disney+,Podcast,Comédia,Série Mistério,1105191,57.6,138760,164772,4.14,3314055.99,18:00
2020,6,2020-06-01,Prime Video,Série,Drama,Podcast Tech,451336,82.0,293964,104232,1.19,2055865.03,21:00
2020,6,2020-06-01,Netflix,Podcast,Ação,Filme Solar,712025,79.3,77543,24285,3.07,449025.12,21:00
2020,6,2020-06-01,Prime Video,Série,Pop,Podcast Tech,374944,6.7,105117,89986,4.42,1547443.72,18:00
2020,6,2020-06-01,YouTube Music,Música,Tecnologia,Podcast Tech,1263864,10.4,390199,76954,2.91,2334620.79,12:00
2020,6,2020-06-01,YouTube Music,Podcast,Tecnologia,Top Hits,1909429,63.0,128312,64132,4.79,1565769.06,12:00
2020,6,2020-06-01,YouTube Music,Série,Ação,Série Mistério,374689,60.3,294600,115511,1.27,3931342.39,18:00
2020,6,2020-06-01,Prime Video,Filme,Ação,Top Hits,390921,43.5,367211,121469,4.07,1016965.72,08:00
2020,6,2020-06-01,Netflix,Série,Tecnologia,Filme Solar,20909,88.4,248699,129302,1.64,2172906.78,12:00
2020,6,2020-06-01,Disney+,Música,Comédia,Filme Solar,77038,24.6,35069,24257,2.0,1419789.22,18:00
2020,6,2020-06-01,Spotify,Série,Ação,Podcast Tech,1400320,81.4,302787,163763,4.64,86636.21,12:00
2020,6,2020-06-01,Spotify,Filme,Pop,Podcast Tech,116628,82.8,106970,141550,4.74,3540475.88,18:00
2020,6,2020-06-01,Spotify,Podcast,Pop,Top Hits,1472405,5.3,441770,94809,3.21,1812499.55,21:00
2020,6,2020-06-01,Prime Video,Podcast,Pop,Top Hits,873793,73.6,71110,54390,4.54,4855124.54,12:00
2020,6,2020-06-01,Prime Video,Série,Drama,Série Mistério,988277,20.6,128455,17219,2.47,1566275.47,08:00
2020,6,2020-06-01,Spotify,Série,Drama,Série Mistério,1984788,27.7,345378,180264,3.89,4195690.86,21:00
2020,6,2020-06-01,YouTube Music,Podcast,Ação,Filme Solar,1845995,73.1,443114,198751,4.91,4360816.85,12:00
2020,6,2020-06-01,Netflix,Podcast,Ação,Top Hits,553078,64.0,316855,165445,3.51,4629215.35,08:00
2020,6,2020-06-01,Spotify,Podcast,Drama,Série Mistério,1568202,87.8,331411,144621,4.43,4931701.19,21:00
2020,6,2020-06-01,YouTube Music,Série,Comédia,Filme Solar,152305,42.0,320598,169025,1.37,202599.05,08:00
2020,6,2020-06-01,Prime Video,Música,Pop,Filme Solar,250973,51.6,108748,81507,3.86,169060.07,18:00
2020,6,2020-06-01,Spotify,Música,Drama,Top Hits,721934,50.9,418121,144944,1.69,2499974.15,18:00
2020,6,2020-06-01,Spotify,Música,Drama,Podcast Tech,1587975,86.4,199445,176447,2.57,1074111.35,21:00
2020,6,2020-06-01,Spotify,Podcast,Pop,Podcast Tech,1865017,71.4,289521,61373,4.18,299893.36,12:00
2020,6,2020-06-01,Spotify,Música,Ação,Filme Solar,622848,59.9,351978,94614,2.61,3167393.27,08:00
2020,6,2020-06-01,Netflix,Podcast,Pop,Podcast Tech,849009,29.0,493745,32049,2.18,2648734.65,21:00
2020,7,2020-07-01,YouTube Music,Música,Drama,Top Hits,1934823,52.0,386273,15934,2.57,386470.53,21:00
2020,7,2020-07-01,Spotify,Música,Drama,Filme Solar,1130950,61.6,476487,21317,1.12,2087881.8,18:00
2020,7,2020-07-01,Netflix,Podcast,Ação,Top Hits,675048,62.6,243657,149476,4.6,2344848.27,18:00
2020,7,2020-07-01,Netflix,Música,Drama,Podcast Tech,260737,59.5,28373,5153,3.81,1957846.89,12:00
2020,7,2020-07-01,Disney+,Filme,Pop,Podcast Tech,1816614,59.3,478786,76688,4.16,3176146.46,08:00
2020,7,2020-07-01,Netflix,Filme,Drama,Filme Solar,215250,34.7,313296,76028,4.18,4669320.89,08:00
2020,7,2020-07-01,Prime Video,Podcast,Pop,Série Mistério,1439802,46.0,71306,154495,2.63,569469.62,18:00
2020,7,2020-07-01,Spotify,Música,Comédia,Série Mistério,897260,47.7,173074,38979,1.44,4342597.27,21:00
2020,7,2020-07-01,Disney+,Série,Pop,Série Mistério,455622,79.2,452654,182812,1.03,3621952.04,12:00
2020,7,2020-07-01,Netflix,Podcast,Comédia,Podcast Tech,925635,19.6,230660,67007,1.15,4016564.72,21:00
2020,7,2020-07-01,Disney+,Música,Ação,Podcast Tech,434417,18.5,287836,45253,4.91,3572819.62,18:00
2020,7,2020-07-01,YouTube Music,Música,Tecnologia,Série Mistério,1895474,67.6,160103,92940,4.93,4488249.82,08:00
2020,7,2020-07-01,Spotify,Série,Pop,Filme Solar,1342426,49.5,451990,106736,2.56,3868730.9,08:00
2020,7,2020-07-01,Prime Video,Série,Ação,Filme Solar,1066905,37.9,17333,140749,2.1,2034181.2,12:00
2020,7,2020-07-01,YouTube Music,Música,Pop,Série Mistério,1409307,37.9,287826,159100,3.7,404747.13,12:00
2020,7,2020-07-01,Spotify,Filme,Drama,Filme Solar,1216585,21.0,462649,2073,4.46,2317131.01,18:00
2020,7,2020-07-01,Netflix,Podcast,Tecnologia,Podcast Tech,1925186,44.0,138259,113208,3.22,1186443.76,21:00
2020,7,2020-07-01,Disney+,Podcast,Comédia,Top Hits,558913,26.8,34355,165793,1.39,4475563.29,18:00
2020,7,2020-07-01,YouTube Music,Podcast,Ação,Podcast Tech,1085617,87.6,136341,42053,1.14,205350.06,12:00
2020,7,2020-07-01,Spotify,Música,Pop,Podcast Tech,467367,24.6,142066,91134,3.44,3742189.73,21:00
2020,7,2020-07-01,Prime Video,Música,Ação,Top Hits,1753917,39.8,217168,82677,4.2,4772648.54,08:00
2020,7,2020-07-01,Prime Video,Música,Comédia,Série Mistério,691633,13.0,383653,166159,2.45,1106315.43,18:00
2020,7,2020-07-01,Netflix,Música,Comédia,Podcast Tech,265137,15.6,179163,113462,2.81,504487.14,08:00
2020,7,2020-07-01,Prime Video,Música,Ação,Podcast Tech,1654219,42.4,127529,94406,4.85,2459758.17,12:00
2020,7,2020-07-01,Prime Video,Filme,Drama,Filme Solar,1516021,66.1,196266,57699,2.09,3432944.59,12:00
2020,7,2020-07-01,Netflix,Música,Drama,Filme Solar,629980,47.2,193204,78223,2.46,3809904.72,18:00
2020,7,2020-07-01,Prime Video,Podcast,Tecnologia,Podcast Tech,1082604,13.7,428835,88770,4.44,230899.47,12:00
2020,7,2020-07-01,Prime Video,Série,Pop,Série Mistério,902960,79.3,230666,38648,4.5,2293759.97,18:00
2020,7,2020-07-01,Spotify,Música,Comédia,Podcast Tech,1149253,79.9,2694,149728,1.28,1920814.21,21:00
2020,7,2020-07-01,YouTube Music,Música,Ação,Top Hits,781766,56.9,182719,112255,4.28,4290728.21,08:00
2020,7,2020-07-01,Spotify,Música,Ação,Podcast Tech,647103,24.7,428478,165935,2.88,1378851.09,18:00
2020,7,2020-07-01,Spotify,Série,Ação,Série Mistério,139615,42.3,16644,162430,1.17,1117756.55,21:00
2020,7,2020-07-01,Prime Video,Série,Comédia,Filme Solar,1619830,79.3,60205,51711,2.08,3688912.96,08:00
2020,7,2020-07-01,Prime Video,Música,Drama,Filme Solar,530559,49.3,326206,57247,2.51,4149239.38,12:00
2020,7,2020-07-01,Netflix,Série,Tecnologia,Podcast Tech,908940,41.0,26427,69003,3.39,2361555.58,12:00
2020,7,2020-07-01,Spotify,Série,Pop,Série Mistério,1343158,61.8,439305,118181,4.34,3613593.38,18:00
2020,7,2020-07-01,Prime Video,Podcast,Tecnologia,Filme Solar,698629,49.2,240222,104099,3.61,1808367.72,18:00
2020,8,2020-08-01,Netflix,Série,Tecnologia,Série Mistério,378336,82.3,197815,23815,4.52,4157857.94,21:00
2020,8,2020-08-01,Netflix,Podcast,Drama,Série Mistério,1589877,19.2,63712,100273,1.65,2292700.9,12:00
2020,8,2020-08-01,Disney+,Filme,Pop,Filme Solar,74799,77.4,431573,170540,2.73,1187725.99,08:00
2020,8,2020-08-01,Prime Video,Música,Tecnologia,Podcast Tech,261272,11.0,257671,155451,3.41,1103996.04,08:00
2020,8,2020-08-01,YouTube Music,Música,Comédia,Top Hits,417535,18.5,24436,129916,2.7,1079449.28,12:00
2020,8,2020-08-01,YouTube Music,Podcast,Pop,Top Hits,723790,49.2,264906,197062,3.71,3401797.95,21:00
2020,8,2020-08-01,Disney+,Música,Tecnologia,Podcast Tech,384874,89.3,110788,95964,2.18,4699357.2,18:00
2020,8,2020-08-01,YouTube Music,Podcast,Tecnologia,Podcast Tech,1917135,7.5,244039,100662,3.76,1246989.63,08:00
2020,8,2020-08-01,Netflix,Podcast,Drama,Podcast Tech,1700091,20.5,194316,148623,4.29,2761196.1,08:00
2020,8,2020-08-01,Spotify,Música,Ação,Filme Solar,1168453,76.1,434643,163124,4.95,2450319.65,08:00
2020,8,2020-08-01,YouTube Music,Série,Drama,Podcast Tech,893375,13.8,15230,184649,2.25,1316827.74,12:00
2020,8,2020-08-01,YouTube Music,Música,Comédia,Top Hits,321834,16.9,200857,35477,2.25,730960.95,08:00
2020,8,2020-08-01,YouTube Music,Música,Comédia,Filme Solar,1659291,79.3,462779,49649,4.86,1330354.98,12:00
2020,8,2020-08-01,Disney+,Podcast,Comédia,Série Mistério,1793977,68.2,215948,63009,3.75,191332.0,12:00
2020,8,2020-08-01,YouTube Music,Série,Ação,Top Hits,1065778,16.1,413384,140855,3.46,4596507.59,08:00
2020,8,2020-08-01,Prime Video,Podcast,Tecnologia,Top Hits,1035060,67.0,221770,136177,4.85,237024.83,18:00
2020,8,2020-08-01,Spotify,Filme,Tecnologia,Podcast Tech,1380096,40.4,447878,46508,3.51,1775376.73,12:00
2020,8,2020-08-01,Disney+,Podcast,Pop,Série Mistério,1037364,52.9,33809,199316,4.35,3340756.74,12:00
2020,8,2020-08-01,Prime Video,Série,Drama,Série Mistério,1543605,78.0,444976,126237,1.23,2871839.27,18:00
2020,8,2020-08-01,YouTube Music,Música,Comédia,Podcast Tech,1870795,23.4,140413,70833,1.1,2442066.31,21:00
2020,8,2020-08-01,Netflix,Filme,Comédia,Filme Solar,1104743,89.3,433070,98742,3.15,170853.29,08:00
2020,8,2020-08-01,Netflix,Filme,Drama,Podcast Tech,592559,32.6,121936,30696,2.03,3038877.41,18:00
2020,8,2020-08-01,Prime Video,Filme,Pop,Série Mistério,787051,14.9,341827,71592,1.43,4369227.94,18:00
2020,8,2020-08-01,Prime Video,Podcast,Tecnologia,Filme Solar,753037,82.8,461653,83640,2.95,2282204.31,08:00
2020,8,2020-08-01,Netflix,Podcast,Tecnologia,Série Mistério,362440,87.8,28749,175715,1.57,4660133.48,21:00
2020,8,2020-08-01,Prime Video,Música,Tecnologia,Podcast Tech,653274,84.0,418745,182314,4.0,197968.97,12:00
2020,8,2020-08-01,Disney+,Música,Pop,Série Mistério,283068,59.2,354880,42897,3.76,627096.69,21:00
2020,8,2020-08-01,Spotify,Filme,Comédia,Top Hits,196319,65.0,85789,110208,3.79,2111700.86,18:00
2020,8,2020-08-01,YouTube Music,Música,Ação,Podcast Tech,1061818,79.5,196708,141515,4.89,2481778.89,18:00
2020,8,2020-08-01,Disney+,Filme,Comédia,Top Hits,1830702,9.0,296355,91406,1.81,1906573.07,21:00
2020,8,2020-08-01,YouTube Music,Música,Comédia,Podcast Tech,613995,7.0,373632,53114,3.98,3816297.64,21:00
2020,8,2020-08-01,Netflix,Podcast,Tecnologia,Série Mistério,709086,48.8,253347,80594,4.57,1538663.34,18:00
2020,8,2020-08-01,Disney+,Série,Ação,Top Hits,1278625,7.9,309327,52713,3.56,4238659.68,08:00
2020,8,2020-08-01,Disney+,Podcast,Tecnologia,Top Hits,1343242,20.4,454898,76026,1.94,2799553.53,21:00
2020,8,2020-08-01,YouTube Music,Música,Tecnologia,Podcast Tech,1239139,67.8,353875,171035,1.02,2462422.11,21:00
2020,8,2020-08-01,YouTube Music,Podcast,Ação,Série Mistério,1665613,90.0,389218,158907,4.75,3692921.75,08:00
2020,8,2020-08-01,Prime Video,Podcast,Ação,Top Hits,608275,23.9,124075,84115,2.22,3243788.93,21:00
2020,9,2020-09-01,Spotify,Música,Comédia,Série Mistério,604241,82.3,434973,40439,1.43,511316.92,21:00
2020,9,2020-09-01,Prime Video,Série,Drama,Podcast Tech,654531,18.2,334844,165748,1.84,4269295.12,21:00
2020,9,2020-09-01,YouTube Music,Filme,Drama,Podcast Tech,1125202,47.3,338950,20711,3.64,83676.06,08:00
2020,9,2020-09-01,Netflix,Filme,Comédia,Filme Solar,1276938,19.5,118180,136989,3.28,659847.3,08:00
2020,9,2020-09-01,Prime Video,Podcast,Comédia,Filme Solar,140625,27.7,9691,56344,1.16,3245870.7,08:00
2020,9,2020-09-01,Prime Video,Música,Drama,Série Mistério,264123,12.4,248761,14167,1.2,4016390.35,12:00
2020,9,2020-09-01,YouTube Music,Música,Ação,Série Mistério,1119329,62.2,330352,94545,3.22,2281358.22,21:00
2020,9,2020-09-01,Disney+,Série,Ação,Podcast Tech,1488272,89.3,316251,29957,4.04,4461198.46,21:00
2020,9,2020-09-01,Prime Video,Série,Comédia,Série Mistério,1166487,11.1,183060,37647,1.64,915120.27,21:00
2020,9,2020-09-01,Prime Video,Série,Pop,Filme Solar,1364825,23.1,298370,169325,1.95,570101.1,21:00
2020,9,2020-09-01,YouTube Music,Série,Pop,Filme Solar,1181051,76.5,162638,17999,3.01,1994907.97,08:00
2020,9,2020-09-01,Spotify,Série,Comédia,Filme Solar,1705587,73.8,161393,70465,4.67,808128.04,12:00
2020,9,2020-09-01,Disney+,Música,Pop,Filme Solar,1444736,70.4,165798,69985,3.4,926441.33,12:00
2020,9,2020-09-01,Prime Video,Podcast,Comédia,Série Mistério,414380,85.4,470650,20078,4.93,435015.82,08:00
2020,9,2020-09-01,Disney+,Série,Pop,Podcast Tech,636729,40.7,175695,166803,2.67,3734839.55,18:00
2020,9,2020-09-01,Prime Video,Música,Drama,Podcast Tech,1191276,50.4,395987,179468,1.36,1081946.95,08:00
2020,9,2020-09-01,Spotify,Série,Pop,Série Mistério,719857,14.5,254619,104356,2.93,2195828.77,08:00
2020,9,2020-09-01,Prime Video,Filme,Tecnologia,Filme Solar,1367775,89.2,313425,182699,2.78,1027828.13,12:00
2020,9,2020-09-01,Disney+,Série,Drama,Série Mistério,1761978,84.2,8148,35394,1.97,1897861.05,21:00
2020,9,2020-09-01,Prime Video,Filme,Comédia,Série Mistério,701607,30.8,119258,68590,3.73,3388472.95,18:00
2020,9,2020-09-01,Prime Video,Música,Pop,Top Hits,1292531,23.3,282801,161491,3.27,850256.24,18:00
2020,9,2020-09-01,Disney+,Série,Tecnologia,Podcast Tech,1518020,80.6,293319,136653,4.59,4951256.57,21:00
2020,9,2020-09-01,Prime Video,Podcast,Drama,Podcast Tech,1113163,74.7,107699,190488,3.49,1536495.72,18:00
2020,9,2020-09-01,Disney+,Filme,Ação,Série Mistério,1328634,44.7,168837,69787,2.24,4188867.31,08:00
2020,9,2020-09-01,YouTube Music,Podcast,Comédia,Podcast Tech,218250,64.8,235298,5420,4.53,3564971.06,08:00
2020,9,2020-09-01,Prime Video,Música,Drama,Série Mistério,1878525,15.1,120397,55437,3.79,450757.49,08:00
2020,9,2020-09-01,Disney+,Música,Pop,Série Mistério,1585175,5.4,449111,23640,1.75,47029.15,08:00
2020,9,2020-09-01,Spotify,Música,Ação,Filme Solar,1816251,41.2,245725,21603,1.05,2513656.93,12:00
2020,9,2020-09-01,Netflix,Música,Ação,Top Hits,1693844,53.4,12538,165624,4.11,4817188.04,18:00
2020,9,2020-09-01,YouTube Music,Filme,Ação,Podcast Tech,791637,56.9,391666,171475,4.22,2536611.89,21:00
2020,9,2020-09-01,Disney+,Filme,Comédia,Filme Solar,264382,79.0,381221,84315,3.82,4849679.21,21:00
2020,9,2020-09-01,Spotify,Série,Comédia,Série Mistério,921129,22.7,283560,84727,2.32,2836475.59,12:00
2020,9,2020-09-01,Spotify,Podcast,Tecnologia,Filme Solar,181178,87.6,499218,100216,2.64,4516221.26,12:00
2020,9,2020-09-01,Spotify,Série,Ação,Série Mistério,513806,56.2,199330,40871,2.92,2584886.78,08:00
2020,9,2020-09-01,YouTube Music,Série,Ação,Top Hits,1563028,74.2,284252,58774,2.99,2259250.88,12:00
2020,9,2020-09-01,Disney+,Podcast,Tecnologia,Filme Solar,1820753,21.5,396886,66379,4.62,4313791.55,18:00
2020,9,2020-09-01,Disney+,Série,Ação,Filme Solar,335287,16.0,261999,37495,1.45,1572713.52,12:00
2020,10,2020-10-01,YouTube Music,Filme,Tecnologia,Filme Solar,864357,13.6,390596,32950,3.31,4117163.09,18:00
2020,10,2020-10-01,YouTube Music,Série,Tecnologia,Filme Solar,1391862,72.7,64217,102905,2.76,2387760.96,12:00
2020,10,2020-10-01,Prime Video,Música,Ação,Top Hits,1376499,19.4,164950,24857,1.4,2633155.42,18:00
2020,10,2020-10-01,Disney+,Filme,Ação,Filme Solar,1592170,77.6,216201,37466,2.85,1114579.65,18:00
2020,10,2020-10-01,Spotify,Podcast,Tecnologia,Top Hits,1114185,72.0,67863,27323,4.77,629621.4,08:00
2020,10,2020-10-01,Spotify,Música,Pop,Podcast Tech,1916783,78.3,25995,196538,3.63,3477170.62,08:00
2020,10,2020-10-01,YouTube Music,Série,Drama,Série Mistério,135968,46.6,385440,58205,3.5,83089.24,08:00
2020,10,2020-10-01,Disney+,Podcast,Pop,Filme Solar,1538187,36.2,128525,149935,2.58,61939.27,12:00
2020,10,2020-10-01,Disney+,Série,Ação,Podcast Tech,1230060,53.9,81676,54055,4.95,347394.61,18:00
2020,10,2020-10-01,Spotify,Filme,Comédia,Top Hits,648459,24.9,171575,146383,4.67,1160106.52,18:00
2020,10,2020-10-01,Prime Video,Filme,Drama,Top Hits,666395,50.5,498142,178462,2.23,4572154.76,21:00
2020,10,2020-10-01,Disney+,Podcast,Pop,Top Hits,1257664,35.6,212251,64642,4.7,4950375.97,21:00
2020,10,2020-10-01,YouTube Music,Podcast,Ação,Top Hits,257934,16.8,430409,10461,1.5,556865.66,21:00
2020,10,2020-10-01,Prime Video,Série,Pop,Filme Solar,1811036,55.3,40127,10049,4.22,2866121.24,08:00
2020,10,2020-10-01,YouTube Music,Série,Tecnologia,Top Hits,886467,16.8,182252,57946,2.25,1914437.57,12:00
2020,10,2020-10-01,Disney+,Podcast,Pop,Top Hits,1319506,21.4,90222,127581,3.85,2171914.6,08:00
2020,10,2020-10-01,YouTube Music,Filme,Pop,Podcast Tech,952141,8.2,121281,174117,2.71,4436686.44,18:00
2020,10,2020-10-01,Prime Video,Podcast,Drama,Podcast Tech,284283,60.5,54477,182435,1.57,3843701.27,18:00
2020,10,2020-10-01,YouTube Music,Filme,Comédia,Top Hits,926811,52.0,306886,173380,2.95,4584569.37,21:00
2020,10,2020-10-01,Spotify,Música,Pop,Podcast Tech,758376,47.2,321896,171850,3.42,1285325.1,18:00
2020,10,2020-10-01,YouTube Music,Música,Pop,Top Hits,1678030,51.7,159955,31105,1.24,2181614.79,18:00
2020,10,2020-10-01,Netflix,Música,Tecnologia,Série Mistério,1405320,6.9,95778,36588,3.25,4799129.0,08:00
2020,10,2020-10-01,Netflix,Podcast,Ação,Filme Solar,1329286,47.7,355981,158471,4.15,4861700.2,18:00
2020,10,2020-10-01,Prime Video,Música,Pop,Podcast Tech,1115502,30.9,377515,63064,3.19,3854061.11,08:00
2020,10,2020-10-01,Netflix,Música,Drama,Top Hits,465186,52.5,377661,63038,2.77,1430434.95,21:00
2020,10,2020-10-01,Netflix,Podcast,Ação,Podcast Tech,753430,17.1,86594,2002,1.98,1862176.55,21:00
2020,10,2020-10-01,Netflix,Podcast,Pop,Podcast Tech,786212,84.5,418600,178548,4.18,3546251.29,18:00
2020,10,2020-10-01,YouTube Music,Música,Tecnologia,Top Hits,225559,63.3,363823,12044,3.64,2983069.73,12:00
2020,10,2020-10-01,Netflix,Música,Comédia,Série Mistério,394248,65.0,489549,135327,4.47,2187275.83,21:00
2020,10,2020-10-01,Netflix,Série,Ação,Série Mistério,115384,18.7,38740,93453,2.34,4625803.28,12:00
2020,10,2020-10-01,Netflix,Filme,Tecnologia,Série Mistério,1050073,53.4,193135,122906,2.57,3777324.57,08:00
2020,10,2020-10-01,YouTube Music,Filme,Tecnologia,Filme Solar,1957546,19.6,434605,36244,4.18,4818943.82,12:00
2020,10,2020-10-01,Netflix,Série,Comédia,Série Mistério,1224531,59.0,351579,161585,3.3,4607406.61,21:00
2020,10,2020-10-01,YouTube Music,Podcast,Drama,Filme Solar,988431,5.6,438831,108420,2.85,4418675.21,21:00
2020,10,2020-10-01,Disney+,Podcast,Pop,Série Mistério,1981189,86.0,194526,137885,1.51,2027036.51,21:00
2020,10,2020-10-01,Netflix,Podcast,Ação,Top Hits,1604285,44.9,136520,126938,3.48,3780517.93,12:00
2020,10,2020-10-01,Spotify,Podcast,Comédia,Top Hits,1686729,89.2,85544,22204,3.22,725699.95,18:00
2020,11,2020-11-01,Spotify,Podcast,Drama,Série Mistério,41967,42.1,8000,79411,2.39,1883394.92,08:00
2020,11,2020-11-01,Disney+,Música,Tecnologia,Top Hits,1953429,55.9,282801,153729,1.7,2469609.55,21:00
2020,11,2020-11-01,Netflix,Música,Ação,Top Hits,781594,40.8,216017,11551,1.17,4427455.11,08:00
2020,11,2020-11-01,Netflix,Série,Tecnologia,Top Hits,1726755,75.3,493042,127959,3.84,2428700.07,12:00
2020,11,2020-11-01,YouTube Music,Música,Tecnologia,Top Hits,260977,78.7,361986,187510,1.41,1061627.58,21:00
2020,11,2020-11-01,Prime Video,Filme,Drama,Podcast Tech,1465924,48.7,439441,56249,2.17,1593682.28,12:00
2020,11,2020-11-01,Prime Video,Podcast,Tecnologia,Série Mistério,185863,19.8,382438,36520,2.45,179154.18,12:00
2020,11,2020-11-01,YouTube Music,Podcast,Ação,Filme Solar,585158,51.5,302007,22725,3.28,2401926.54,18:00
2020,11,2020-11-01,Spotify,Filme,Tecnologia,Podcast Tech,536766,38.0,394081,16045,1.65,3710244.5,18:00
2020,11,2020-11-01,Netflix,Série,Drama,Podcast Tech,857470,27.1,170836,52251,4.77,165812.76,21:00
2020,11,2020-11-01,Disney+,Filme,Drama,Filme Solar,1188483,34.8,150285,121558,3.12,4641867.28,12:00
2020,11,2020-11-01,YouTube Music,Podcast,Ação,Podcast Tech,1804571,22.0,10476,20551,2.57,4931093.31,12:00
2020,11,2020-11-01,Prime Video,Série,Pop,Série Mistério,1537514,20.7,304558,145593,1.02,3677203.15,08:00
2020,11,2020-11-01,Disney+,Filme,Ação,Filme Solar,1822113,14.8,253511,106280,2.54,426745.71,18:00
2020,11,2020-11-01,Disney+,Série,Pop,Podcast Tech,1497432,10.1,87637,24108,3.26,2848110.49,08:00
2020,11,2020-11-01,YouTube Music,Filme,Ação,Série Mistério,1970506,29.1,377950,62040,1.89,1806396.04,12:00
2020,11,2020-11-01,YouTube Music,Música,Ação,Filme Solar,686175,41.0,331621,140315,4.51,4813288.34,12:00
2020,11,2020-11-01,Prime Video,Série,Ação,Série Mistério,1270804,5.6,370164,38400,4.61,3985340.4,12:00
2020,11,2020-11-01,Disney+,Série,Drama,Podcast Tech,371982,46.5,402275,92839,2.57,1609924.59,21:00
2020,11,2020-11-01,YouTube Music,Podcast,Drama,Série Mistério,728060,65.4,306161,2318,1.89,4000323.95,08:00
2020,11,2020-11-01,Spotify,Podcast,Pop,Filme Solar,80733,51.8,465965,16395,3.68,3093862.56,08:00
2020,11,2020-11-01,Spotify,Série,Pop,Podcast Tech,1606320,76.9,132655,82137,2.97,1625273.09,18:00
2020,11,2020-11-01,YouTube Music,Música,Comédia,Podcast Tech,402132,75.2,361104,6924,1.56,2068169.79,08:00
2020,11,2020-11-01,Prime Video,Filme,Ação,Podcast Tech,63659,46.9,164199,125312,3.08,1033075.18,21:00
2020,11,2020-11-01,Netflix,Série,Pop,Top Hits,1913002,41.5,198450,137650,3.6,1501721.56,21:00
2020,11,2020-11-01,Spotify,Música,Drama,Filme Solar,1126548,24.4,79250,3584,2.43,1559562.37,18:00
2020,11,2020-11-01,Spotify,Podcast,Tecnologia,Top Hits,507949,73.2,403319,82301,1.45,1884193.42,08:00
2020,11,2020-11-01,Prime Video,Podcast,Pop,Série Mistério,764051,31.9,266988,6162,4.45,3447964.85,18:00
2020,11,2020-11-01,Disney+,Podcast,Tecnologia,Filme Solar,730918,31.9,57722,149465,2.18,513068.08,18:00
2020,11,2020-11-01,Spotify,Música,Drama,Top Hits,294374,32.9,114926,137958,3.05,1802040.47,08:00
2020,11,2020-11-01,Spotify,Série,Drama,Podcast Tech,1296071,14.7,289911,97421,4.33,4181983.06,18:00
2020,11,2020-11-01,Spotify,Filme,Drama,Top Hits,1528218,72.7,434698,43068,3.12,3165858.89,18:00
2020,11,2020-11-01,Prime Video,Filme,Comédia,Filme Solar,316149,29.2,292107,120151,4.61,2752208.24,18:00
2020,11,2020-11-01,Disney+,Podcast,Ação,Top Hits,1851815,63.1,483565,82192,4.93,3971369.74,21:00
2020,11,2020-11-01,YouTube Music,Música,Ação,Filme Solar,1056558,83.6,204376,122024,1.93,1866891.58,12:00
2020,11,2020-11-01,Spotify,Filme,Tecnologia,Podcast Tech,900223,15.2,268470,151972,3.76,366897.74,08:00
2020,11,2020-11-01,Prime Video,Podcast,Tecnologia,Filme Solar,1485055,24.8,60144,107904,4.99,4311122.76,18:00
2020,12,2020-12-01,Netflix,Filme,Ação,Filme Solar,618652,15.6,453510,62070,3.35,1470764.37,08:00
2020,12,2020-12-01,Disney+,Música,Ação,Filme Solar,1473187,54.2,366229,111049,2.47,1494859.97,18:00
2020,12,2020-12-01,Spotify,Podcast,Pop,Série Mistério,895005,34.2,465338,123747,4.07,4573183.89,08:00
2020,12,2020-12-01,Spotify,Série,Pop,Série Mistério,1822352,39.2,63460,24204,3.97,549658.36,21:00
2020,12,2020-12-01,Spotify,Podcast,Tecnologia,Podcast Tech,641497,43.2,19471,103934,2.99,4709458.76,12:00
2020,12,2020-12-01,Disney+,Podcast,Ação,Top Hits,1159868,19.7,3253,51814,4.51,1144840.4,12:00
2020,12,2020-12-01,Disney+,Série,Ação,Filme Solar,548784,49.9,60933,17899,1.15,1562660.63,08:00
2020,12,2020-12-01,Spotify,Música,Ação,Top Hits,1209159,47.7,84231,78622,3.24,1701076.32,12:00
2020,12,2020-12-01,Disney+,Filme,Pop,Filme Solar,1114396,86.1,405300,41192,1.79,1715399.07,08:00
2020,12,2020-12-01,Spotify,Série,Tecnologia,Podcast Tech,1052397,53.0,31774,156996,2.08,2121103.96,21:00
2020,12,2020-12-01,Spotify,Podcast,Tecnologia,Top Hits,343440,89.9,324630,195036,3.48,4137996.89,21:00
2020,12,2020-12-01,Prime Video,Filme,Drama,Podcast Tech,1538638,61.8,430062,95383,1.71,2932151.06,08:00
2020,12,2020-12-01,YouTube Music,Série,Comédia,Podcast Tech,801226,37.5,64718,143245,1.23,4555967.79,08:00
2020,12,2020-12-01,Netflix,Música,Comédia,Top Hits,1298570,16.4,213923,129121,4.29,2926205.01,18:00
2020,12,2020-12-01,Spotify,Podcast,Ação,Filme Solar,407285,5.4,92952,55722,3.16,2318734.51,12:00
2020,12,2020-12-01,Netflix,Podcast,Drama,Podcast Tech,1451252,64.7,441700,118247,2.49,3117673.67,12:00
2020,12,2020-12-01,Disney+,Série,Tecnologia,Podcast Tech,161437,40.0,240705,176170,2.82,2455668.73,18:00
2020,12,2020-12-01,Disney+,Filme,Tecnologia,Podcast Tech,696069,83.7,12043,17662,2.08,3529037.83,21:00
2020,12,2020-12-01,YouTube Music,Podcast,Tecnologia,Top Hits,245147,46.4,264643,93238,2.37,1412989.52,18:00
2020,12,2020-12-01,Spotify,Música,Pop,Top Hits,779678,42.6,449707,33785,1.7,425305.18,21:00
2020,12,2020-12-01,Spotify,Série,Tecnologia,Top Hits,24308,13.1,295647,81695,4.28,3797348.22,21:00
2020,12,2020-12-01,YouTube Music,Música,Drama,Top Hits,49915,88.3,91385,58655,1.52,699988.27,21:00
2020,12,2020-12-01,Prime Video,Música,Comédia,Filme Solar,420956,57.8,306036,41482,2.42,3109271.54,12:00
2020,12,2020-12-01,Disney+,Música,Comédia,Série Mistério,1874981,70.0,64645,171858,1.46,479021.23,21:00
2020,12,2020-12-01,Netflix,Podcast,Drama,Série Mistério,1069703,64.9,285427,71331,2.93,1399935.49,21:00
2020,12,2020-12-01,Disney+,Filme,Drama,Podcast Tech,1661631,36.0,360985,137424,2.69,1023337.26,12:00
2020,12,2020-12-01,Spotify,Podcast,Tecnologia,Filme Solar,1258771,63.6,163889,63601,1.1,4011691.8,18:00
2020,12,2020-12-01,Prime Video,Série,Comédia,Série Mistério,1585864,10.8,21455,76236,4.23,3690430.51,18:00
2020,12,2020-12-01,Disney+,Podcast,Pop,Top Hits,1529433,45.7,5723,196880,3.71,3917888.5,08:00
2020,12,2020-12-01,Spotify,Série,Comédia,Podcast Tech,1339625,68.5,433410,32468,1.27,2014375.13,08:00
2020,12,2020-12-01,Netflix,Série,Pop,Filme Solar,1420266,10.9,180349,114162,3.8,105831.34,18:00
2020,12,2020-12-01,Netflix,Filme,Drama,Série Mistério,770706,77.3,453643,34057,4.7,3086621.04,21:00
2020,12,2020-12-01,Spotify,Filme,Drama,Filme Solar,1644121,47.4,26164,153782,1.26,4704563.91,18:00
2020,12,2020-12-01,Disney+,Série,Pop,Podcast Tech,573912,17.9,492594,121839,2.74,3399637.2,21:00
2020,12,2020-12-01,Prime Video,Série,Ação,Filme Solar,1014933,10.6,43097,169775,2.42,3727930.75,18:00
2020,12,2020-12-01,Prime Video,Série,Comédia,Filme Solar,1910866,88.0,119352,105739,1.88,3821580.22,08:00
2020,12,2020-12-01,YouTube Music,Filme,Drama,Podcast Tech,1963485,74.6,346414,194598,4.15,1631010.41,12:00
2021,1,2021-01-01,Spotify,Música,Comédia,Série Mistério,748632,59.7,69047,176773,3.4,4369639.89,18:00
2021,1,2021-01-01,Spotify,Série,Pop,Top Hits,649548,64.9,215639,124307,3.79,155108.0,08:00
2021,1,2021-01-01,Netflix,Série,Pop,Top Hits,1169102,35.0,496819,116922,3.11,2067269.71,21:00
2021,1,2021-01-01,YouTube Music,Série,Comédia,Podcast Tech,1149869,40.0,367764,170367,4.64,2582118.79,21:00
2021,1,2021-01-01,YouTube Music,Série,Tecnologia,Podcast Tech,616792,43.4,42848,161007,2.19,1685266.78,18:00
2021,1,2021-01-01,YouTube Music,Filme,Pop,Top Hits,1292806,53.7,398998,69885,1.56,3017280.83,18:00
2021,1,2021-01-01,Prime Video,Filme,Tecnologia,Podcast Tech,26560,36.4,25682,46594,4.47,1164553.55,08:00
2021,1,2021-01-01,Disney+,Música,Tecnologia,Série Mistério,1163505,5.4,221721,74192,3.9,1872893.82,18:00
2021,1,2021-01-01,Netflix,Filme,Pop,Série Mistério,625267,19.7,360681,96697,3.39,1508924.92,18:00
2021,1,2021-01-01,YouTube Music,Série,Comédia,Filme Solar,1180609,44.6,103277,75469,1.01,3797586.46,08:00
2021,1,2021-01-01,YouTube Music,Podcast,Tecnologia,Podcast Tech,324710,57.7,403361,131558,3.65,2159315.59,18:00
2021,1,2021-01-01,Prime Video,Podcast,Ação,Série Mistério,913302,72.1,94393,92898,2.27,895804.93,12:00
2021,1,2021-01-01,Disney+,Filme,Ação,Top Hits,695356,70.1,488663,191875,2.55,1980358.54,08:00
2021,1,2021-01-01,Netflix,Filme,Drama,Podcast Tech,343470,74.0,28565,160386,4.36,481876.86,21:00
2021,1,2021-01-01,Spotify,Série,Tecnologia,Podcast Tech,757500,46.1,144219,30816,4.3,3068527.41,08:00
2021,1,2021-01-01,Netflix,Podcast,Tecnologia,Podcast Tech,1702239,30.4,212729,185778,3.58,2215701.8,18:00
2021,1,2021-01-01,Disney+,Música,Comédia,Podcast Tech,111745,35.7,468634,44805,2.32,387346.26,12:00
2021,1,2021-01-01,Disney+,Música,Pop,Série Mistério,177686,55.3,325301,28827,1.54,4473997.48,21:00
2021,1,2021-01-01,Spotify,Podcast,Tecnologia,Série Mistério,42499,46.0,201606,53999,3.47,2682839.29,12:00
2021,1,2021-01-01,YouTube Music,Filme,Comédia,Série Mistério,1454334,16.1,133286,46028,3.24,1880319.3,21:00
2021,1,2021-01-01,Prime Video,Podcast,Ação,Top Hits,1740385,72.5,51602,75998,3.39,4074160.16,08:00
2021,1,2021-01-01,Prime Video,Podcast,Comédia,Série Mistério,1793137,64.5,51036,24654,1.34,4917364.4,21:00
2021,1,2021-01-01,YouTube Music,Filme,Pop,Podcast Tech,1125202,40.5,453794,152317,3.81,2615048.53,18:00
2021,1,2021-01-01,Netflix,Série,Comédia,Podcast Tech,1483251,33.3,455753,4318,1.35,1675221.34,08:00
2021,1,2021-01-01,Prime Video,Podcast,Tecnologia,Filme Solar,1743031,44.5,362216,14417,4.9,3271167.31,21:00
2021,1,2021-01-01,Prime Video,Série,Ação,Podcast Tech,1444448,15.5,222725,4134,3.64,1482790.32,12:00
2021,1,2021-01-01,Prime Video,Podcast,Drama,Filme Solar,287714,60.3,123611,162987,1.04,4043774.28,12:00
2021,1,2021-01-01,Netflix,Série,Pop,Podcast Tech,1192530,38.3,233106,197033,4.59,3478789.31,18:00
2021,1,2021-01-01,Prime Video,Filme,Pop,Top Hits,39553,61.1,92479,145604,3.6,953359.5,18:00
2021,1,2021-01-01,Prime Video,Música,Drama,Filme Solar,66688,5.2,447880,177589,2.91,2681977.8,21:00
2021,1,2021-01-01,YouTube Music,Música,Drama,Podcast Tech,286731,62.8,154086,150481,3.86,3514704.55,21:00
2021,1,2021-01-01,Netflix,Podcast,Drama,Podcast Tech,660398,82.3,97703,176590,1.16,4358604.94,08:00
2021,1,2021-01-01,Prime Video,Filme,Ação,Série Mistério,702145,86.1,161140,88889,4.54,4186028.84,21:00
2021,1,2021-01-01,Disney+,Filme,Ação,Podcast Tech,1612255,19.8,471991,162790,2.52,3865793.24,12:00
2021,1,2021-01-01,Disney+,Podcast,Comédia,Série Mistério,1161909,16.7,391397,71494,2.97,2455321.67,21:00
2021,1,2021-01-01,Netflix,Série,Tecnologia,Top Hits,861375,38.7,333108,144503,4.92,2832201.25,12:00
2021,1,2021-01-01,Spotify,Filme,Ação,Filme Solar,212927,55.8,279729,133069,4.12,2669317.89,21:00
2021,2,2021-02-01,Disney+,Filme,Drama,Filme Solar,1946389,58.2,26166,87448,1.44,843853.72,18:00
2021,2,2021-02-01,Prime Video,Música,Pop,Podcast Tech,783731,42.4,55530,74271,4.65,77258.13,21:00
2021,2,2021-02-01,YouTube Music,Música,Ação,Filme Solar,1658133,42.3,208895,172923,2.67,3208493.71,18:00
2021,2,2021-02-01,Prime Video,Série,Tecnologia,Série Mistério,524696,77.8,246600,10763,4.13,1153762.25,12:00
2021,2,2021-02-01,Disney+,Música,Tecnologia,Filme Solar,1000935,69.5,494302,26841,2.97,1427531.65,21:00
2021,2,2021-02-01,YouTube Music,Filme,Pop,Podcast Tech,1186899,79.1,191181,111338,3.54,2811908.02,12:00
2021,2,2021-02-01,Netflix,Filme,Pop,Top Hits,1162028,5.1,221197,39167,4.98,2145919.09,18:00
2021,2,2021-02-01,YouTube Music,Música,Ação,Podcast Tech,949488,63.8,252078,117026,2.85,2936779.67,08:00
2021,2,2021-02-01,Prime Video,Música,Pop,Série Mistério,1104469,9.8,241030,183629,4.27,1399131.39,08:00
2021,2,2021-02-01,Disney+,Música,Tecnologia,Série Mistério,440805,78.0,489372,92235,3.62,957010.97,21:00
2021,2,2021-02-01,Prime Video,Série,Comédia,Top Hits,1270607,53.4,137494,157093,3.9,4736811.42,18:00
2021,2,2021-02-01,Spotify,Podcast,Ação,Filme Solar,1187821,61.5,86436,78132,2.38,4238831.79,08:00
2021,2,2021-02-01,Netflix,Filme,Drama,Podcast Tech,787918,6.7,465775,149565,1.11,1494660.68,12:00
2021,2,2021-02-01,YouTube Music,Filme,Drama,Podcast Tech,488844,70.1,3136,117066,1.63,3189134.27,12:00
2021,2,2021-02-01,Disney+,Série,Ação,Série Mistério,1397660,28.6,294020,193718,2.68,4535154.33,21:00
2021,2,2021-02-01,YouTube Music,Música,Tecnologia,Top Hits,1819640,11.8,427815,85608,2.55,3238959.55,12:00
2021,2,2021-02-01,Disney+,Podcast,Ação,Série Mistério,1857442,68.8,498489,148119,1.83,4555595.27,18:00
2021,2,2021-02-01,Netflix,Podcast,Tecnologia,Podcast Tech,1930258,27.5,219885,54331,2.34,707831.06,12:00
2021,2,2021-02-01,Disney+,Série,Tecnologia,Filme Solar,1577825,77.8,154527,26997,1.77,4151706.8,12:00
2021,2,2021-02-01,Spotify,Série,Comédia,Podcast Tech,1236306,32.5,189375,58740,4.29,4036995.46,21:00
2021,2,2021-02-01,Spotify,Série,Tecnologia,Top Hits,1403792,76.8,479079,30977,3.03,3655895.14,21:00
2021,2,2021-02-01,Spotify,Podcast,Drama,Podcast Tech,388659,72.5,230721,24449,4.55,1263581.5,08:00
2021,2,2021-02-01,YouTube Music,Série,Comédia,Filme Solar,263814,51.8,122552,140000,1.53,3948772.32,08:00
2021,2,2021-02-01,YouTube Music,Música,Comédia,Top Hits,780711,27.1,336080,108524,4.22,3855223.57,08:00
2021,2,2021-02-01,Netflix,Filme,Tecnologia,Filme Solar,1226889,76.8,355965,77248,2.69,2552277.09,08:00
2021,2,2021-02-01,Prime Video,Podcast,Drama,Top Hits,1613124,71.1,392758,77268,2.95,177810.0,08:00
2021,2,2021-02-01,Prime Video,Série,Comédia,Série Mistério,459328,57.0,489687,195375,2.37,3099050.64,08:00
2021,2,2021-02-01,Disney+,Podcast,Ação,Série Mistério,1671082,32.6,377823,31301,4.17,2923028.35,08:00
2021,2,2021-02-01,Disney+,Podcast,Drama,Série Mistério,1707918,55.9,65778,28797,4.16,3673807.96,12:00
2021,2,2021-02-01,Disney+,Podcast,Pop,Série Mistério,1142497,39.7,69816,14080,3.23,2331616.89,08:00
2021,2,2021-02-01,Netflix,Podcast,Ação,Filme Solar,165393,56.7,260331,153584,3.66,2515477.22,12:00
2021,2,2021-02-01,Prime Video,Série,Comédia,Top Hits,1129932,19.6,47557,86310,1.16,2177087.35,21:00
2021,2,2021-02-01,Disney+,Filme,Comédia,Top Hits,161517,63.2,133517,93890,1.17,245855.54,21:00
2021,2,2021-02-01,Disney+,Filme,Comédia,Top Hits,1999229,47.0,16817,17417,2.7,950248.08,18:00
2021,2,2021-02-01,Netflix,Podcast,Pop,Série Mistério,1143580,5.3,344035,80513,3.58,259409.48,08:00
2021,2,2021-02-01,Disney+,Música,Drama,Série Mistério,455571,24.7,422272,108933,4.44,3009892.82,21:00
2021,2,2021-02-01,YouTube Music,Música,Ação,Top Hits,245805,21.3,491112,94861,1.58,1562534.73,18:00
2021,3,2021-03-01,Prime Video,Podcast,Ação,Série Mistério,297624,29.3,439889,164210,4.65,4848751.7,08:00
2021,3,2021-03-01,Prime Video,Música,Ação,Filme Solar,1068827,30.4,187519,60520,1.46,4888097.35,21:00
2021,3,2021-03-01,Prime Video,Podcast,Comédia,Podcast Tech,1622722,81.8,488393,40881,2.15,2398203.96,12:00
2021,3,2021-03-01,Netflix,Música,Tecnologia,Podcast Tech,1217461,41.7,281831,55517,3.78,2550863.08,08:00
2021,3,2021-03-01,Netflix,Música,Comédia,Série Mistério,1255690,10.6,221109,158374,2.87,4365996.92,18:00
2021,3,2021-03-01,Prime Video,Podcast,Comédia,Filme Solar,1084520,61.7,97557,107624,2.66,3314836.92,12:00
2021,3,2021-03-01,YouTube Music,Podcast,Tecnologia,Série Mistério,1850622,72.0,304451,184352,1.26,1206224.22,21:00
2021,3,2021-03-01,Spotify,Filme,Drama,Filme Solar,567414,52.1,268973,152835,4.17,712538.97,18:00
2021,3,2021-03-01,Prime Video,Série,Pop,Podcast Tech,733968,64.6,299061,177374,1.6,2982245.53,08:00
2021,3,2021-03-01,Prime Video,Filme,Drama,Série Mistério,1106488,68.3,326435,144050,3.59,490057.77,18:00
2021,3,2021-03-01,YouTube Music,Série,Comédia,Podcast Tech,565459,24.9,256531,34684,1.77,1088161.2,18:00
2021,3,2021-03-01,Prime Video,Série,Tecnologia,Podcast Tech,1083404,63.6,1120,119068,1.59,4278798.93,21:00
2021,3,2021-03-01,Netflix,Música,Drama,Top Hits,1730043,50.4,219720,14612,2.72,918852.73,18:00
2021,3,2021-03-01,Disney+,Podcast,Pop,Podcast Tech,1851584,62.6,185502,93376,2.44,1635503.95,21:00
2021,3,2021-03-01,Spotify,Filme,Ação,Podcast Tech,681080,23.3,167995,137379,1.31,782738.8,18:00
2021,3,2021-03-01,Spotify,Podcast,Tecnologia,Série Mistério,626934,9.1,350032,61347,1.89,3533150.15,08:00
2021,3,2021-03-01,Spotify,Série,Comédia,Série Mistério,1083878,11.0,219317,162162,1.98,3579645.28,12:00
2021,3,2021-03-01,YouTube Music,Música,Comédia,Filme Solar,1747671,39.3,133033,20056,4.78,3755581.98,12:00
2021,3,2021-03-01,Netflix,Filme,Drama,Série Mistério,314233,37.9,421269,139041,1.82,1156407.82,08:00
2021,3,2021-03-01,Disney+,Série,Ação,Filme Solar,1385720,13.8,475498,164954,2.32,2586406.84,18:00
2021,3,2021-03-01,Spotify,Podcast,Drama,Top Hits,801072,59.7,142747,139509,4.76,2252628.08,18:00
2021,3,2021-03-01,Netflix,Filme,Drama,Top Hits,1748912,37.8,95123,105926,4.09,1434477.41,21:00
2021,3,2021-03-01,YouTube Music,Podcast,Comédia,Top Hits,1041688,60.6,360877,172681,2.46,2594746.01,21:00
2021,3,2021-03-01,Spotify,Podcast,Tecnologia,Filme Solar,614850,37.5,81906,107920,1.75,4939166.33,21:00
2021,3,2021-03-01,Disney+,Música,Comédia,Série Mistério,694935,61.7,41730,169115,2.18,433976.42,08:00
2021,3,2021-03-01,Spotify,Série,Ação,Top Hits,1076130,59.2,484696,33460,3.97,4262603.91,12:00
2021,3,2021-03-01,Spotify,Filme,Tecnologia,Filme Solar,624725,17.4,17199,148208,1.41,2015894.12,18:00
2021,3,2021-03-01,Prime Video,Série,Drama,Podcast Tech,1805915,8.0,470632,172811,1.71,3849422.39,21:00
2021,3,2021-03-01,Prime Video,Música,Drama,Série Mistério,1091042,27.9,485234,14832,4.92,1442959.9,12:00
2021,3,2021-03-01,Disney+,Podcast,Drama,Top Hits,447744,70.6,188425,42762,1.05,4673350.93,21:00
2021,3,2021-03-01,Netflix,Filme,Pop,Podcast Tech,451670,34.3,112846,74333,4.92,3882816.42,21:00
2021,3,2021-03-01,Spotify,Podcast,Comédia,Podcast Tech,1253544,20.4,424392,66783,3.17,2601206.69,12:00
2021,3,2021-03-01,Prime Video,Série,Pop,Podcast Tech,1075284,19.0,40490,8300,1.89,3281948.07,08:00
2021,3,2021-03-01,Prime Video,Filme,Drama,Filme Solar,343196,36.3,415786,181640,4.45,1743033.35,18:00
2021,3,2021-03-01,YouTube Music,Filme,Drama,Top Hits,1114302,44.6,340177,101190,3.49,3437321.28,18:00
2021,3,2021-03-01,Spotify,Música,Comédia,Série Mistério,259511,30.3,261002,152685,2.74,4219576.34,18:00
2021,3,2021-03-01,YouTube Music,Filme,Comédia,Filme Solar,1245804,18.9,107794,21188,4.2,2557282.71,21:00
2021,4,2021-04-01,Spotify,Podcast,Tecnologia,Podcast Tech,1839020,88.2,432666,156500,1.39,517205.61,12:00
2021,4,2021-04-01,Spotify,Música,Tecnologia,Podcast Tech,257502,53.4,149186,182420,3.87,3902878.1,08:00
2021,4,2021-04-01,Prime Video,Série,Tecnologia,Filme Solar,1592983,42.4,499350,140847,3.44,1633198.19,12:00
2021,4,2021-04-01,Disney+,Filme,Ação,Filme Solar,1210697,64.0,247533,178266,3.08,3513848.51,12:00
2021,4,2021-04-01,Netflix,Série,Pop,Podcast Tech,368502,85.1,348190,104227,3.97,2741896.87,21:00
2021,4,2021-04-01,Prime Video,Série,Pop,Série Mistério,429878,76.3,295676,79068,1.91,3996008.76,12:00
2021,4,2021-04-01,Spotify,Música,Pop,Série Mistério,1699856,25.1,350930,183917,4.22,4178171.33,08:00
2021,4,2021-04-01,Netflix,Série,Comédia,Podcast Tech,1261908,57.3,147099,151834,2.55,4782751.74,12:00
2021,4,2021-04-01,YouTube Music,Filme,Pop,Podcast Tech,250685,40.4,491182,65027,4.63,4266545.93,21:00
2021,4,2021-04-01,Prime Video,Podcast,Tecnologia,Podcast Tech,597706,11.5,435906,121640,3.09,2631209.54,21:00
2021,4,2021-04-01,YouTube Music,Podcast,Drama,Podcast Tech,309011,54.6,451287,167482,3.67,1170437.03,21:00
2021,4,2021-04-01,Prime Video,Filme,Drama,Podcast Tech,541570,7.5,459843,150261,4.82,2035493.18,21:00
2021,4,2021-04-01,YouTube Music,Filme,Comédia,Top Hits,192750,39.2,208831,56431,4.46,4614458.69,18:00
2021,4,2021-04-01,Spotify,Música,Ação,Série Mistério,575413,42.7,149258,187459,1.39,375827.72,12:00
2021,4,2021-04-01,Spotify,Filme,Pop,Podcast Tech,998055,84.4,383931,103913,4.95,4216411.45,12:00
2021,4,2021-04-01,YouTube Music,Música,Ação,Filme Solar,996724,45.6,112428,178995,1.09,3346391.17,18:00
2021,4,2021-04-01,Disney+,Podcast,Ação,Top Hits,1964708,21.8,385020,141758,4.13,2883321.5,12:00
2021,4,2021-04-01,YouTube Music,Podcast,Tecnologia,Série Mistério,1627007,71.8,174114,168853,3.08,2053446.98,08:00
2021,4,2021-04-01,Prime Video,Música,Drama,Série Mistério,821229,50.4,456198,50104,2.5,1782608.38,12:00
2021,4,2021-04-01,Netflix,Podcast,Comédia,Filme Solar,324600,9.6,268228,63241,4.34,1620623.61,08:00
2021,4,2021-04-01,YouTube Music,Música,Drama,Top Hits,1128296,49.8,359538,176529,4.31,2669720.4,18:00
2021,4,2021-04-01,Prime Video,Podcast,Tecnologia,Top Hits,1723742,21.3,491965,161364,4.27,4018813.74,21:00
2021,4,2021-04-01,Disney+,Podcast,Drama,Podcast Tech,166964,48.4,34955,25424,2.12,89302.96,21:00
2021,4,2021-04-01,YouTube Music,Podcast,Ação,Série Mistério,234276,81.6,58521,159932,2.12,4497175.65,08:00
2021,4,2021-04-01,Prime Video,Filme,Ação,Série Mistério,1541649,10.7,220631,37564,1.6,1567663.39,21:00
2021,4,2021-04-01,Netflix,Filme,Ação,Top Hits,48126,65.3,402135,15529,4.82,1266406.03,08:00
2021,4,2021-04-01,Disney+,Música,Tecnologia,Podcast Tech,1231285,88.1,483015,3427,2.09,2632354.06,21:00
2021,4,2021-04-01,YouTube Music,Série,Ação,Top Hits,1667171,88.3,52243,11580,1.55,839012.91,12:00
2021,4,2021-04-01,Netflix,Música,Ação,Filme Solar,1911345,19.3,231368,128403,4.94,3079593.51,12:00
2021,4,2021-04-01,Spotify,Podcast,Tecnologia,Série Mistério,173391,59.2,378463,188184,2.79,1191218.91,08:00
2021,4,2021-04-01,Disney+,Série,Pop,Top Hits,386871,84.3,324426,53062,4.88,3190918.29,08:00
2021,4,2021-04-01,Prime Video,Podcast,Pop,Série Mistério,1972350,22.1,264380,7837,5.0,2044405.63,21:00
2021,4,2021-04-01,Disney+,Podcast,Pop,Podcast Tech,316873,7.9,208944,195807,1.09,3107429.66,21:00
2021,4,2021-04-01,YouTube Music,Podcast,Tecnologia,Top Hits,403057,76.5,266105,48542,1.35,4496024.83,18:00
2021,4,2021-04-01,Spotify,Música,Drama,Filme Solar,1610564,31.3,190987,178257,2.23,2072130.9,21:00
2021,4,2021-04-01,Netflix,Música,Comédia,Série Mistério,1134699,71.5,446987,109352,1.89,4674574.67,21:00
2021,4,2021-04-01,Spotify,Série,Pop,Podcast Tech,1652319,81.2,398158,177495,4.95,133056.67,08:00
2021,5,2021-05-01,Spotify,Série,Ação,Filme Solar,518207,32.5,84029,164710,3.99,4400293.2,21:00
2021,5,2021-05-01,Prime Video,Série,Drama,Top Hits,289217,82.5,289926,22480,2.96,1913678.7,12:00
2021,5,2021-05-01,YouTube Music,Podcast,Pop,Série Mistério,297253,13.9,245180,67921,1.36,1388799.28,08:00
2021,5,2021-05-01,YouTube Music,Filme,Pop,Filme Solar,1202129,27.0,93928,132255,3.02,484588.81,12:00
2021,5,2021-05-01,Spotify,Podcast,Comédia,Top Hits,1468908,14.0,182200,82203,1.42,3210108.91,12:00
2021,5,2021-05-01,Prime Video,Série,Pop,Top Hits,1112807,85.0,319764,185399,3.71,420163.93,18:00
2021,5,2021-05-01,YouTube Music,Música,Ação,Podcast Tech,1339262,23.7,303990,124514,4.35,4903413.0,18:00
2021,5,2021-05-01,Netflix,Série,Ação,Série Mistério,953835,80.7,420236,193442,4.25,1001605.86,08:00
2021,5,2021-05-01,Netflix,Série,Pop,Série Mistério,1939978,81.9,58610,126881,1.88,2171577.25,21:00
2021,5,2021-05-01,Spotify,Série,Drama,Série Mistério,142563,36.3,124363,48531,3.68,4919919.61,21:00
2021,5,2021-05-01,YouTube Music,Filme,Drama,Série Mistério,1492680,88.8,294604,109196,3.22,1745862.91,12:00
2021,5,2021-05-01,Disney+,Filme,Tecnologia,Filme Solar,1586477,40.7,182257,165437,2.77,230680.01,21:00
2021,5,2021-05-01,Spotify,Série,Pop,Top Hits,847504,66.5,208053,61602,4.4,4075733.21,18:00
2021,5,2021-05-01,Spotify,Série,Comédia,Podcast Tech,1674357,87.3,124728,151367,2.76,957921.16,08:00
2021,5,2021-05-01,Prime Video,Série,Drama,Série Mistério,916536,42.7,147833,182643,1.63,3488536.6,12:00
2021,5,2021-05-01,Prime Video,Podcast,Tecnologia,Série Mistério,1840574,13.6,21277,152172,4.2,4230779.42,21:00
2021,5,2021-05-01,Netflix,Filme,Tecnologia,Série Mistério,42656,88.2,233398,93323,1.22,4102717.37,08:00
2021,5,2021-05-01,Netflix,Podcast,Drama,Série Mistério,1132491,80.8,389092,17712,3.91,4288649.07,12:00
2021,5,2021-05-01,Prime Video,Série,Tecnologia,Filme Solar,130864,37.7,115015,164818,4.88,4810315.51,21:00
2021,5,2021-05-01,Spotify,Música,Comédia,Podcast Tech,609591,84.6,411375,102189,4.68,4928097.56,12:00
2021,5,2021-05-01,YouTube Music,Podcast,Drama,Série Mistério,1699298,38.0,202836,22913,4.15,681451.44,18:00
2021,5,2021-05-01,YouTube Music,Série,Tecnologia,Podcast Tech,231383,18.2,390402,185084,2.1,2574870.22,08:00
2021,5,2021-05-01,Spotify,Podcast,Ação,Série Mistério,490510,48.3,98821,44342,1.93,1089814.61,21:00
2021,5,2021-05-01,Netflix,Música,Drama,Podcast Tech,651916,56.8,12891,67718,4.53,4426224.46,18:00
2021,5,2021-05-01,Prime Video,Música,Ação,Filme Solar,1109214,40.3,435498,179140,4.51,3341588.89,12:00
2021,5,2021-05-01,Prime Video,Podcast,Tecnologia,Podcast Tech,1527482,64.6,488576,89107,1.34,2572136.84,12:00
2021,5,2021-05-01,Disney+,Podcast,Drama,Podcast Tech,1781728,48.4,471378,116521,1.37,2999395.07,12:00
2021,5,2021-05-01,Netflix,Filme,Drama,Série Mistério,541076,43.6,387680,39263,1.95,4674937.28,08:00
2021,5,2021-05-01,YouTube Music,Podcast,Comédia,Filme Solar,373066,86.6,422677,69611,3.39,3722725.84,12:00
2021,5,2021-05-01,YouTube Music,Filme,Comédia,Top Hits,417818,76.9,140236,78646,4.97,2036324.95,12:00
2021,5,2021-05-01,Prime Video,Podcast,Comédia,Podcast Tech,1077091,54.8,431564,33053,1.38,4636725.29,12:00
2021,5,2021-05-01,YouTube Music,Série,Drama,Podcast Tech,22810,69.1,395473,66124,2.67,4942936.13,18:00
2021,5,2021-05-01,Prime Video,Filme,Tecnologia,Série Mistério,769891,39.8,118470,84927,2.87,4606729.72,18:00
2021,5,2021-05-01,YouTube Music,Podcast,Tecnologia,Podcast Tech,795621,89.6,149071,82330,4.72,3123859.46,12:00
2021,5,2021-05-01,Netflix,Podcast,Comédia,Filme Solar,44494,73.7,6009,125960,4.48,4922262.41,18:00
2021,5,2021-05-01,Netflix,Música,Ação,Podcast Tech,674608,76.9,312250,175798,2.34,3556353.53,18:00
2021,5,2021-05-01,Netflix,Música,Ação,Filme Solar,1637894,31.3,488889,95229,2.09,1945431.68,12:00
2021,6,2021-06-01,Spotify,Filme,Pop,Podcast Tech,572408,21.4,40289,8777,2.96,4434591.04,18:00
2021,6,2021-06-01,Prime Video,Série,Pop,Filme Solar,1150651,8.8,362687,109152,4.26,2595637.4,08:00
2021,6,2021-06-01,Spotify,Podcast,Ação,Filme Solar,89932,48.2,135530,116385,4.0,1373525.6,08:00
2021,6,2021-06-01,YouTube Music,Filme,Pop,Podcast Tech,1958455,12.4,369347,79437,4.67,3100814.51,21:00
2021,6,2021-06-01,Netflix,Série,Drama,Série Mistério,1785989,19.3,371842,4562,3.15,2780946.93,08:00
2021,6,2021-06-01,Prime Video,Música,Comédia,Série Mistério,361863,10.7,338584,69689,2.35,856051.22,21:00
2021,6,2021-06-01,Spotify,Série,Drama,Podcast Tech,256700,65.5,312275,136002,4.12,3161874.66,08:00
2021,6,2021-06-01,Netflix,Podcast,Drama,Top Hits,942810,40.1,267215,190238,3.37,439716.47,18:00
2021,6,2021-06-01,Netflix,Filme,Ação,Podcast Tech,1993704,86.1,223838,193449,4.15,2288320.34,08:00
2021,6,2021-06-01,Spotify,Podcast,Comédia,Podcast Tech,117667,31.3,193687,191086,1.36,1828604.4,18:00
2021,6,2021-06-01,YouTube Music,Música,Drama,Filme Solar,778060,38.0,365826,136083,2.52,494454.92,21:00
2021,6,2021-06-01,YouTube Music,Podcast,Ação,Podcast Tech,1964124,38.2,476324,71241,3.1,4204938.47,08:00
2021,6,2021-06-01,Prime Video,Podcast,Ação,Filme Solar,719249,16.6,430712,140525,4.05,4468875.44,12:00
2021,6,2021-06-01,YouTube Music,Filme,Pop,Top Hits,1881219,74.4,229507,47832,3.65,1743294.66,18:00
2021,6,2021-06-01,Disney+,Podcast,Tecnologia,Podcast Tech,1238799,28.9,55935,80104,4.38,1918843.57,21:00
2021,6,2021-06-01,Spotify,Podcast,Pop,Podcast Tech,1249960,31.3,379661,126666,4.16,1338299.9,18:00
2021,6,2021-06-01,Spotify,Podcast,Comédia,Série Mistério,793839,72.8,438412,58983,3.3,4834864.6,08:00
2021,6,2021-06-01,YouTube Music,Série,Drama,Série Mistério,1657744,42.6,38124,103660,2.72,4228018.42,21:00
2021,6,2021-06-01,Spotify,Filme,Ação,Filme Solar,454083,60.4,98909,189659,3.47,4517443.5,18:00
2021,6,2021-06-01,Spotify,Podcast,Comédia,Podcast Tech,622288,79.1,110571,156632,4.4,3150423.75,08:00
2021,6,2021-06-01,Netflix,Podcast,Ação,Podcast Tech,153540,19.6,287184,85534,1.72,63200.47,08:00
2021,6,2021-06-01,Disney+,Filme,Tecnologia,Podcast Tech,1008817,83.2,92625,198891,3.39,1993933.51,12:00
2021,6,2021-06-01,Spotify,Filme,Drama,Top Hits,53415,16.0,188722,106354,2.96,1828180.83,21:00
2021,6,2021-06-01,Disney+,Podcast,Ação,Filme Solar,24807,10.8,487020,518,3.58,1520410.42,12:00
2021,6,2021-06-01,Disney+,Série,Comédia,Série Mistério,1015836,64.3,384927,121366,4.06,2025076.77,18:00
2021,6,2021-06-01,Prime Video,Série,Ação,Série Mistério,494906,53.3,363357,55084,1.74,742420.51,21:00
2021,6,2021-06-01,YouTube Music,Filme,Ação,Podcast Tech,695968,11.2,288694,61284,3.0,2233397.55,21:00
2021,6,2021-06-01,Prime Video,Podcast,Tecnologia,Série Mistério,812089,54.6,304145,48611,2.47,2024901.83,18:00
2021,6,2021-06-01,YouTube Music,Música,Ação,Filme Solar,734679,10.9,35500,57471,3.22,3684977.28,08:00
2021,6,2021-06-01,YouTube Music,Podcast,Ação,Série Mistério,1288067,40.6,316078,70343,4.05,2369083.25,08:00
2021,6,2021-06-01,YouTube Music,Série,Ação,Top Hits,842347,45.1,172583,56477,2.15,3419504.44,12:00
2021,6,2021-06-01,Prime Video,Podcast,Pop,Podcast Tech,1303432,5.3,426362,134810,3.78,1565346.52,21:00
2021,6,2021-06-01,Spotify,Podcast,Tecnologia,Série Mistério,1903902,71.0,256781,69595,3.65,2790428.28,08:00
2021,6,2021-06-01,Spotify,Podcast,Tecnologia,Filme Solar,1830055,35.2,172340,101423,4.98,3701729.02,21:00
2021,6,2021-06-01,Spotify,Música,Comédia,Top Hits,881441,22.2,208140,88165,3.42,2927841.92,08:00
2021,6,2021-06-01,Disney+,Podcast,Ação,Top Hits,831692,84.1,289637,181188,4.72,1717385.5,12:00
2021,6,2021-06-01,Netflix,Série,Comédia,Top Hits,841291,19.5,230827,55259,2.77,3947158.51,08:00
2021,7,2021-07-01,Disney+,Série,Drama,Top Hits,569056,6.3,323036,111672,1.59,4874466.61,18:00
2021,7,2021-07-01,Netflix,Música,Comédia,Top Hits,465751,62.9,327832,15978,3.18,2870224.72,18:00
2021,7,2021-07-01,YouTube Music,Filme,Drama,Podcast Tech,461883,26.3,317943,89221,2.88,2090541.53,12:00
2021,7,2021-07-01,Netflix,Série,Ação,Podcast Tech,940056,71.6,276868,174409,4.4,683257.68,18:00
2021,7,2021-07-01,Spotify,Filme,Pop,Filme Solar,1202657,27.5,310326,115563,4.68,4364191.31,21:00
2021,7,2021-07-01,Disney+,Música,Tecnologia,Série Mistério,1300361,85.0,354021,144004,1.67,1645795.07,08:00
2021,7,2021-07-01,Spotify,Música,Pop,Série Mistério,713107,48.9,453174,84089,3.05,1926700.26,18:00
2021,7,2021-07-01,Netflix,Podcast,Ação,Série Mistério,1610003,46.0,14810,93573,1.42,2494567.06,21:00
2021,7,2021-07-01,Netflix,Podcast,Ação,Podcast Tech,255987,80.3,439183,109435,2.4,3102170.84,08:00
2021,7,2021-07-01,Netflix,Música,Comédia,Filme Solar,1735921,31.2,450647,197933,4.42,1826218.63,12:00
2021,7,2021-07-01,YouTube Music,Podcast,Ação,Podcast Tech,110735,45.6,295231,88521,4.97,1692267.6,08:00
2021,7,2021-07-01,YouTube Music,Música,Ação,Série Mistério,306740,81.7,78308,57286,2.97,2978348.26,12:00
2021,7,2021-07-01,Spotify,Música,Drama,Podcast Tech,343303,41.7,265055,131622,2.64,171074.32,08:00
2021,7,2021-07-01,Spotify,Música,Tecnologia,Top Hits,1715609,55.8,497454,72290,2.37,3178612.99,08:00
2021,7,2021-07-01,YouTube Music,Podcast,Drama,Podcast Tech,89952,59.5,247082,63598,1.07,2232567.93,12:00
2021,7,2021-07-01,Prime Video,Podcast,Ação,Série Mistério,704251,47.3,205842,130817,2.39,2732790.67,12:00
2021,7,2021-07-01,Netflix,Música,Drama,Podcast Tech,1601568,59.7,229215,152201,1.3,4198298.06,08:00
2021,7,2021-07-01,Netflix,Música,Ação,Top Hits,327831,48.1,465045,22947,3.51,2422820.9,12:00
2021,7,2021-07-01,YouTube Music,Podcast,Comédia,Filme Solar,589689,42.2,278090,143983,2.58,3588031.34,12:00
2021,7,2021-07-01,Disney+,Música,Tecnologia,Filme Solar,595378,13.5,289527,89136,3.08,416189.3,12:00
2021,7,2021-07-01,Spotify,Música,Drama,Filme Solar,1027071,85.1,338780,10218,4.09,1729076.49,18:00
2021,7,2021-07-01,Spotify,Podcast,Tecnologia,Série Mistério,1101643,18.7,398860,17431,3.5,587662.66,18:00
2021,7,2021-07-01,Disney+,Música,Tecnologia,Podcast Tech,134952,69.4,400030,48487,1.2,2690146.94,08:00
2021,7,2021-07-01,YouTube Music,Podcast,Drama,Filme Solar,1202961,59.1,137127,198268,3.9,3814089.86,12:00
2021,7,2021-07-01,Netflix,Podcast,Pop,Filme Solar,1686342,46.8,443347,181373,3.79,1645915.42,21:00
2021,7,2021-07-01,Prime Video,Filme,Tecnologia,Top Hits,1970095,19.6,272394,66749,1.93,450256.92,21:00
2021,7,2021-07-01,YouTube Music,Série,Ação,Podcast Tech,343670,48.0,41540,63887,4.52,4440213.64,12:00
2021,7,2021-07-01,YouTube Music,Música,Tecnologia,Filme Solar,1873495,47.5,156643,111187,4.51,3194881.76,21:00
2021,7,2021-07-01,Netflix,Podcast,Drama,Top Hits,1342021,5.1,362725,27849,1.48,3496582.86,08:00
2021,7,2021-07-01,Netflix,Filme,Drama,Filme Solar,942854,32.8,208784,132625,1.01,1882579.21,12:00
2021,7,2021-07-01,Disney+,Música,Drama,Podcast Tech,219749,20.6,33984,28507,1.05,129662.94,21:00
2021,7,2021-07-01,Netflix,Podcast,Drama,Top Hits,305351,40.7,450284,56040,4.45,2234995.41,21:00
2021,7,2021-07-01,Spotify,Música,Tecnologia,Filme Solar,561000,40.8,169467,95767,3.61,2923722.15,21:00
2021,7,2021-07-01,Netflix,Música,Tecnologia,Podcast Tech,1219414,42.2,287647,15496,1.56,3881522.35,18:00
2021,7,2021-07-01,Netflix,Música,Pop,Série Mistério,617172,81.8,182598,118964,4.35,492786.42,18:00
2021,7,2021-07-01,YouTube Music,Música,Ação,Top Hits,942914,36.7,495610,72442,4.58,2296745.54,12:00
2021,7,2021-07-01,YouTube Music,Música,Ação,Filme Solar,420307,25.3,184736,64567,3.05,3541209.07,21:00
2021,8,2021-08-01,YouTube Music,Podcast,Tecnologia,Filme Solar,816858,40.7,432936,131903,4.46,1977217.64,12:00
2021,8,2021-08-01,Disney+,Série,Comédia,Série Mistério,614148,42.2,471768,199469,1.16,605351.6,21:00
2021,8,2021-08-01,Spotify,Podcast,Pop,Podcast Tech,435962,78.5,391216,15686,1.0,3344815.01,18:00
2021,8,2021-08-01,Netflix,Podcast,Ação,Série Mistério,529868,54.1,268996,7262,4.27,4282732.24,12:00
2021,8,2021-08-01,Netflix,Série,Tecnologia,Filme Solar,928439,64.9,326731,176470,3.61,1531735.96,21:00
2021,8,2021-08-01,Disney+,Série,Drama,Podcast Tech,1950656,88.7,467615,900,3.25,4249524.1,18:00
2021,8,2021-08-01,Prime Video,Música,Pop,Top Hits,416411,39.6,397113,65922,2.26,2263199.11,08:00
2021,8,2021-08-01,YouTube Music,Série,Tecnologia,Top Hits,1436402,74.6,61544,178825,3.56,1713650.0,21:00
2021,8,2021-08-01,Spotify,Filme,Comédia,Série Mistério,919244,13.6,460590,66518,3.32,4438967.26,18:00
2021,8,2021-08-01,Disney+,Música,Pop,Top Hits,480803,69.0,246570,1849,4.09,4251631.39,12:00
2021,8,2021-08-01,Prime Video,Série,Ação,Filme Solar,111318,10.3,311806,97862,2.62,3590459.91,21:00
2021,8,2021-08-01,Prime Video,Série,Drama,Série Mistério,1901305,50.9,178283,20344,2.68,1374350.75,12:00
2021,8,2021-08-01,Netflix,Podcast,Ação,Podcast Tech,1785481,46.8,129532,27122,4.36,4342769.98,18:00
2021,8,2021-08-01,Netflix,Filme,Drama,Podcast Tech,1412748,63.7,140245,124665,3.21,2999190.9,12:00
2021,8,2021-08-01,Netflix,Série,Tecnologia,Série Mistério,24957,83.5,34046,47357,3.86,848461.85,18:00
2021,8,2021-08-01,Disney+,Música,Pop,Filme Solar,127423,49.9,394485,50854,4.51,1895726.99,21:00
2021,8,2021-08-01,Netflix,Filme,Comédia,Filme Solar,699649,46.6,424776,159195,1.28,4421708.62,18:00
2021,8,2021-08-01,YouTube Music,Música,Drama,Podcast Tech,1641559,51.5,295672,88638,2.01,692157.67,18:00
2021,8,2021-08-01,Spotify,Filme,Comédia,Filme Solar,1076616,9.5,237465,3614,4.11,3545574.67,08:00
2021,8,2021-08-01,Prime Video,Música,Ação,Série Mistério,1455134,82.2,326923,65528,4.89,3376003.57,18:00
2021,8,2021-08-01,Spotify,Filme,Ação,Série Mistério,1941942,78.2,20848,2840,4.39,2644688.13,12:00
2021,8,2021-08-01,Spotify,Música,Ação,Série Mistério,1863560,12.1,247162,170393,1.08,531703.99,08:00
2021,8,2021-08-01,Disney+,Podcast,Pop,Filme Solar,701212,53.2,402610,43464,4.53,2701208.56,12:00
2021,8,2021-08-01,YouTube Music,Música,Pop,Filme Solar,1908988,18.1,238235,101188,2.18,1682277.97,12:00
2021,8,2021-08-01,Netflix,Série,Comédia,Podcast Tech,1144028,20.4,476851,121584,4.58,3362499.21,12:00
2021,8,2021-08-01,Disney+,Podcast,Drama,Série Mistério,1026020,10.9,145446,169932,2.76,2444892.47,08:00
2021,8,2021-08-01,YouTube Music,Filme,Ação,Top Hits,1306225,61.1,379507,171964,3.66,4156002.99,08:00
2021,8,2021-08-01,Prime Video,Podcast,Drama,Série Mistério,1168859,8.2,53890,5553,4.98,4448172.62,08:00
2021,8,2021-08-01,Disney+,Série,Tecnologia,Filme Solar,129671,86.3,347016,93942,3.05,4596343.46,12:00
2021,8,2021-08-01,Prime Video,Série,Drama,Filme Solar,233694,47.5,149429,192915,4.63,3564605.41,18:00
2021,8,2021-08-01,YouTube Music,Música,Drama,Podcast Tech,314368,67.3,498600,160446,3.75,4359707.1,12:00
2021,8,2021-08-01,Spotify,Música,Comédia,Top Hits,1804623,19.7,53615,102165,2.39,973796.85,12:00
2021,8,2021-08-01,Prime Video,Série,Tecnologia,Podcast Tech,1811314,60.3,444876,84064,4.53,161193.85,12:00
2021,8,2021-08-01,Spotify,Podcast,Pop,Top Hits,243334,78.1,464842,93258,1.64,1016461.56,12:00
2021,8,2021-08-01,Disney+,Música,Drama,Top Hits,439385,10.4,115464,40815,3.79,4659218.27,18:00
2021,8,2021-08-01,Disney+,Música,Tecnologia,Série Mistério,1487753,20.7,57432,193082,3.55,4335666.44,18:00
2021,8,2021-08-01,Netflix,Música,Tecnologia,Filme Solar,850031,81.4,68034,167237,4.29,3611796.3,12:00
2021,9,2021-09-01,YouTube Music,Podcast,Ação,Série Mistério,1691592,45.9,122627,125830,4.12,3060867.62,18:00
2021,9,2021-09-01,YouTube Music,Podcast,Comédia,Podcast Tech,1374961,32.3,152849,3969,3.06,4937257.03,12:00
2021,9,2021-09-01,Disney+,Filme,Pop,Série Mistério,615315,65.9,406473,168083,3.63,4251173.82,08:00
2021,9,2021-09-01,Netflix,Série,Drama,Top Hits,1994138,25.4,307057,48669,1.91,1086969.3,21:00
2021,9,2021-09-01,Spotify,Filme,Tecnologia,Podcast Tech,201679,73.3,253641,53992,4.78,2184085.08,08:00
2021,9,2021-09-01,Disney+,Música,Drama,Top Hits,1346453,73.3,272953,67769,2.56,1061470.89,18:00
2021,9,2021-09-01,Disney+,Música,Tecnologia,Top Hits,1471166,9.0,425905,35530,3.32,4058101.97,18:00
2021,9,2021-09-01,Netflix,Série,Pop,Filme Solar,1504679,30.3,333229,73368,2.78,2969583.72,18:00
2021,9,2021-09-01,Prime Video,Filme,Tecnologia,Filme Solar,493353,87.3,307643,122810,2.96,4208734.86,08:00
2021,9,2021-09-01,Spotify,Filme,Ação,Filme Solar,1634290,13.3,438033,42646,3.52,3598073.34,08:00
2021,9,2021-09-01,Disney+,Música,Ação,Podcast Tech,1377300,22.3,191237,89645,4.43,1486214.12,12:00
2021,9,2021-09-01,Prime Video,Filme,Comédia,Top Hits,520729,16.5,256490,63288,2.17,4594721.32,21:00
2021,9,2021-09-01,YouTube Music,Música,Drama,Série Mistério,163704,23.8,177423,140189,2.09,2321442.56,08:00
2021,9,2021-09-01,YouTube Music,Filme,Pop,Podcast Tech,827674,15.2,75932,59240,1.05,2171474.72,21:00
2021,9,2021-09-01,Disney+,Série,Ação,Filme Solar,1773238,38.7,446269,92460,3.2,4896077.55,12:00
2021,9,2021-09-01,YouTube Music,Série,Drama,Filme Solar,1015143,73.0,287558,162070,4.32,4943198.69,21:00
2021,9,2021-09-01,Prime Video,Série,Comédia,Filme Solar,690970,22.0,48865,25553,3.57,851664.68,12:00
2021,9,2021-09-01,Spotify,Podcast,Drama,Podcast Tech,1965964,55.5,295757,191782,4.09,1157924.56,08:00
2021,9,2021-09-01,Spotify,Música,Pop,Top Hits,115355,45.9,69874,162594,3.84,3006582.67,21:00
2021,9,2021-09-01,Disney+,Música,Comédia,Filme Solar,1963659,53.8,296160,69791,1.59,1839651.58,21:00
2021,9,2021-09-01,Netflix,Podcast,Comédia,Podcast Tech,1694198,30.9,94179,7599,1.66,1016307.86,18:00
2021,9,2021-09-01,Prime Video,Podcast,Ação,Série Mistério,660405,52.1,68422,84900,4.82,4432918.06,18:00
2021,9,2021-09-01,Prime Video,Série,Comédia,Podcast Tech,1460252,36.0,260604,141420,1.18,3259835.38,12:00
2021,9,2021-09-01,Prime Video,Música,Tecnologia,Série Mistério,759817,43.8,84158,176051,4.8,1404968.3,08:00
2021,9,2021-09-01,YouTube Music,Filme,Comédia,Top Hits,286074,48.1,484722,134191,3.95,4182679.58,18:00
2021,9,2021-09-01,Disney+,Música,Ação,Série Mistério,318707,82.9,295665,127967,3.5,470453.53,21:00
2021,9,2021-09-01,Netflix,Série,Ação,Top Hits,883399,14.5,202604,25326,4.56,3678766.94,12:00
2021,9,2021-09-01,Netflix,Música,Comédia,Filme Solar,634183,56.0,322755,192460,4.31,910707.31,12:00
2021,9,2021-09-01,Spotify,Podcast,Comédia,Série Mistério,1641041,38.4,258387,44763,4.75,1111177.01,21:00
2021,9,2021-09-01,Disney+,Filme,Drama,Série Mistério,1722833,43.3,245957,167383,4.99,1121119.81,12:00
2021,9,2021-09-01,Disney+,Filme,Comédia,Filme Solar,820587,6.2,195294,84346,2.76,2715685.72,18:00
2021,9,2021-09-01,Spotify,Filme,Ação,Série Mistério,1630173,33.6,436196,160361,3.91,27686.07,08:00
2021,9,2021-09-01,Spotify,Podcast,Tecnologia,Série Mistério,1113400,38.1,417327,136613,1.14,3091931.65,18:00
2021,9,2021-09-01,YouTube Music,Filme,Comédia,Série Mistério,1321317,54.4,377289,100114,1.25,467626.66,08:00
2021,9,2021-09-01,Disney+,Música,Tecnologia,Podcast Tech,1148617,57.0,63269,62271,4.28,3060800.65,08:00
2021,9,2021-09-01,Prime Video,Podcast,Comédia,Filme Solar,551989,30.0,377820,108595,1.51,1177160.43,18:00
2021,9,2021-09-01,YouTube Music,Filme,Drama,Top Hits,400811,73.0,199499,103489,1.17,3542253.32,18:00
2021,10,2021-10-01,Spotify,Podcast,Ação,Filme Solar,1041968,60.2,258873,150156,1.4,3002087.55,21:00
2021,10,2021-10-01,YouTube Music,Filme,Drama,Top Hits,1228293,22.9,374410,91242,2.07,249696.66,12:00
2021,10,2021-10-01,Disney+,Série,Pop,Podcast Tech,243661,5.9,465133,7075,1.42,2258740.2,18:00
2021,10,2021-10-01,Disney+,Filme,Pop,Filme Solar,1938889,89.6,316086,155598,1.98,50224.27,12:00
2021,10,2021-10-01,YouTube Music,Série,Tecnologia,Filme Solar,1741522,43.1,358374,38680,4.29,4150224.81,18:00
2021,10,2021-10-01,Prime Video,Música,Tecnologia,Top Hits,929604,21.9,489342,123466,3.09,369863.98,08:00
2021,10,2021-10-01,Disney+,Música,Ação,Top Hits,1124403,43.9,66973,187689,2.81,1332547.23,21:00
2021,10,2021-10-01,Prime Video,Filme,Pop,Filme Solar,272296,68.3,345295,189686,2.59,4100972.99,12:00
2021,10,2021-10-01,Disney+,Série,Drama,Filme Solar,757821,68.6,400624,70622,3.34,1003421.73,12:00
2021,10,2021-10-01,Netflix,Música,Comédia,Podcast Tech,103792,30.4,205713,2121,4.42,3186753.42,18:00
2021,10,2021-10-01,Spotify,Série,Tecnologia,Podcast Tech,114973,36.2,186565,180545,1.66,4573598.04,12:00
2021,10,2021-10-01,Netflix,Podcast,Drama,Série Mistério,152568,43.5,193167,53707,1.1,912168.71,18:00
2021,10,2021-10-01,Netflix,Filme,Tecnologia,Série Mistério,56467,18.1,368803,61202,2.75,584776.85,21:00
2021,10,2021-10-01,Prime Video,Música,Comédia,Top Hits,1047416,70.6,203023,83710,4.75,1646456.28,12:00
2021,10,2021-10-01,Netflix,Música,Pop,Top Hits,1706036,89.4,82170,150401,2.27,1646712.37,12:00
2021,10,2021-10-01,Disney+,Série,Tecnologia,Filme Solar,1713591,26.0,377897,127763,2.46,798945.61,08:00
2021,10,2021-10-01,YouTube Music,Podcast,Ação,Podcast Tech,1386448,42.6,147492,117790,3.38,4876651.01,21:00
2021,10,2021-10-01,YouTube Music,Filme,Pop,Top Hits,1516096,86.7,258358,83658,3.06,973926.19,12:00
2021,10,2021-10-01,YouTube Music,Série,Tecnologia,Podcast Tech,1363019,63.4,180175,154846,1.71,1357082.04,21:00
2021,10,2021-10-01,Netflix,Música,Drama,Série Mistério,905907,62.0,441989,174932,2.05,3110963.89,12:00
2021,10,2021-10-01,Prime Video,Podcast,Tecnologia,Filme Solar,548685,85.6,434669,176533,1.1,1722985.98,08:00
2021,10,2021-10-01,Disney+,Série,Ação,Série Mistério,748884,13.4,136821,41167,1.26,1737137.53,08:00
2021,10,2021-10-01,Disney+,Filme,Tecnologia,Top Hits,1496357,8.5,110832,87363,2.89,2183586.08,12:00
2021,10,2021-10-01,Netflix,Filme,Drama,Podcast Tech,1049042,45.9,309887,69106,4.34,3526202.36,12:00
2021,10,2021-10-01,Spotify,Podcast,Pop,Top Hits,1028669,24.5,62969,61779,3.55,1955231.56,21:00
2021,10,2021-10-01,Spotify,Música,Tecnologia,Top Hits,450929,42.4,54815,143073,1.86,3184755.93,21:00
2021,10,2021-10-01,YouTube Music,Série,Tecnologia,Top Hits,1049841,43.0,130062,27312,4.31,2277751.23,21:00
2021,10,2021-10-01,Prime Video,Podcast,Comédia,Podcast Tech,562601,30.1,154498,133069,4.17,853713.51,18:00
2021,10,2021-10-01,Prime Video,Música,Ação,Filme Solar,613349,27.1,295683,178274,4.28,2552159.5,12:00
2021,10,2021-10-01,Disney+,Série,Pop,Podcast Tech,379552,84.2,149067,8262,2.35,4770334.71,12:00
2021,10,2021-10-01,Prime Video,Música,Comédia,Filme Solar,1975989,85.1,187203,68806,3.84,4357412.02,21:00
2021,10,2021-10-01,Disney+,Música,Tecnologia,Filme Solar,1881662,87.8,342775,195576,3.05,4714035.77,18:00
2021,10,2021-10-01,Prime Video,Música,Drama,Top Hits,777023,31.6,265075,79561,4.13,3025647.17,08:00
2021,10,2021-10-01,Prime Video,Podcast,Comédia,Top Hits,1089242,67.6,181605,161930,1.26,3045762.63,18:00
2021,10,2021-10-01,Disney+,Podcast,Comédia,Podcast Tech,983212,22.5,449237,87581,2.92,1076525.94,18:00
2021,10,2021-10-01,Disney+,Podcast,Pop,Top Hits,1248602,77.6,183383,61977,4.35,2833020.42,12:00
2021,10,2021-10-01,Netflix,Podcast,Comédia,Top Hits,1009325,11.3,332868,193100,3.93,735386.11,18:00
2021,11,2021-11-01,Prime Video,Série,Ação,Filme Solar,1035718,81.2,159351,63285,2.43,1479439.24,12:00
2021,11,2021-11-01,Netflix,Série,Ação,Podcast Tech,1026026,36.6,17140,117483,2.93,3548876.45,12:00
2021,11,2021-11-01,YouTube Music,Música,Drama,Filme Solar,432829,18.1,272027,126079,3.91,3378855.54,21:00
2021,11,2021-11-01,Netflix,Série,Drama,Série Mistério,1589968,49.8,249197,15953,2.95,2238466.62,12:00
2021,11,2021-11-01,Prime Video,Música,Comédia,Série Mistério,1152194,77.6,98216,78872,3.86,2736087.48,08:00
2021,11,2021-11-01,Prime Video,Podcast,Ação,Podcast Tech,1327343,65.2,215016,1076,3.04,513871.02,21:00
2021,11,2021-11-01,Disney+,Filme,Ação,Filme Solar,197908,29.1,67321,136892,1.47,93171.47,18:00
2021,11,2021-11-01,Disney+,Filme,Ação,Série Mistério,588841,64.7,169411,189296,3.59,3891399.2,21:00
2021,11,2021-11-01,Prime Video,Podcast,Drama,Top Hits,923487,26.1,381322,103789,1.92,3292983.67,18:00
2021,11,2021-11-01,Netflix,Filme,Pop,Top Hits,954250,5.8,145117,48773,4.16,3254676.41,18:00
2021,11,2021-11-01,Netflix,Filme,Ação,Filme Solar,483185,58.5,185872,11058,1.81,2582737.46,12:00
2021,11,2021-11-01,Netflix,Podcast,Drama,Série Mistério,1757037,28.6,198694,163220,3.34,1368402.91,08:00
2021,11,2021-11-01,Prime Video,Podcast,Drama,Top Hits,822106,17.0,410971,129725,2.04,1130054.78,18:00
2021,11,2021-11-01,Spotify,Música,Comédia,Série Mistério,669363,10.0,341557,142528,2.83,790966.54,21:00
2021,11,2021-11-01,Prime Video,Música,Tecnologia,Filme Solar,529857,44.9,346264,28301,4.41,4738535.07,18:00
2021,11,2021-11-01,YouTube Music,Música,Drama,Série Mistério,665434,61.2,248919,176899,3.84,4044338.5,08:00
2021,11,2021-11-01,Spotify,Podcast,Ação,Filme Solar,1786373,86.0,298900,99909,4.7,3565125.24,08:00
2021,11,2021-11-01,Disney+,Podcast,Drama,Filme Solar,888743,9.9,270257,165781,3.02,2349667.92,21:00
2021,11,2021-11-01,Netflix,Podcast,Pop,Podcast Tech,949298,55.4,37312,181664,4.38,4017466.82,18:00
2021,11,2021-11-01,Netflix,Música,Tecnologia,Top Hits,507016,44.7,31078,28187,2.7,2374807.08,18:00
2021,11,2021-11-01,YouTube Music,Filme,Ação,Podcast Tech,1146540,21.0,111908,83794,4.79,3155106.4,18:00
2021,11,2021-11-01,Netflix,Filme,Drama,Filme Solar,708521,48.3,258210,84797,2.26,1980572.54,08:00
2021,11,2021-11-01,Netflix,Música,Ação,Filme Solar,926777,5.9,347828,74310,2.08,4158462.12,08:00
2021,11,2021-11-01,YouTube Music,Série,Comédia,Filme Solar,1272653,48.8,297516,169883,1.45,955081.78,18:00
2021,11,2021-11-01,Netflix,Série,Drama,Filme Solar,755507,9.0,463295,123140,1.63,599946.4,08:00
2021,11,2021-11-01,Prime Video,Podcast,Ação,Top Hits,564620,53.2,184294,157410,4.92,3325676.24,18:00
2021,11,2021-11-01,YouTube Music,Série,Tecnologia,Série Mistério,1537754,50.4,480678,178897,3.15,148112.5,21:00
2021,11,2021-11-01,Spotify,Podcast,Ação,Top Hits,1097960,38.9,17092,86644,2.45,2267619.62,18:00
2021,11,2021-11-01,YouTube Music,Série,Drama,Filme Solar,604592,37.9,73335,37127,2.35,243790.66,21:00
2021,11,2021-11-01,Spotify,Série,Comédia,Filme Solar,1835205,50.5,297747,179675,2.4,3257783.19,18:00
2021,11,2021-11-01,Netflix,Série,Pop,Top Hits,1832037,56.4,200621,27209,2.27,3065925.6,18:00
2021,11,2021-11-01,Disney+,Música,Pop,Podcast Tech,679553,61.4,185916,72655,4.47,1270935.54,21:00
2021,11,2021-11-01,Spotify,Filme,Ação,Filme Solar,932238,29.4,257846,2258,2.14,899333.26,08:00
2021,11,2021-11-01,Netflix,Podcast,Pop,Top Hits,1357624,56.9,240511,155130,1.93,3260139.84,08:00
2021,11,2021-11-01,YouTube Music,Música,Tecnologia,Filme Solar,176520,24.2,105915,108277,4.86,4431921.75,12:00
2021,11,2021-11-01,Spotify,Música,Drama,Podcast Tech,88750,88.5,395291,103228,1.62,1747162.73,08:00
2021,11,2021-11-01,Disney+,Filme,Ação,Top Hits,286551,37.8,11623,184051,3.02,1530862.4,21:00
2021,12,2021-12-01,Disney+,Música,Tecnologia,Top Hits,129943,76.5,65600,26041,3.68,2766221.36,12:00
2021,12,2021-12-01,Prime Video,Música,Drama,Filme Solar,223433,50.0,290289,25262,1.73,1976316.29,08:00
2021,12,2021-12-01,Disney+,Podcast,Ação,Filme Solar,271595,80.0,97341,48669,4.18,28603.64,08:00
2021,12,2021-12-01,Netflix,Podcast,Tecnologia,Podcast Tech,1275864,22.8,150445,19087,1.94,2929531.87,21:00
2021,12,2021-12-01,Prime Video,Podcast,Tecnologia,Filme Solar,143936,71.3,338310,19278,2.39,1260763.69,08:00
2021,12,2021-12-01,Disney+,Filme,Comédia,Podcast Tech,199100,38.8,49880,172748,4.07,1198527.4,08:00
2021,12,2021-12-01,Prime Video,Filme,Comédia,Top Hits,711137,42.3,107506,20032,4.88,2798493.47,08:00
2021,12,2021-12-01,Disney+,Podcast,Comédia,Filme Solar,1267238,11.7,339517,125819,1.02,2441381.34,08:00
2021,12,2021-12-01,Disney+,Música,Tecnologia,Podcast Tech,544155,38.8,267868,139630,4.14,3969834.29,21:00
2021,12,2021-12-01,Prime Video,Música,Comédia,Top Hits,727013,62.9,188325,123834,4.01,3427397.84,21:00
2021,12,2021-12-01,Prime Video,Música,Comédia,Filme Solar,284731,12.0,220041,92981,3.83,2547432.71,21:00
2021,12,2021-12-01,Disney+,Série,Ação,Filme Solar,1211694,79.5,216230,163745,1.78,2423258.44,12:00
2021,12,2021-12-01,Prime Video,Filme,Drama,Top Hits,279772,64.1,16542,144417,1.73,4847011.02,08:00
2021,12,2021-12-01,Spotify,Podcast,Tecnologia,Podcast Tech,1115013,12.4,173640,127005,2.38,1097787.06,21:00
2021,12,2021-12-01,Disney+,Podcast,Ação,Top Hits,1927038,71.4,310521,26020,3.1,292501.02,08:00
2021,12,2021-12-01,Disney+,Série,Comédia,Filme Solar,498080,63.6,144958,173229,1.02,2014617.57,18:00
2021,12,2021-12-01,YouTube Music,Podcast,Ação,Filme Solar,533764,27.1,449597,13500,4.36,257005.16,12:00
2021,12,2021-12-01,Disney+,Música,Tecnologia,Série Mistério,225651,76.4,394377,8362,4.45,3742779.15,08:00
2021,12,2021-12-01,Netflix,Música,Comédia,Filme Solar,628310,74.5,280525,63950,4.14,266404.34,08:00
2021,12,2021-12-01,Disney+,Podcast,Comédia,Podcast Tech,1287494,16.6,87670,66098,4.78,1453943.34,18:00
2021,12,2021-12-01,Spotify,Música,Ação,Podcast Tech,455688,29.3,405013,44783,1.06,3813556.74,12:00
2021,12,2021-12-01,Prime Video,Música,Tecnologia,Série Mistério,664908,64.7,453550,154283,1.31,668421.58,08:00
2021,12,2021-12-01,Prime Video,Série,Comédia,Podcast Tech,632725,76.9,417838,63106,1.01,1156909.16,08:00
2021,12,2021-12-01,Disney+,Filme,Pop,Top Hits,1957655,79.1,476887,106776,3.98,4337833.56,12:00
2021,12,2021-12-01,YouTube Music,Podcast,Pop,Podcast Tech,1074443,62.1,381192,152248,2.13,2001469.1,21:00
2021,12,2021-12-01,Disney+,Filme,Drama,Filme Solar,1273791,37.0,245718,53160,2.77,2637973.69,08:00
2021,12,2021-12-01,Disney+,Série,Pop,Série Mistério,1358822,48.6,85610,179309,2.48,3899900.14,18:00
2021,12,2021-12-01,YouTube Music,Música,Pop,Podcast Tech,533655,88.1,72865,191789,2.21,45134.51,21:00
2021,12,2021-12-01,YouTube Music,Podcast,Tecnologia,Podcast Tech,1330192,5.9,163206,192364,3.0,997853.77,21:00
2021,12,2021-12-01,YouTube Music,Série,Tecnologia,Podcast Tech,795542,41.2,188971,51092,3.2,4258092.16,12:00
2021,12,2021-12-01,Disney+,Série,Ação,Top Hits,553978,22.1,35063,125203,2.3,2043236.17,08:00
2021,12,2021-12-01,Netflix,Série,Comédia,Podcast Tech,1665565,73.5,344419,122578,2.5,3442054.29,18:00
2021,12,2021-12-01,Prime Video,Música,Pop,Filme Solar,342381,21.6,219402,164130,2.74,21429.71,12:00
2021,12,2021-12-01,Netflix,Música,Ação,Filme Solar,1079134,31.5,56211,177230,4.75,2453584.07,12:00
2021,12,2021-12-01,Disney+,Filme,Pop,Filme Solar,1822161,55.7,11286,140774,1.23,3308811.32,18:00
2021,12,2021-12-01,Netflix,Filme,Ação,Podcast Tech,1032686,33.4,416393,69236,1.85,658384.29,08:00
2021,12,2021-12-01,YouTube Music,Filme,Drama,Podcast Tech,373768,58.8,277716,181324,4.8,4819176.93,12:00
2022,1,2022-01-01,Spotify,Música,Tecnologia,Podcast Tech,1335506,42.7,251162,194126,2.14,3054445.22,18:00
2022,1,2022-01-01,YouTube Music,Série,Tecnologia,Podcast Tech,288785,86.6,92959,189099,2.0,3419698.74,18:00
2022,1,2022-01-01,YouTube Music,Série,Pop,Top Hits,456158,55.9,392252,179689,4.31,1036464.44,21:00
2022,1,2022-01-01,Netflix,Filme,Ação,Filme Solar,1747120,58.0,323031,16147,4.32,1869952.43,21:00
2022,1,2022-01-01,YouTube Music,Filme,Ação,Top Hits,1703225,13.5,249408,174597,1.97,3820047.56,21:00
2022,1,2022-01-01,Netflix,Podcast,Comédia,Série Mistério,1726520,81.0,167500,107028,3.87,3195465.4,18:00
2022,1,2022-01-01,Disney+,Série,Tecnologia,Filme Solar,1731641,74.7,87292,143552,4.82,948872.77,18:00
2022,1,2022-01-01,Netflix,Música,Ação,Série Mistério,667924,37.3,40224,1471,1.66,4993135.34,08:00
2022,1,2022-01-01,Disney+,Podcast,Comédia,Filme Solar,1580531,81.5,296851,105674,4.28,3751757.34,21:00
2022,1,2022-01-01,YouTube Music,Podcast,Pop,Podcast Tech,358920,54.6,359314,194622,1.61,1443891.14,21:00
2022,1,2022-01-01,Disney+,Música,Drama,Top Hits,407598,54.7,285669,69078,4.68,4141503.77,12:00
2022,1,2022-01-01,Prime Video,Podcast,Tecnologia,Série Mistério,1184474,20.9,412485,99303,4.95,3183185.13,18:00
2022,1,2022-01-01,Spotify,Filme,Pop,Série Mistério,985058,36.0,465900,170875,3.83,2892558.37,08:00
2022,1,2022-01-01,Netflix,Filme,Pop,Top Hits,1475125,35.2,344393,111446,2.43,4480047.45,08:00
2022,1,2022-01-01,Prime Video,Série,Pop,Série Mistério,1587175,7.9,284057,156706,4.27,1816781.44,21:00
2022,1,2022-01-01,Spotify,Música,Pop,Top Hits,1562421,62.5,278682,47006,4.7,1975108.76,08:00
2022,1,2022-01-01,YouTube Music,Podcast,Comédia,Série Mistério,324039,68.6,272742,72227,1.08,499711.85,08:00
2022,1,2022-01-01,Disney+,Série,Tecnologia,Filme Solar,814100,62.0,214969,47354,1.45,777699.8,21:00
2022,1,2022-01-01,Disney+,Série,Drama,Filme Solar,211567,67.6,68600,61142,1.07,4475150.32,21:00
2022,1,2022-01-01,Prime Video,Filme,Pop,Podcast Tech,1050775,8.0,172004,58348,2.34,597619.35,08:00
2022,1,2022-01-01,YouTube Music,Música,Ação,Filme Solar,1298006,51.1,240385,125642,3.3,1434473.96,18:00
2022,1,2022-01-01,Disney+,Podcast,Pop,Podcast Tech,1099444,73.1,183288,46793,2.83,3660055.55,08:00
2022,1,2022-01-01,Netflix,Música,Comédia,Série Mistério,1588831,55.9,488953,72423,3.21,956900.34,18:00
2022,1,2022-01-01,Prime Video,Filme,Ação,Top Hits,1755647,34.3,67989,96484,3.83,3644273.65,12:00
2022,1,2022-01-01,YouTube Music,Música,Ação,Top Hits,467315,69.7,9840,115855,3.84,4428909.54,21:00
2022,1,2022-01-01,Disney+,Música,Ação,Filme Solar,756893,67.1,303585,182197,1.45,1891294.02,18:00
2022,1,2022-01-01,Netflix,Filme,Ação,Top Hits,1368398,50.0,239526,127875,2.78,2430995.6,08:00
2022,1,2022-01-01,Disney+,Podcast,Tecnologia,Série Mistério,1402052,70.1,245205,96406,3.65,4498707.49,12:00
2022,1,2022-01-01,Disney+,Filme,Drama,Série Mistério,178274,31.0,333314,189867,4.62,313870.06,21:00
2022,1,2022-01-01,Spotify,Filme,Drama,Top Hits,1046433,37.1,245319,4897,1.46,470983.7,12:00
2022,1,2022-01-01,Disney+,Filme,Pop,Podcast Tech,839537,85.6,420208,23122,4.56,393836.22,12:00
2022,1,2022-01-01,YouTube Music,Filme,Comédia,Série Mistério,1564923,24.2,166044,184180,4.09,12211.13,21:00
2022,1,2022-01-01,Prime Video,Série,Ação,Série Mistério,804413,56.1,250468,164011,4.18,4339890.74,18:00
2022,1,2022-01-01,Disney+,Música,Comédia,Podcast Tech,1454456,11.9,95981,123252,1.5,2884656.57,18:00
2022,1,2022-01-01,YouTube Music,Podcast,Drama,Top Hits,1870802,82.0,424846,32023,2.51,242278.58,08:00
2022,1,2022-01-01,Prime Video,Série,Comédia,Filme Solar,57769,80.6,126404,57034,4.72,3979538.96,21:00
2022,1,2022-01-01,Disney+,Música,Ação,Top Hits,1934415,69.5,249861,82316,2.12,1393690.23,08:00
2022,2,2022-02-01,Prime Video,Série,Drama,Top Hits,684604,46.2,434377,46830,2.11,3822970.9,18:00
2022,2,2022-02-01,Spotify,Série,Pop,Série Mistério,779341,49.6,461477,187729,3.06,1661236.22,08:00
2022,2,2022-02-01,Prime Video,Podcast,Comédia,Série Mistério,94292,77.2,57467,188661,1.54,4545984.96,21:00
2022,2,2022-02-01,YouTube Music,Filme,Tecnologia,Podcast Tech,1494726,60.5,42826,192348,4.15,4895089.98,18:00
2022,2,2022-02-01,Prime Video,Música,Pop,Top Hits,817857,52.7,82442,184169,2.71,1015999.8,18:00
2022,2,2022-02-01,Spotify,Música,Tecnologia,Série Mistério,1721599,35.3,440406,111251,1.72,2563722.23,18:00
2022,2,2022-02-01,Spotify,Podcast,Tecnologia,Filme Solar,151044,78.9,364281,185890,2.11,52044.68,21:00
2022,2,2022-02-01,Prime Video,Série,Ação,Top Hits,479258,42.0,311948,134647,1.12,2193580.19,18:00
2022,2,2022-02-01,Disney+,Podcast,Ação,Podcast Tech,1489332,39.3,108736,187172,3.11,3565089.77,12:00
2022,2,2022-02-01,YouTube Music,Série,Comédia,Filme Solar,1385552,36.6,227936,118094,3.94,3114896.55,21:00
2022,2,2022-02-01,Netflix,Podcast,Drama,Filme Solar,1856156,12.6,50816,88718,4.05,2126699.25,12:00
2022,2,2022-02-01,Netflix,Filme,Pop,Top Hits,1400172,79.3,404406,56924,1.3,4494447.26,18:00
2022,2,2022-02-01,Prime Video,Série,Ação,Série Mistério,1308237,8.3,119210,162667,3.13,663317.25,12:00
2022,2,2022-02-01,Prime Video,Filme,Tecnologia,Filme Solar,1125760,27.6,294805,167835,2.18,70261.72,12:00
2022,2,2022-02-01,Netflix,Série,Ação,Série Mistério,1481862,78.1,299828,105378,3.53,3685681.31,18:00
2022,2,2022-02-01,Netflix,Série,Ação,Série Mistério,476858,15.9,7940,137153,3.34,2606137.9,12:00
2022,2,2022-02-01,Netflix,Música,Pop,Podcast Tech,669462,8.6,329836,64672,2.51,3484672.59,21:00
2022,2,2022-02-01,YouTube Music,Música,Ação,Podcast Tech,1972922,77.3,133796,109774,4.63,1804378.44,08:00
2022,2,2022-02-01,YouTube Music,Série,Comédia,Filme Solar,1920503,38.6,149531,5088,1.97,437858.04,21:00
2022,2,2022-02-01,Prime Video,Filme,Drama,Filme Solar,531569,53.7,336771,197092,3.11,3851810.49,18:00
2022,2,2022-02-01,Prime Video,Série,Drama,Top Hits,1363486,24.7,412966,114590,3.92,1496706.97,12:00
2022,2,2022-02-01,Disney+,Série,Comédia,Série Mistério,1611845,84.0,213476,156352,4.17,3870853.53,21:00
2022,2,2022-02-01,YouTube Music,Podcast,Ação,Podcast Tech,634666,80.9,15293,125556,1.39,4862940.67,21:00
2022,2,2022-02-01,Spotify,Série,Ação,Filme Solar,173459,81.2,408242,74389,2.72,993447.93,18:00
2022,2,2022-02-01,Netflix,Filme,Comédia,Podcast Tech,1117792,21.9,213870,131571,4.6,1617812.32,21:00
2022,2,2022-02-01,Disney+,Música,Tecnologia,Top Hits,1167302,82.9,383629,194235,4.49,2170920.85,08:00
2022,2,2022-02-01,Prime Video,Música,Drama,Série Mistério,407958,66.5,86195,45662,3.56,3227655.88,12:00
2022,2,2022-02-01,Disney+,Série,Drama,Podcast Tech,1392777,82.9,266413,89517,2.0,1107452.65,08:00
2022,2,2022-02-01,YouTube Music,Podcast,Tecnologia,Série Mistério,1119282,47.6,105206,139338,3.68,4653821.28,12:00
2022,2,2022-02-01,YouTube Music,Podcast,Ação,Série Mistério,1924413,47.2,492573,117679,4.61,1886902.12,12:00
2022,2,2022-02-01,Spotify,Série,Ação,Série Mistério,1077613,32.5,238851,72766,1.67,1718936.04,08:00
2022,2,2022-02-01,Prime Video,Podcast,Comédia,Série Mistério,1080368,62.3,280039,44630,2.18,3909899.74,08:00
2022,2,2022-02-01,Netflix,Filme,Drama,Podcast Tech,1062197,21.7,114409,173986,2.74,2594466.96,12:00
2022,2,2022-02-01,Disney+,Filme,Drama,Podcast Tech,157622,12.9,335555,66792,2.19,3017105.08,12:00
2022,2,2022-02-01,Netflix,Filme,Ação,Podcast Tech,1954593,39.2,161023,59211,2.39,1325352.22,21:00
2022,2,2022-02-01,YouTube Music,Filme,Ação,Top Hits,1856375,9.7,222985,176293,2.62,831424.71,12:00
2022,2,2022-02-01,Spotify,Série,Pop,Série Mistério,769545,72.1,431945,47090,1.06,2532335.91,08:00
2022,3,2022-03-01,Prime Video,Podcast,Drama,Série Mistério,1957024,53.0,207554,79490,2.46,1343740.58,21:00
2022,3,2022-03-01,Spotify,Podcast,Comédia,Filme Solar,1247901,21.7,54627,170416,1.16,2638368.31,21:00
2022,3,2022-03-01,Disney+,Série,Comédia,Top Hits,930348,36.1,92841,51415,4.24,3737919.04,18:00
2022,3,2022-03-01,YouTube Music,Série,Comédia,Top Hits,1022318,87.0,28290,11235,3.32,4372317.0,12:00
2022,3,2022-03-01,Spotify,Filme,Ação,Série Mistério,1136443,58.7,393511,192625,4.98,1859972.26,18:00
2022,3,2022-03-01,Disney+,Filme,Pop,Série Mistério,1356926,65.8,49805,127788,2.93,4589554.67,12:00
2022,3,2022-03-01,Prime Video,Filme,Pop,Podcast Tech,1821670,17.4,232692,40502,3.56,3368960.65,12:00
2022,3,2022-03-01,Netflix,Série,Pop,Podcast Tech,336777,77.2,405362,98271,3.4,4363434.46,12:00
2022,3,2022-03-01,Disney+,Podcast,Ação,Podcast Tech,452343,47.6,196254,184839,4.17,724474.13,21:00
2022,3,2022-03-01,YouTube Music,Música,Drama,Podcast Tech,1261445,52.1,125091,44725,3.47,2960011.52,18:00
2022,3,2022-03-01,YouTube Music,Filme,Tecnologia,Série Mistério,1560778,17.9,189082,64147,3.81,3697624.0,18:00
2022,3,2022-03-01,YouTube Music,Série,Ação,Filme Solar,757967,56.2,327778,97737,3.77,2067167.9,21:00
2022,3,2022-03-01,Prime Video,Música,Drama,Podcast Tech,1333310,6.6,221664,194506,3.67,3722020.86,12:00
2022,3,2022-03-01,Netflix,Música,Comédia,Podcast Tech,666685,50.4,120594,42884,2.31,4064243.77,12:00
2022,3,2022-03-01,Prime Video,Série,Drama,Top Hits,1750281,46.9,453271,192911,1.82,676377.62,18:00
2022,3,2022-03-01,Spotify,Série,Drama,Série Mistério,373793,34.8,269012,184181,3.73,4013930.86,18:00
2022,3,2022-03-01,YouTube Music,Série,Drama,Filme Solar,935913,70.8,300235,11844,3.84,2462255.63,18:00
2022,3,2022-03-01,Spotify,Filme,Ação,Top Hits,124117,67.3,498079,17776,1.54,4290688.69,21:00
2022,3,2022-03-01,Netflix,Série,Pop,Top Hits,388559,13.9,129616,97765,3.65,2390484.61,18:00
2022,3,2022-03-01,YouTube Music,Podcast,Pop,Série Mistério,619209,57.7,118646,65602,3.9,1231705.82,12:00
2022,3,2022-03-01,Spotify,Série,Tecnologia,Podcast Tech,954770,16.4,74244,104134,3.49,2870945.49,18:00
2022,3,2022-03-01,YouTube Music,Podcast,Pop,Série Mistério,981253,24.2,210523,141913,4.14,4878192.39,12:00
2022,3,2022-03-01,Spotify,Série,Comédia,Top Hits,312036,62.1,147443,126501,1.2,2955275.85,21:00
2022,3,2022-03-01,Prime Video,Série,Comédia,Série Mistério,1592203,11.2,149692,156243,1.84,1169477.5,18:00
2022,3,2022-03-01,Disney+,Música,Tecnologia,Top Hits,1641739,22.2,100808,105413,2.7,4495751.59,08:00
2022,3,2022-03-01,YouTube Music,Podcast,Tecnologia,Podcast Tech,1527022,89.6,298115,115844,2.2,1065130.05,18:00
2022,3,2022-03-01,Netflix,Série,Comédia,Filme Solar,1691910,76.4,184681,140394,1.4,2966305.27,08:00
2022,3,2022-03-01,Prime Video,Série,Ação,Podcast Tech,1162064,12.9,60353,46934,1.38,4686777.98,18:00
2022,3,2022-03-01,Netflix,Filme,Drama,Série Mistério,612136,60.7,149453,150021,2.89,1640115.03,21:00
2022,3,2022-03-01,Netflix,Filme,Pop,Série Mistério,1559616,15.7,484006,177342,2.09,3614995.99,08:00
2022,3,2022-03-01,Prime Video,Série,Tecnologia,Filme Solar,232091,47.0,167025,30236,2.95,1370545.53,21:00
2022,3,2022-03-01,YouTube Music,Série,Pop,Podcast Tech,651491,54.7,136984,66229,4.62,2190336.2,18:00
2022,3,2022-03-01,Disney+,Música,Ação,Top Hits,704461,54.2,461393,57645,4.77,4604131.72,12:00
2022,3,2022-03-01,Prime Video,Música,Comédia,Podcast Tech,766241,68.2,13102,57807,2.48,135101.11,18:00
2022,3,2022-03-01,Spotify,Série,Pop,Série Mistério,534277,82.2,10241,124580,3.24,471146.17,12:00
2022,3,2022-03-01,YouTube Music,Podcast,Tecnologia,Série Mistério,140257,78.3,105113,175476,3.15,3924062.56,18:00
2022,3,2022-03-01,Disney+,Filme,Comédia,Filme Solar,269376,75.7,141807,187517,1.41,899780.0,12:00
2022,4,2022-04-01,Spotify,Filme,Tecnologia,Filme Solar,511419,55.3,169923,85205,4.71,3487809.06,12:00
2022,4,2022-04-01,Prime Video,Filme,Comédia,Top Hits,1734987,46.2,392554,197583,3.09,4734930.99,08:00
2022,4,2022-04-01,YouTube Music,Série,Pop,Filme Solar,136822,45.3,452572,129323,3.42,3098141.99,18:00
2022,4,2022-04-01,Disney+,Filme,Pop,Top Hits,239964,49.4,156015,45126,1.38,3795798.01,12:00
2022,4,2022-04-01,Netflix,Podcast,Pop,Top Hits,166787,16.3,181971,68195,1.98,4884009.4,12:00
2022,4,2022-04-01,YouTube Music,Série,Tecnologia,Série Mistério,1366873,80.8,193388,56042,2.33,3363534.57,21:00
2022,4,2022-04-01,Disney+,Podcast,Ação,Top Hits,347697,7.5,461916,152316,1.02,2743436.68,12:00
2022,4,2022-04-01,Netflix,Podcast,Drama,Podcast Tech,203733,41.7,443540,100650,3.97,654038.26,08:00
2022,4,2022-04-01,YouTube Music,Filme,Pop,Podcast Tech,1335273,58.8,280731,37689,2.83,3737413.75,08:00
2022,4,2022-04-01,Spotify,Filme,Ação,Filme Solar,592034,76.7,317251,99013,3.3,2758445.7,21:00
2022,4,2022-04-01,YouTube Music,Podcast,Pop,Podcast Tech,1223916,87.5,426582,134765,2.75,3397517.18,21:00
2022,4,2022-04-01,Disney+,Podcast,Pop,Podcast Tech,1721986,28.0,49700,139420,2.1,3326544.52,12:00
2022,4,2022-04-01,Spotify,Música,Pop,Série Mistério,522268,86.3,470297,153358,3.78,1065668.66,08:00
2022,4,2022-04-01,Disney+,Podcast,Drama,Série Mistério,1218453,89.1,409864,196418,3.37,2000551.59,08:00
2022,4,2022-04-01,Disney+,Filme,Comédia,Podcast Tech,1644282,50.0,373917,111439,3.81,1800307.19,18:00
2022,4,2022-04-01,Disney+,Música,Drama,Top Hits,1327536,78.1,25500,159728,1.32,3669761.8,21:00
2022,4,2022-04-01,YouTube Music,Filme,Comédia,Podcast Tech,700352,65.9,324144,99488,4.85,43656.67,08:00
2022,4,2022-04-01,Disney+,Série,Pop,Série Mistério,292109,15.2,270266,54300,4.06,4931893.29,12:00
2022,4,2022-04-01,YouTube Music,Podcast,Pop,Podcast Tech,1699396,72.7,162102,173148,2.28,4788552.94,08:00
2022,4,2022-04-01,Netflix,Série,Ação,Série Mistério,482944,42.4,435181,1638,2.78,1187964.26,18:00
2022,4,2022-04-01,YouTube Music,Música,Ação,Série Mistério,1876853,10.9,104406,25677,4.48,2393584.69,18:00
2022,4,2022-04-01,Prime Video,Série,Pop,Filme Solar,664227,38.1,125411,171922,1.85,743234.87,21:00
2022,4,2022-04-01,Disney+,Podcast,Comédia,Top Hits,144445,18.0,88782,192526,3.83,1488654.5,21:00
2022,4,2022-04-01,Disney+,Música,Tecnologia,Podcast Tech,1209873,23.0,405583,44376,3.95,4367902.89,21:00
2022,4,2022-04-01,Prime Video,Filme,Drama,Filme Solar,669559,51.7,345046,134542,4.04,3842537.74,12:00
2022,4,2022-04-01,YouTube Music,Série,Drama,Série Mistério,729939,26.5,423138,142505,2.65,2545071.64,18:00
2022,4,2022-04-01,YouTube Music,Filme,Comédia,Filme Solar,1395288,57.7,155656,133174,2.54,4274229.07,21:00
2022,4,2022-04-01,Prime Video,Filme,Tecnologia,Série Mistério,1728535,13.5,263674,181989,4.77,752964.38,21:00
2022,4,2022-04-01,Spotify,Música,Pop,Filme Solar,1295490,10.8,497468,121337,2.17,1947482.52,12:00
2022,4,2022-04-01,Disney+,Filme,Ação,Top Hits,639757,67.7,9189,61673,4.75,4613406.55,21:00
2022,4,2022-04-01,Spotify,Filme,Drama,Podcast Tech,1860199,7.8,149218,79773,3.7,3270613.61,12:00
2022,4,2022-04-01,Prime Video,Série,Tecnologia,Filme Solar,1450479,80.2,373283,103067,1.42,2943048.72,12:00
2022,4,2022-04-01,Spotify,Música,Drama,Podcast Tech,577255,17.2,59075,141442,2.54,934434.44,21:00
2022,4,2022-04-01,Disney+,Podcast,Pop,Série Mistério,324116,62.0,195180,25744,3.19,3030327.75,18:00
2022,4,2022-04-01,Netflix,Série,Pop,Filme Solar,1915086,10.2,358022,199755,3.15,4214978.43,21:00
2022,4,2022-04-01,YouTube Music,Podcast,Drama,Podcast Tech,1741406,50.8,330508,4112,3.68,4448136.01,21:00
2022,4,2022-04-01,YouTube Music,Podcast,Comédia,Filme Solar,614605,20.8,127656,79196,2.58,3342458.6,21:00
2022,5,2022-05-01,Prime Video,Música,Tecnologia,Série Mistério,81544,65.7,38611,83789,2.02,3822279.25,18:00
2022,5,2022-05-01,YouTube Music,Série,Tecnologia,Série Mistério,809907,76.5,373284,10400,2.73,4658485.44,08:00
2022,5,2022-05-01,YouTube Music,Filme,Ação,Podcast Tech,1033164,44.8,304796,38360,4.27,4851141.23,21:00
2022,5,2022-05-01,Disney+,Música,Drama,Filme Solar,1209219,27.1,81576,2348,2.53,3504006.26,12:00
2022,5,2022-05-01,Netflix,Música,Tecnologia,Top Hits,41730,23.5,493497,129594,2.07,1266926.57,18:00
2022,5,2022-05-01,Disney+,Filme,Pop,Filme Solar,555438,18.9,199222,175378,1.81,1560204.33,18:00
2022,5,2022-05-01,Prime Video,Podcast,Pop,Filme Solar,942047,44.3,173016,101544,4.67,1493501.25,08:00
2022,5,2022-05-01,Netflix,Música,Tecnologia,Série Mistério,1829075,52.7,64620,132489,4.42,234071.15,08:00
2022,5,2022-05-01,Prime Video,Série,Ação,Série Mistério,1120696,28.4,41327,59498,3.64,3746677.24,12:00
2022,5,2022-05-01,Netflix,Filme,Pop,Série Mistério,1531116,39.3,78118,39412,1.22,4488291.68,18:00
2022,5,2022-05-01,Spotify,Música,Comédia,Filme Solar,1250812,85.7,158366,89355,1.09,1767608.77,12:00
2022,5,2022-05-01,Prime Video,Podcast,Drama,Podcast Tech,253399,27.1,291915,61723,3.28,340504.4,18:00
2022,5,2022-05-01,YouTube Music,Podcast,Comédia,Podcast Tech,1712901,70.3,78340,7468,4.78,4322525.7,12:00
2022,5,2022-05-01,Prime Video,Podcast,Drama,Série Mistério,440641,25.6,129510,66328,3.01,3859657.7,21:00
2022,5,2022-05-01,Prime Video,Música,Ação,Filme Solar,253222,76.4,366688,143205,3.55,782358.27,08:00
2022,5,2022-05-01,YouTube Music,Filme,Tecnologia,Filme Solar,345682,72.2,89087,173525,1.55,4120436.49,12:00
2022,5,2022-05-01,Disney+,Podcast,Tecnologia,Top Hits,782136,25.9,463083,87005,4.09,4666463.78,18:00
2022,5,2022-05-01,YouTube Music,Filme,Comédia,Top Hits,1062137,13.3,370644,122458,1.39,3855590.77,21:00
2022,5,2022-05-01,Disney+,Filme,Ação,Série Mistério,1502945,73.1,55113,159545,2.59,964327.28,12:00
2022,5,2022-05-01,YouTube Music,Filme,Comédia,Série Mistério,1091090,87.6,429140,56126,3.77,3122376.73,08:00
2022,5,2022-05-01,Spotify,Série,Tecnologia,Série Mistério,1759475,9.2,450010,53230,3.77,1161990.31,18:00
2022,5,2022-05-01,Spotify,Série,Comédia,Filme Solar,258397,68.2,210675,4415,3.68,1299072.64,08:00
2022,5,2022-05-01,YouTube Music,Série,Drama,Série Mistério,1434787,14.4,438860,100303,1.24,2616329.28,12:00
2022,5,2022-05-01,YouTube Music,Filme,Comédia,Podcast Tech,700013,37.3,378671,103584,4.69,733519.88,21:00
2022,5,2022-05-01,Spotify,Podcast,Tecnologia,Top Hits,962430,50.1,329155,76247,2.09,2096802.32,18:00
2022,5,2022-05-01,Spotify,Podcast,Comédia,Podcast Tech,1645254,67.6,163587,124307,2.72,1981021.66,18:00
2022,5,2022-05-01,Spotify,Série,Drama,Filme Solar,212954,10.2,220886,59112,4.83,1684000.45,08:00
2022,5,2022-05-01,Disney+,Música,Pop,Filme Solar,723900,17.6,91355,182776,3.87,39505.61,12:00
2022,5,2022-05-01,Netflix,Podcast,Comédia,Filme Solar,812468,66.7,270845,36175,2.0,924060.23,21:00
2022,5,2022-05-01,Prime Video,Podcast,Drama,Série Mistério,922140,81.7,254698,145786,3.18,801219.46,21:00
2022,5,2022-05-01,YouTube Music,Série,Comédia,Filme Solar,1046707,29.1,160253,136495,1.78,3512989.56,12:00
2022,5,2022-05-01,Disney+,Música,Comédia,Top Hits,249712,27.5,498694,19413,4.62,2825228.93,18:00
2022,5,2022-05-01,Netflix,Série,Pop,Filme Solar,150025,65.4,39572,83164,3.9,1130352.95,08:00
2022,5,2022-05-01,Disney+,Música,Pop,Série Mistério,1105228,54.6,133366,170589,1.24,4748762.45,08:00
2022,5,2022-05-01,Spotify,Série,Tecnologia,Podcast Tech,416702,59.6,164578,36193,4.3,70958.45,21:00
2022,5,2022-05-01,Prime Video,Música,Pop,Top Hits,19636,15.5,380326,37621,3.7,4248020.17,12:00
2022,5,2022-05-01,YouTube Music,Podcast,Pop,Filme Solar,1069483,24.2,74085,81750,3.28,3969204.38,18:00
2022,6,2022-06-01,Prime Video,Podcast,Drama,Série Mistério,196546,32.5,373754,59716,4.93,4128639.38,08:00
2022,6,2022-06-01,Spotify,Podcast,Ação,Filme Solar,1758645,47.5,388445,13313,2.64,2144736.61,21:00
2022,6,2022-06-01,Spotify,Filme,Comédia,Podcast Tech,765695,60.8,27741,54254,4.05,526039.83,12:00
2022,6,2022-06-01,Disney+,Série,Ação,Podcast Tech,1720508,73.8,269040,40435,3.74,4643903.48,18:00
2022,6,2022-06-01,Prime Video,Podcast,Pop,Podcast Tech,929710,9.4,371893,161430,1.78,4121858.59,21:00
2022,6,2022-06-01,Netflix,Podcast,Comédia,Série Mistério,352253,70.5,371601,28606,1.38,1803018.3,12:00
2022,6,2022-06-01,YouTube Music,Filme,Pop,Top Hits,1028125,7.9,494560,2760,2.75,195257.91,21:00
2022,6,2022-06-01,YouTube Music,Série,Ação,Filme Solar,1396185,27.9,27457,134070,1.99,2882583.62,18:00
2022,6,2022-06-01,YouTube Music,Música,Comédia,Podcast Tech,154439,73.4,317834,19269,3.31,2382004.34,21:00
2022,6,2022-06-01,Spotify,Filme,Comédia,Top Hits,1577887,74.2,393898,187474,4.75,2009647.77,08:00
2022,6,2022-06-01,Prime Video,Filme,Tecnologia,Série Mistério,1935313,52.6,286748,166042,4.85,1605693.91,21:00
2022,6,2022-06-01,Disney+,Podcast,Pop,Podcast Tech,85949,88.0,215521,34623,2.51,2147207.58,21:00
2022,6,2022-06-01,Prime Video,Série,Ação,Podcast Tech,858528,86.1,467226,89809,1.86,1723747.74,12:00
2022,6,2022-06-01,Prime Video,Filme,Tecnologia,Filme Solar,190868,64.0,257854,153241,3.9,2135188.08,18:00
2022,6,2022-06-01,YouTube Music,Música,Pop,Filme Solar,1886732,54.4,148263,148270,4.89,1775943.36,18:00
2022,6,2022-06-01,YouTube Music,Série,Comédia,Top Hits,864460,43.6,46344,149016,2.67,748632.2,08:00
2022,6,2022-06-01,Prime Video,Série,Comédia,Podcast Tech,331688,45.8,454679,173616,1.06,1442237.24,21:00
2022,6,2022-06-01,Prime Video,Música,Pop,Filme Solar,881966,21.9,436195,7571,4.83,1241867.32,21:00
2022,6,2022-06-01,Spotify,Série,Pop,Podcast Tech,1808337,32.6,320353,141437,2.69,1430832.34,18:00
2022,6,2022-06-01,Spotify,Filme,Comédia,Podcast Tech,1248643,22.3,53222,121951,1.47,4035662.49,18:00
2022,6,2022-06-01,Disney+,Série,Drama,Podcast Tech,1191748,60.2,329081,109047,1.97,3864820.28,21:00
2022,6,2022-06-01,Prime Video,Filme,Tecnologia,Podcast Tech,205219,9.1,410896,47998,1.12,3076441.77,21:00
2022,6,2022-06-01,Prime Video,Música,Tecnologia,Podcast Tech,747781,12.3,496125,16405,4.13,1412573.39,21:00
2022,6,2022-06-01,Disney+,Filme,Ação,Top Hits,981448,9.6,233407,173630,2.04,2442328.08,08:00
2022,6,2022-06-01,Netflix,Série,Pop,Top Hits,304185,75.5,55054,120609,4.58,4650313.71,18:00
2022,6,2022-06-01,Netflix,Série,Pop,Filme Solar,1597014,75.1,194327,5445,4.44,850660.65,21:00
2022,6,2022-06-01,Netflix,Música,Comédia,Podcast Tech,136440,26.8,132878,188997,4.23,4472374.82,12:00
2022,6,2022-06-01,YouTube Music,Música,Ação,Podcast Tech,168920,57.7,273376,115834,1.69,3675237.35,18:00
2022,6,2022-06-01,YouTube Music,Filme,Drama,Série Mistério,530007,20.8,75755,1886,4.71,1357353.28,21:00
2022,6,2022-06-01,Netflix,Música,Drama,Top Hits,1949423,80.9,179588,36297,4.59,427938.07,18:00
2022,6,2022-06-01,Disney+,Podcast,Pop,Filme Solar,422332,15.2,200877,27466,1.46,4228772.5,12:00
2022,6,2022-06-01,Disney+,Música,Ação,Série Mistério,1036006,74.2,461313,142810,2.54,3536203.91,21:00
2022,6,2022-06-01,Netflix,Música,Pop,Podcast Tech,1068846,51.6,225005,144849,4.26,3918079.65,21:00
2022,6,2022-06-01,YouTube Music,Música,Ação,Podcast Tech,1173380,84.4,490339,114125,2.7,303376.33,21:00
2022,6,2022-06-01,Disney+,Filme,Comédia,Podcast Tech,1520262,84.7,413723,103631,2.93,4157445.65,21:00
2022,6,2022-06-01,Disney+,Série,Drama,Top Hits,282014,17.0,293719,58639,4.12,3011319.4,08:00
2022,6,2022-06-01,Netflix,Filme,Pop,Série Mistério,1349541,82.6,143662,111659,3.16,669457.4,21:00
2022,7,2022-07-01,Disney+,Música,Comédia,Podcast Tech,1452428,59.1,429581,77664,2.14,2458230.6,08:00
2022,7,2022-07-01,Prime Video,Filme,Drama,Filme Solar,713535,75.2,356356,50132,2.45,3443614.13,08:00
2022,7,2022-07-01,Netflix,Podcast,Drama,Série Mistério,373422,62.0,290856,41964,4.04,4515456.87,21:00
2022,7,2022-07-01,Spotify,Podcast,Drama,Podcast Tech,104931,71.8,196314,54626,4.65,1334771.03,12:00
2022,7,2022-07-01,Prime Video,Filme,Comédia,Série Mistério,160474,75.6,272243,199516,4.62,2722414.81,08:00
2022,7,2022-07-01,YouTube Music,Filme,Ação,Top Hits,771046,89.6,57384,85495,2.14,4349146.52,12:00
2022,7,2022-07-01,Disney+,Filme,Drama,Filme Solar,608076,64.6,134331,195415,1.96,964921.9,08:00
2022,7,2022-07-01,Prime Video,Podcast,Tecnologia,Série Mistério,1280293,83.8,365208,95632,1.59,2871732.4,12:00
2022,7,2022-07-01,Disney+,Filme,Drama,Série Mistério,1387287,25.9,230249,41406,3.64,2094529.24,21:00
2022,7,2022-07-01,Disney+,Música,Drama,Podcast Tech,1429064,23.8,364871,65085,3.62,3407865.76,12:00
2022,7,2022-07-01,Prime Video,Música,Tecnologia,Filme Solar,1871036,5.9,159220,173306,4.4,868033.59,08:00
2022,7,2022-07-01,Prime Video,Filme,Comédia,Série Mistério,467671,17.8,181148,118011,4.91,3696099.92,21:00
2022,7,2022-07-01,Prime Video,Série,Pop,Top Hits,1987025,71.0,225544,120011,2.35,482513.12,18:00
2022,7,2022-07-01,Prime Video,Filme,Comédia,Podcast Tech,1929136,73.0,124133,173414,3.05,2383025.06,12:00
2022,7,2022-07-01,YouTube Music,Série,Drama,Série Mistério,972834,63.6,350179,7096,4.37,4578417.13,18:00
2022,7,2022-07-01,Spotify,Filme,Tecnologia,Filme Solar,210742,76.1,296126,103787,4.73,3886057.91,21:00
2022,7,2022-07-01,Netflix,Filme,Comédia,Série Mistério,114191,17.5,319103,191399,4.46,1925006.11,08:00
2022,7,2022-07-01,YouTube Music,Podcast,Pop,Top Hits,1460707,39.7,449523,159623,3.23,4645518.6,12:00
2022,7,2022-07-01,Spotify,Filme,Comédia,Série Mistério,152408,41.8,204458,87609,2.44,2375168.95,21:00
2022,7,2022-07-01,Prime Video,Série,Drama,Série Mistério,1884596,14.5,355096,183362,1.98,137011.85,18:00
2022,7,2022-07-01,Prime Video,Filme,Comédia,Top Hits,1301757,59.4,457840,166323,2.97,3554979.46,18:00
2022,7,2022-07-01,Prime Video,Podcast,Comédia,Top Hits,1241569,16.7,487168,196099,4.39,1050831.77,21:00
2022,7,2022-07-01,Spotify,Podcast,Pop,Top Hits,1710588,45.3,83117,46439,1.78,2411229.61,08:00
2022,7,2022-07-01,YouTube Music,Série,Comédia,Filme Solar,1980175,66.4,16698,15965,1.56,3232940.91,08:00
2022,7,2022-07-01,Spotify,Série,Comédia,Podcast Tech,1132254,42.7,152820,16036,2.28,2172870.68,12:00
2022,7,2022-07-01,YouTube Music,Música,Ação,Top Hits,285003,27.5,86826,59187,3.26,313578.17,12:00
2022,7,2022-07-01,Disney+,Música,Ação,Série Mistério,251244,25.8,491616,118987,4.88,694457.71,21:00
2022,7,2022-07-01,YouTube Music,Música,Comédia,Série Mistério,1696851,84.6,21042,111752,3.37,4596476.02,18:00
2022,7,2022-07-01,Spotify,Série,Comédia,Podcast Tech,657675,72.1,222466,8869,2.93,3350342.35,08:00
2022,7,2022-07-01,Disney+,Podcast,Pop,Filme Solar,503520,10.7,207732,60276,2.24,3736123.1,21:00
2022,7,2022-07-01,YouTube Music,Série,Tecnologia,Top Hits,1059334,89.1,494915,162642,3.73,3487033.47,08:00
2022,7,2022-07-01,Netflix,Filme,Drama,Podcast Tech,365436,47.5,451166,110620,3.38,380432.11,12:00
2022,7,2022-07-01,Prime Video,Série,Tecnologia,Podcast Tech,1348044,54.0,3410,137168,2.05,2539954.21,12:00
2022,7,2022-07-01,YouTube Music,Podcast,Pop,Filme Solar,1497653,22.1,373000,70470,1.5,3259825.13,08:00
2022,7,2022-07-01,Disney+,Série,Drama,Podcast Tech,1019366,21.8,154894,70256,3.56,4657605.99,08:00
2022,7,2022-07-01,Spotify,Podcast,Drama,Filme Solar,1347819,31.8,294336,151223,1.38,1696073.46,12:00
2022,7,2022-07-01,Spotify,Filme,Tecnologia,Filme Solar,1073152,44.2,411780,71805,1.71,883934.26,21:00
2022,8,2022-08-01,YouTube Music,Filme,Pop,Filme Solar,875000,31.8,447868,19826,3.17,1805763.07,21:00
2022,8,2022-08-01,YouTube Music,Filme,Drama,Podcast Tech,1894536,59.2,373879,148424,4.94,4975799.42,12:00
2022,8,2022-08-01,Netflix,Música,Pop,Podcast Tech,480462,81.0,171964,84412,2.74,234494.82,12:00
2022,8,2022-08-01,Prime Video,Série,Ação,Filme Solar,1659426,85.1,359354,191909,2.37,2984615.26,21:00
2022,8,2022-08-01,YouTube Music,Série,Drama,Podcast Tech,1803875,64.3,11637,84129,1.97,1869246.42,08:00
2022,8,2022-08-01,Spotify,Série,Comédia,Top Hits,1372853,34.8,371567,123126,2.67,3374636.23,21:00
2022,8,2022-08-01,Prime Video,Música,Drama,Podcast Tech,180725,51.0,329702,127133,3.98,4734588.76,12:00
2022,8,2022-08-01,Netflix,Série,Drama,Filme Solar,151907,45.3,85803,69855,3.67,2888619.92,08:00
2022,8,2022-08-01,Prime Video,Música,Ação,Podcast Tech,225564,38.2,99960,79465,2.02,2933225.32,08:00
2022,8,2022-08-01,Prime Video,Filme,Tecnologia,Podcast Tech,22905,19.6,430850,130546,1.04,3645804.01,18:00
2022,8,2022-08-01,YouTube Music,Filme,Drama,Série Mistério,1337742,25.9,151051,158897,1.44,4584236.52,12:00
2022,8,2022-08-01,Spotify,Série,Ação,Top Hits,1003848,79.9,376229,187617,4.32,3455470.06,08:00
2022,8,2022-08-01,Prime Video,Filme,Tecnologia,Série Mistério,442751,74.3,210060,190342,4.04,742421.34,12:00
2022,8,2022-08-01,YouTube Music,Série,Ação,Top Hits,1830882,89.5,332991,64318,4.19,3078704.0,12:00
2022,8,2022-08-01,Disney+,Música,Comédia,Top Hits,260048,74.8,72573,137774,3.01,356595.8,12:00
2022,8,2022-08-01,YouTube Music,Música,Drama,Filme Solar,1301765,67.9,361781,35066,1.68,2040189.05,18:00
2022,8,2022-08-01,Disney+,Podcast,Drama,Série Mistério,73033,83.7,494612,27622,3.9,579851.36,18:00
2022,8,2022-08-01,Spotify,Podcast,Tecnologia,Filme Solar,1918972,13.3,52543,25772,2.66,3227060.71,21:00
2022,8,2022-08-01,Netflix,Filme,Drama,Top Hits,245556,15.2,296676,137971,3.16,4796546.31,21:00
2022,8,2022-08-01,Disney+,Filme,Ação,Top Hits,1462580,87.4,292173,187147,4.82,3905905.95,12:00
2022,8,2022-08-01,Netflix,Podcast,Pop,Filme Solar,1825210,59.3,20141,68567,4.72,1505101.64,18:00
2022,8,2022-08-01,YouTube Music,Série,Comédia,Podcast Tech,1111226,55.8,1654,164320,2.12,4717898.74,21:00
2022,8,2022-08-01,Prime Video,Podcast,Tecnologia,Podcast Tech,1525059,57.4,395147,191010,2.44,269530.92,12:00
2022,8,2022-08-01,Disney+,Música,Comédia,Série Mistério,1616790,36.7,483775,121530,2.26,1901997.53,08:00
2022,8,2022-08-01,Disney+,Podcast,Comédia,Filme Solar,320442,24.6,363287,189933,2.38,3044164.3,12:00
2022,8,2022-08-01,Spotify,Podcast,Pop,Podcast Tech,1954053,20.8,415626,80850,4.36,1096625.77,21:00
2022,8,2022-08-01,Disney+,Podcast,Pop,Podcast Tech,972551,43.7,395763,187486,4.63,4457619.55,21:00
2022,8,2022-08-01,Disney+,Música,Drama,Top Hits,1927919,79.7,110251,119434,3.97,4828750.01,18:00
2022,8,2022-08-01,Prime Video,Série,Comédia,Série Mistério,1926364,28.4,200208,55026,3.19,25412.12,18:00
2022,8,2022-08-01,Prime Video,Série,Pop,Podcast Tech,1299333,48.6,212238,92117,1.88,967423.97,08:00
2022,8,2022-08-01,Netflix,Filme,Tecnologia,Top Hits,684028,19.5,294713,198844,1.14,1159163.42,21:00
2022,8,2022-08-01,Spotify,Podcast,Ação,Top Hits,511035,71.9,442454,99131,1.46,1974957.8,08:00
2022,8,2022-08-01,Prime Video,Música,Pop,Podcast Tech,1421081,44.2,167973,199858,3.88,1034800.72,18:00
2022,8,2022-08-01,Disney+,Filme,Tecnologia,Série Mistério,534474,69.2,436652,173134,3.62,4370578.97,12:00
2022,8,2022-08-01,YouTube Music,Série,Tecnologia,Filme Solar,1259440,20.4,33187,63339,2.27,4865975.16,21:00
2022,8,2022-08-01,Prime Video,Série,Ação,Filme Solar,682846,68.1,176267,118978,3.89,3673562.08,12:00
2022,8,2022-08-01,YouTube Music,Música,Pop,Série Mistério,548292,20.1,443917,90504,4.62,2620524.74,08:00
2022,9,2022-09-01,YouTube Music,Podcast,Ação,Filme Solar,681431,41.1,29342,172614,2.76,3235819.39,18:00
2022,9,2022-09-01,Disney+,Podcast,Ação,Série Mistério,397739,41.2,204591,51709,4.69,4022725.74,12:00
2022,9,2022-09-01,Disney+,Filme,Tecnologia,Top Hits,1422164,87.7,185229,52516,3.39,1997734.57,08:00
2022,9,2022-09-01,YouTube Music,Série,Drama,Top Hits,1609518,37.7,120591,170066,2.59,4308884.86,18:00
2022,9,2022-09-01,Netflix,Música,Ação,Filme Solar,1386784,20.7,12758,193480,3.86,2009013.7,21:00
2022,9,2022-09-01,Prime Video,Série,Tecnologia,Top Hits,1114616,18.0,390317,188858,3.06,3698117.21,12:00
2022,9,2022-09-01,Prime Video,Música,Comédia,Podcast Tech,1374623,42.1,39904,150419,4.91,3177998.53,08:00
2022,9,2022-09-01,Prime Video,Série,Drama,Filme Solar,1107267,72.6,31515,120588,1.31,2439314.23,21:00
2022,9,2022-09-01,Disney+,Série,Tecnologia,Top Hits,45829,54.2,437054,144112,1.27,2849408.57,18:00
2022,9,2022-09-01,Spotify,Série,Tecnologia,Top Hits,1633157,84.4,95878,157999,1.42,4976854.37,12:00
2022,9,2022-09-01,YouTube Music,Filme,Drama,Podcast Tech,150539,73.6,152720,112454,1.46,2427407.53,12:00
2022,9,2022-09-01,Netflix,Filme,Tecnologia,Série Mistério,969992,16.0,233403,86173,2.37,4024590.69,21:00
2022,9,2022-09-01,YouTube Music,Filme,Drama,Podcast Tech,1245030,84.7,349782,97966,4.7,1255631.58,18:00
2022,9,2022-09-01,Disney+,Podcast,Ação,Podcast Tech,708818,22.8,2471,40917,3.61,37211.95,12:00
2022,9,2022-09-01,Prime Video,Música,Ação,Podcast Tech,1358904,6.0,247847,186237,4.13,1563717.19,12:00
2022,9,2022-09-01,YouTube Music,Podcast,Ação,Série Mistério,1969182,31.7,59738,188059,1.87,4820877.97,12:00
2022,9,2022-09-01,Disney+,Série,Ação,Série Mistério,1274084,42.1,215941,131240,1.89,378849.01,21:00
2022,9,2022-09-01,YouTube Music,Série,Comédia,Podcast Tech,1365531,26.4,399148,163458,3.1,2485144.57,12:00
2022,9,2022-09-01,Spotify,Música,Tecnologia,Top Hits,841401,53.7,122154,9242,2.2,3795145.63,21:00
2022,9,2022-09-01,Netflix,Série,Comédia,Top Hits,89119,26.5,218751,83693,1.74,430444.63,08:00
2022,9,2022-09-01,Disney+,Filme,Tecnologia,Filme Solar,156946,51.4,203469,19009,4.4,360130.96,12:00
2022,9,2022-09-01,Netflix,Música,Tecnologia,Podcast Tech,1040105,36.0,276799,132843,4.39,234257.3,12:00
2022,9,2022-09-01,YouTube Music,Série,Tecnologia,Podcast Tech,1730937,37.5,336110,42403,1.62,2197965.62,12:00
2022,9,2022-09-01,Prime Video,Filme,Ação,Top Hits,1325972,54.4,124719,24936,2.66,3552350.88,21:00
2022,9,2022-09-01,Netflix,Filme,Comédia,Série Mistério,119759,28.3,395855,190803,1.35,220341.73,12:00
2022,9,2022-09-01,Netflix,Música,Drama,Podcast Tech,1496876,6.4,373273,71054,3.11,4305849.22,12:00
2022,9,2022-09-01,YouTube Music,Podcast,Comédia,Podcast Tech,1646470,66.4,215625,158647,3.81,1292152.89,21:00
2022,9,2022-09-01,Netflix,Filme,Ação,Top Hits,480366,47.1,436729,104568,3.14,1642172.6,08:00
2022,9,2022-09-01,Disney+,Filme,Ação,Top Hits,50589,34.9,291077,12780,1.74,4010865.1,12:00
2022,9,2022-09-01,Disney+,Filme,Ação,Série Mistério,1398113,72.7,69321,55507,3.06,830693.31,18:00
2022,9,2022-09-01,Spotify,Série,Tecnologia,Filme Solar,1152180,50.7,163060,127291,3.9,2765426.76,18:00
2022,9,2022-09-01,Prime Video,Série,Comédia,Série Mistério,201714,43.9,89392,164831,1.49,3286868.78,08:00
2022,9,2022-09-01,Netflix,Filme,Pop,Série Mistério,516745,78.8,122039,143607,2.51,2296745.33,12:00
2022,9,2022-09-01,Spotify,Série,Drama,Top Hits,65351,89.9,227363,75999,2.38,1332843.01,21:00
2022,9,2022-09-01,Disney+,Série,Ação,Podcast Tech,966529,11.1,20640,131809,2.26,4873172.85,08:00
2022,9,2022-09-01,Prime Video,Podcast,Ação,Filme Solar,1833142,5.7,354636,185714,2.42,4209848.9,08:00
2022,9,2022-09-01,Netflix,Podcast,Pop,Top Hits,1133386,73.9,428441,175156,4.44,2459922.74,12:00
2022,10,2022-10-01,Spotify,Filme,Ação,Filme Solar,869379,78.0,93508,61029,3.66,4040598.7,08:00
2022,10,2022-10-01,Spotify,Podcast,Comédia,Top Hits,216566,36.4,118179,78764,2.48,1151859.24,18:00
2022,10,2022-10-01,Prime Video,Podcast,Ação,Podcast Tech,1738131,14.2,483211,124507,3.78,501591.22,12:00
2022,10,2022-10-01,Spotify,Série,Drama,Filme Solar,590141,45.6,136969,133225,3.25,1619537.75,21:00
2022,10,2022-10-01,YouTube Music,Música,Ação,Top Hits,703724,86.7,12119,120306,4.32,593101.11,08:00
2022,10,2022-10-01,Disney+,Filme,Ação,Filme Solar,1863187,70.3,158322,28480,1.76,2579331.99,18:00
2022,10,2022-10-01,Netflix,Música,Tecnologia,Filme Solar,1429260,65.6,353156,31871,1.51,732765.85,18:00
2022,10,2022-10-01,YouTube Music,Filme,Pop,Série Mistério,1518319,33.6,122265,10116,2.18,900896.93,18:00
2022,10,2022-10-01,Prime Video,Filme,Pop,Filme Solar,1339498,73.7,130732,106717,4.18,575297.74,12:00
2022,10,2022-10-01,Disney+,Filme,Comédia,Podcast Tech,476603,31.4,309770,1701,4.1,1601867.45,08:00
2022,10,2022-10-01,Netflix,Série,Ação,Top Hits,1023683,72.5,363822,69617,4.26,2314377.14,12:00
2022,10,2022-10-01,Prime Video,Podcast,Comédia,Série Mistério,1340568,16.5,64658,65006,1.39,4824570.05,21:00
2022,10,2022-10-01,YouTube Music,Música,Drama,Série Mistério,1858092,38.7,479217,119994,4.04,956569.31,12:00
2022,10,2022-10-01,YouTube Music,Filme,Drama,Filme Solar,1790019,85.1,243373,105086,2.58,1108627.32,08:00
2022,10,2022-10-01,Spotify,Filme,Drama,Top Hits,1325835,48.1,372757,99419,2.88,725982.51,08:00
2022,10,2022-10-01,YouTube Music,Série,Drama,Filme Solar,530050,10.8,179140,3809,4.95,3386529.79,21:00
2022,10,2022-10-01,Disney+,Filme,Drama,Podcast Tech,1207798,42.6,476486,51460,3.76,685847.65,12:00
2022,10,2022-10-01,Netflix,Podcast,Ação,Podcast Tech,398194,37.1,72380,105493,2.29,3455177.25,12:00
2022,10,2022-10-01,YouTube Music,Podcast,Drama,Podcast Tech,1462750,67.7,292676,129276,2.54,1303699.48,21:00
2022,10,2022-10-01,YouTube Music,Filme,Drama,Podcast Tech,928591,57.3,121820,72004,3.14,4020498.39,08:00
2022,10,2022-10-01,Prime Video,Música,Tecnologia,Top Hits,935344,73.5,480321,190823,2.34,1040159.53,21:00
2022,10,2022-10-01,YouTube Music,Filme,Tecnologia,Filme Solar,154772,12.8,165523,126486,4.11,4815365.58,08:00
2022,10,2022-10-01,Netflix,Música,Drama,Filme Solar,600560,49.5,180227,165329,3.12,4229563.14,12:00
2022,10,2022-10-01,Netflix,Música,Drama,Podcast Tech,1430740,11.0,140861,456,2.82,4974411.67,12:00
2022,10,2022-10-01,Netflix,Filme,Drama,Filme Solar,972827,40.2,195599,180070,4.28,2922574.38,18:00
2022,10,2022-10-01,Prime Video,Podcast,Comédia,Top Hits,603807,32.0,483454,145725,2.87,3224767.55,18:00
2022,10,2022-10-01,YouTube Music,Música,Ação,Filme Solar,1943308,46.8,219619,187734,4.67,2723662.9,18:00
2022,10,2022-10-01,Prime Video,Podcast,Tecnologia,Top Hits,986139,72.6,248103,115665,3.23,523590.32,12:00
2022,10,2022-10-01,Spotify,Série,Drama,Série Mistério,1110602,89.3,420999,52845,1.04,1893998.86,08:00
2022,10,2022-10-01,YouTube Music,Podcast,Drama,Podcast Tech,744268,9.1,113471,113925,2.79,292724.09,08:00
2022,10,2022-10-01,Disney+,Música,Tecnologia,Filme Solar,235865,12.6,396181,183914,3.66,340720.59,12:00
2022,10,2022-10-01,Prime Video,Filme,Pop,Filme Solar,1059281,44.3,288246,152676,4.11,561096.64,21:00
2022,10,2022-10-01,Prime Video,Filme,Drama,Série Mistério,1398884,59.0,412352,163976,4.67,2304336.49,18:00
2022,10,2022-10-01,Spotify,Podcast,Comédia,Top Hits,581827,17.9,371127,88509,4.75,1297148.63,08:00
2022,10,2022-10-01,Prime Video,Série,Drama,Filme Solar,1622414,72.0,180765,71007,3.02,1383931.29,21:00
2022,10,2022-10-01,Prime Video,Podcast,Tecnologia,Filme Solar,1805641,18.1,69726,61695,1.97,2698445.35,08:00
2022,10,2022-10-01,Prime Video,Filme,Pop,Top Hits,427668,10.3,23056,187616,4.76,4641369.52,18:00
2022,11,2022-11-01,YouTube Music,Música,Pop,Filme Solar,863803,89.2,359712,76206,3.89,610850.88,12:00
2022,11,2022-11-01,Spotify,Música,Comédia,Filme Solar,1845364,86.2,299537,105124,2.95,4430130.09,08:00
2022,11,2022-11-01,Netflix,Música,Drama,Top Hits,1932474,47.0,446090,28514,1.0,489435.39,21:00
2022,11,2022-11-01,Prime Video,Música,Drama,Top Hits,984751,80.4,383926,59949,4.12,3682978.73,18:00
2022,11,2022-11-01,YouTube Music,Podcast,Tecnologia,Podcast Tech,1839696,64.4,374322,148997,2.71,1988440.65,21:00
2022,11,2022-11-01,Netflix,Série,Ação,Podcast Tech,1414688,26.0,319291,13884,3.03,1935576.99,12:00
2022,11,2022-11-01,Spotify,Série,Ação,Podcast Tech,716224,52.9,71932,66826,4.97,1273363.18,21:00
2022,11,2022-11-01,YouTube Music,Série,Pop,Top Hits,271716,45.1,139862,117361,4.46,3966247.7,18:00
2022,11,2022-11-01,Disney+,Podcast,Pop,Série Mistério,871462,48.8,105782,102547,2.31,4009360.48,08:00
2022,11,2022-11-01,Netflix,Podcast,Drama,Filme Solar,40746,61.9,465479,149398,2.01,3447623.38,18:00
2022,11,2022-11-01,YouTube Music,Música,Drama,Top Hits,861249,13.2,200149,147225,1.35,3908665.56,12:00
2022,11,2022-11-01,Prime Video,Música,Comédia,Série Mistério,527623,52.3,434484,195862,3.61,173559.64,12:00
2022,11,2022-11-01,Netflix,Série,Pop,Podcast Tech,1984572,40.4,470248,98839,3.37,1578680.21,12:00
2022,11,2022-11-01,Netflix,Podcast,Ação,Série Mistério,559719,87.0,26563,93564,2.89,1532950.43,18:00
2022,11,2022-11-01,Disney+,Podcast,Pop,Filme Solar,1441978,15.2,334998,83217,4.86,996647.61,08:00
2022,11,2022-11-01,Netflix,Música,Comédia,Filme Solar,774052,65.0,15042,143006,1.69,246425.12,18:00
2022,11,2022-11-01,Prime Video,Série,Ação,Top Hits,770732,44.4,78297,42429,1.92,872766.17,21:00
2022,11,2022-11-01,Prime Video,Música,Ação,Top Hits,1067849,5.2,268574,55326,4.3,1288489.79,12:00
2022,11,2022-11-01,Disney+,Filme,Drama,Filme Solar,777992,84.0,156168,48675,3.59,962608.04,08:00
2022,11,2022-11-01,Prime Video,Filme,Drama,Filme Solar,1863573,22.5,39342,58445,4.31,1007995.6,08:00
2022,11,2022-11-01,Disney+,Podcast,Comédia,Podcast Tech,1237375,77.0,17612,77848,2.72,4062069.11,12:00
2022,11,2022-11-01,Disney+,Filme,Ação,Podcast Tech,504504,42.0,352662,56114,4.33,617665.2,08:00
2022,11,2022-11-01,Prime Video,Filme,Ação,Filme Solar,156116,65.7,30375,61483,4.8,2161172.94,08:00
2022,11,2022-11-01,YouTube Music,Filme,Ação,Podcast Tech,747049,45.1,337814,129925,2.08,1539666.02,08:00
2022,11,2022-11-01,Netflix,Música,Tecnologia,Podcast Tech,337072,17.8,93784,27581,3.03,3306734.6,12:00
2022,11,2022-11-01,Spotify,Podcast,Comédia,Série Mistério,572994,74.6,353840,92247,4.11,3566709.37,21:00
2022,11,2022-11-01,Prime Video,Podcast,Drama,Top Hits,995220,79.6,228830,137970,3.4,1984933.27,08:00
2022,11,2022-11-01,Netflix,Filme,Comédia,Filme Solar,93891,33.9,430195,43551,4.95,2637748.16,21:00
2022,11,2022-11-01,YouTube Music,Filme,Ação,Série Mistério,1701704,73.2,300452,55999,1.93,4465833.18,12:00
2022,11,2022-11-01,Prime Video,Podcast,Pop,Top Hits,142752,52.8,408384,64260,1.96,1533124.8,12:00
2022,11,2022-11-01,Spotify,Podcast,Comédia,Podcast Tech,1594604,29.9,311225,107798,2.24,171855.22,18:00
2022,11,2022-11-01,Prime Video,Filme,Comédia,Filme Solar,1150072,85.8,42634,147275,3.57,2888683.73,21:00
2022,11,2022-11-01,Disney+,Música,Pop,Podcast Tech,1556041,28.5,343214,161043,3.71,3598501.03,21:00
2022,11,2022-11-01,Spotify,Podcast,Pop,Podcast Tech,1747260,74.5,289616,59432,3.83,1097264.06,21:00
2022,11,2022-11-01,YouTube Music,Filme,Ação,Top Hits,729520,54.0,357992,157096,1.12,4222878.92,12:00
2022,11,2022-11-01,Prime Video,Música,Comédia,Filme Solar,518796,66.6,303362,143791,1.03,4785427.71,21:00
2022,11,2022-11-01,Spotify,Filme,Comédia,Filme Solar,853099,63.2,319490,4513,1.69,4534913.11,12:00
2022,12,2022-12-01,Prime Video,Filme,Pop,Podcast Tech,1396402,46.9,272806,105141,2.26,1587048.51,08:00
2022,12,2022-12-01,YouTube Music,Filme,Comédia,Série Mistério,1075120,84.0,420732,43194,3.84,1781328.64,12:00
2022,12,2022-12-01,Netflix,Filme,Drama,Podcast Tech,838722,8.3,398174,152315,1.17,586584.58,21:00
2022,12,2022-12-01,Disney+,Música,Comédia,Série Mistério,595836,18.8,24901,172885,4.99,4029424.64,08:00
2022,12,2022-12-01,Netflix,Podcast,Tecnologia,Top Hits,1714334,83.3,144769,24208,3.32,3811461.68,18:00
2022,12,2022-12-01,YouTube Music,Filme,Pop,Série Mistério,779685,66.1,357170,68236,4.85,1233891.84,12:00
2022,12,2022-12-01,Netflix,Filme,Pop,Top Hits,1628580,23.3,408195,118623,3.74,1545978.0,21:00
2022,12,2022-12-01,YouTube Music,Podcast,Comédia,Top Hits,1980407,15.8,474658,154120,4.5,1531911.84,08:00
2022,12,2022-12-01,YouTube Music,Podcast,Pop,Filme Solar,1389535,40.0,456574,6773,1.61,3187129.38,18:00
2022,12,2022-12-01,YouTube Music,Podcast,Ação,Podcast Tech,426026,29.8,433632,122471,3.47,222820.24,08:00
2022,12,2022-12-01,YouTube Music,Podcast,Ação,Podcast Tech,712916,57.3,448494,75074,2.01,4643888.34,08:00
2022,12,2022-12-01,Spotify,Filme,Ação,Podcast Tech,430392,62.9,304307,10779,2.77,4590850.09,08:00
2022,12,2022-12-01,Netflix,Música,Drama,Podcast Tech,1470923,36.9,453652,91306,1.05,4659113.6,08:00
2022,12,2022-12-01,Prime Video,Música,Drama,Top Hits,1589318,58.5,275477,66570,2.73,583229.46,21:00
2022,12,2022-12-01,Prime Video,Podcast,Pop,Série Mistério,53077,12.9,470140,65007,1.36,4321186.96,12:00
2022,12,2022-12-01,Netflix,Música,Comédia,Série Mistério,1506073,64.7,53034,169651,3.71,2062937.28,21:00
2022,12,2022-12-01,Netflix,Música,Drama,Podcast Tech,645546,78.4,136415,1854,1.41,4035732.51,12:00
2022,12,2022-12-01,Disney+,Série,Tecnologia,Podcast Tech,611045,53.4,301059,92713,1.08,4061218.79,08:00
2022,12,2022-12-01,Disney+,Série,Comédia,Podcast Tech,1906466,16.2,189142,117580,1.4,4371240.38,08:00
2022,12,2022-12-01,Prime Video,Série,Pop,Série Mistério,1834042,12.3,277248,91261,1.51,652520.82,12:00
2022,12,2022-12-01,Prime Video,Série,Tecnologia,Podcast Tech,1852230,47.2,440254,30431,4.37,2844515.99,18:00
2022,12,2022-12-01,Prime Video,Música,Drama,Podcast Tech,1196906,11.0,318625,79007,4.78,599485.17,08:00
2022,12,2022-12-01,Netflix,Filme,Ação,Filme Solar,1261308,30.1,490521,196392,1.59,307461.68,21:00
2022,12,2022-12-01,Netflix,Série,Tecnologia,Top Hits,504394,72.3,294821,13921,4.9,3436738.35,18:00
2022,12,2022-12-01,Disney+,Filme,Tecnologia,Série Mistério,1998531,71.7,375949,146903,3.29,4386896.56,08:00
2022,12,2022-12-01,Prime Video,Música,Ação,Filme Solar,1881431,14.6,308847,114905,3.73,3042809.6,18:00
2022,12,2022-12-01,Prime Video,Podcast,Pop,Podcast Tech,1059302,77.5,464141,144864,1.94,3081216.34,08:00
2022,12,2022-12-01,Disney+,Filme,Tecnologia,Filme Solar,835746,37.7,362840,83326,2.11,1473049.97,12:00
2022,12,2022-12-01,Netflix,Filme,Tecnologia,Top Hits,1987199,89.7,270435,165994,2.93,3358064.86,21:00
2022,12,2022-12-01,Prime Video,Podcast,Pop,Top Hits,1078551,66.3,270457,197390,1.15,4000921.14,18:00
2022,12,2022-12-01,Disney+,Podcast,Comédia,Top Hits,1176599,39.6,69808,182226,4.42,2619099.99,18:00
2022,12,2022-12-01,Spotify,Filme,Comédia,Top Hits,1392930,61.4,373074,141459,1.85,2062045.17,12:00
2022,12,2022-12-01,Disney+,Série,Pop,Podcast Tech,1109916,33.1,414735,146516,4.45,1083057.9,12:00
2022,12,2022-12-01,Spotify,Série,Pop,Top Hits,1055185,26.7,107437,175804,4.38,2858332.32,18:00
2022,12,2022-12-01,Netflix,Podcast,Drama,Top Hits,1016669,16.9,418234,134262,2.13,3895706.84,21:00
2022,12,2022-12-01,Spotify,Música,Pop,Série Mistério,215467,83.6,95933,166281,1.08,3446919.44,08:00
2022,12,2022-12-01,Netflix,Série,Comédia,Top Hits,680445,16.5,398395,142590,3.0,3717886.35,21:00
2023,1,2023-01-01,Netflix,Filme,Ação,Série Mistério,1741155,76.3,278026,76629,2.84,2845542.27,12:00
2023,1,2023-01-01,Netflix,Podcast,Ação,Filme Solar,477366,64.2,41214,91070,4.44,4360729.97,18:00
2023,1,2023-01-01,Spotify,Série,Comédia,Série Mistério,890233,87.4,454712,30586,4.41,1504748.92,18:00
2023,1,2023-01-01,YouTube Music,Música,Drama,Série Mistério,1961695,37.7,478463,23748,1.21,928308.31,21:00
2023,1,2023-01-01,Disney+,Filme,Comédia,Podcast Tech,1252879,37.7,369119,44461,2.34,1040816.87,08:00
2023,1,2023-01-01,Netflix,Podcast,Comédia,Série Mistério,805159,61.8,330569,53096,2.39,1320045.42,08:00
2023,1,2023-01-01,YouTube Music,Música,Tecnologia,Série Mistério,887216,10.1,494548,138724,1.45,4109811.99,12:00
2023,1,2023-01-01,Netflix,Filme,Drama,Filme Solar,1946564,89.2,75384,5697,4.75,4968500.97,12:00
2023,1,2023-01-01,Disney+,Filme,Drama,Filme Solar,303108,73.2,190191,149496,3.23,4240857.51,18:00
2023,1,2023-01-01,Spotify,Música,Pop,Top Hits,254745,29.3,187675,105966,4.8,2458981.91,12:00
2023,1,2023-01-01,Prime Video,Música,Ação,Top Hits,537905,28.6,454784,143296,4.22,3636031.04,12:00
2023,1,2023-01-01,Netflix,Filme,Tecnologia,Filme Solar,460293,31.7,413910,106417,4.19,3084437.32,12:00
2023,1,2023-01-01,Spotify,Música,Drama,Podcast Tech,1908022,58.6,174776,145502,2.13,4672346.06,21:00
2023,1,2023-01-01,YouTube Music,Podcast,Tecnologia,Série Mistério,446832,81.4,213093,20585,4.14,3737069.18,08:00
2023,1,2023-01-01,Spotify,Série,Comédia,Filme Solar,910556,29.1,345936,57752,1.54,3657091.85,08:00
2023,1,2023-01-01,Spotify,Série,Drama,Top Hits,1538950,27.7,179787,86195,3.03,946794.33,12:00
2023,1,2023-01-01,YouTube Music,Série,Pop,Top Hits,1499714,50.1,326285,153429,4.07,616532.94,18:00
2023,1,2023-01-01,Disney+,Música,Drama,Série Mistério,844828,46.7,15852,169613,3.99,1164913.7,21:00
2023,1,2023-01-01,Disney+,Podcast,Tecnologia,Podcast Tech,1826361,49.0,363814,42720,2.3,4784816.66,08:00
2023,1,2023-01-01,YouTube Music,Podcast,Pop,Top Hits,450059,26.1,323543,18074,4.26,1485782.67,18:00
2023,1,2023-01-01,Netflix,Filme,Ação,Podcast Tech,451140,37.5,461684,95607,1.55,1560348.78,08:00
2023,1,2023-01-01,YouTube Music,Série,Tecnologia,Top Hits,1339481,71.2,377974,126971,3.37,3436582.99,08:00
2023,1,2023-01-01,YouTube Music,Música,Comédia,Filme Solar,20522,14.3,259487,157829,2.91,2128494.83,08:00
2023,1,2023-01-01,YouTube Music,Série,Drama,Série Mistério,1936920,40.4,497312,37774,1.04,91562.14,12:00
2023,1,2023-01-01,Disney+,Filme,Drama,Podcast Tech,1361794,61.4,91761,49697,2.88,408750.37,08:00
2023,1,2023-01-01,Disney+,Série,Drama,Podcast Tech,1007459,28.8,372731,165101,2.78,1920343.5,18:00
2023,1,2023-01-01,Netflix,Série,Pop,Podcast Tech,1986703,82.3,35526,15973,2.16,4464978.99,08:00
2023,1,2023-01-01,YouTube Music,Série,Ação,Top Hits,1578187,13.7,166611,15770,2.43,735027.61,08:00
2023,1,2023-01-01,Disney+,Podcast,Pop,Podcast Tech,1446686,65.3,258407,122850,3.31,4555418.99,12:00
2023,1,2023-01-01,Spotify,Série,Comédia,Série Mistério,289182,10.2,147556,63503,4.05,2903747.26,21:00
2023,1,2023-01-01,Netflix,Música,Drama,Série Mistério,978764,17.7,217818,185799,4.28,706709.72,12:00
2023,1,2023-01-01,Spotify,Filme,Comédia,Podcast Tech,1356446,43.2,124967,180569,4.11,722819.52,18:00
2023,1,2023-01-01,Prime Video,Podcast,Comédia,Podcast Tech,714468,67.3,142417,71659,3.2,3656858.74,08:00
2023,1,2023-01-01,Disney+,Série,Comédia,Top Hits,601105,38.4,420981,14407,2.81,2248570.18,21:00
2023,1,2023-01-01,Netflix,Música,Tecnologia,Série Mistério,934155,75.4,300024,76875,1.41,499082.82,21:00
2023,1,2023-01-01,Netflix,Série,Tecnologia,Série Mistério,1051452,66.2,83397,176869,1.5,2106039.0,08:00
2023,1,2023-01-01,YouTube Music,Filme,Drama,Top Hits,742300,58.4,472504,36669,1.73,4117267.68,12:00
2023,2,2023-02-01,YouTube Music,Filme,Drama,Série Mistério,682667,84.7,69957,104931,4.41,3986744.43,12:00
2023,2,2023-02-01,Netflix,Música,Tecnologia,Série Mistério,433107,88.5,137777,10093,2.93,930203.86,08:00
2023,2,2023-02-01,Disney+,Podcast,Pop,Podcast Tech,372369,14.8,333276,3877,2.55,4899124.85,21:00
2023,2,2023-02-01,Disney+,Podcast,Tecnologia,Série Mistério,423610,80.3,169346,169632,4.16,1677054.67,18:00
2023,2,2023-02-01,Spotify,Música,Ação,Filme Solar,1532942,58.1,110064,4067,4.21,4281069.63,18:00
2023,2,2023-02-01,YouTube Music,Série,Tecnologia,Filme Solar,359040,31.8,4547,106687,1.62,383941.81,12:00
2023,2,2023-02-01,YouTube Music,Filme,Comédia,Podcast Tech,115844,87.3,2964,170314,1.96,151331.86,08:00
2023,2,2023-02-01,Prime Video,Filme,Pop,Série Mistério,170128,20.4,426519,130263,2.6,834323.99,08:00
2023,2,2023-02-01,Spotify,Filme,Pop,Podcast Tech,1118753,32.8,295269,99674,1.62,4798048.59,12:00
2023,2,2023-02-01,Spotify,Música,Pop,Podcast Tech,995129,67.2,364424,114497,3.39,1605557.58,21:00
2023,2,2023-02-01,Netflix,Filme,Comédia,Top Hits,1163354,78.7,401207,74909,3.99,278661.95,08:00
2023,2,2023-02-01,Spotify,Filme,Pop,Top Hits,505066,8.9,133263,105511,3.03,528115.91,18:00
2023,2,2023-02-01,Prime Video,Filme,Tecnologia,Filme Solar,54222,27.4,487276,31455,4.38,638258.42,12:00
2023,2,2023-02-01,Prime Video,Podcast,Pop,Podcast Tech,1554021,21.7,226330,168384,3.35,1226967.12,18:00
2023,2,2023-02-01,Prime Video,Podcast,Comédia,Filme Solar,1046838,59.9,272551,98270,2.48,2735506.87,21:00
2023,2,2023-02-01,Disney+,Podcast,Pop,Podcast Tech,108683,65.1,220445,171826,3.63,2739539.55,18:00
2023,2,2023-02-01,YouTube Music,Filme,Tecnologia,Podcast Tech,1827312,24.4,219325,149211,2.65,637615.67,18:00
2023,2,2023-02-01,Netflix,Música,Comédia,Filme Solar,841904,30.7,458334,60538,2.25,357421.66,12:00
2023,2,2023-02-01,Prime Video,Podcast,Tecnologia,Top Hits,407262,69.6,306939,121768,3.8,1716695.1,18:00
2023,2,2023-02-01,YouTube Music,Série,Drama,Podcast Tech,1223216,75.8,262850,25403,2.18,2636516.19,21:00
2023,2,2023-02-01,Netflix,Série,Drama,Top Hits,1236041,52.9,259509,180844,4.3,3297996.19,18:00
2023,2,2023-02-01,Prime Video,Música,Pop,Série Mistério,681454,82.6,341169,66558,2.81,172550.36,08:00
2023,2,2023-02-01,Netflix,Série,Pop,Top Hits,639302,14.3,406685,119125,2.49,2859098.22,18:00
2023,2,2023-02-01,Netflix,Série,Ação,Top Hits,1062070,58.6,65731,178846,3.48,2489857.72,21:00
2023,2,2023-02-01,Netflix,Música,Drama,Série Mistério,374599,29.8,247482,173201,3.53,3381005.8,08:00
2023,2,2023-02-01,Spotify,Série,Comédia,Série Mistério,934410,88.0,135153,152470,3.01,697203.26,08:00
2023,2,2023-02-01,YouTube Music,Filme,Ação,Top Hits,166750,11.0,260561,91915,2.53,3571798.52,21:00
2023,2,2023-02-01,Disney+,Série,Tecnologia,Top Hits,884221,12.1,6183,163273,2.86,373045.82,12:00
2023,2,2023-02-01,Netflix,Série,Ação,Top Hits,1090044,72.5,487560,113103,1.87,75708.98,12:00
2023,2,2023-02-01,YouTube Music,Música,Drama,Série Mistério,1162122,8.6,333865,182811,1.76,3758786.09,12:00
2023,2,2023-02-01,YouTube Music,Série,Drama,Série Mistério,607471,13.4,69234,65939,4.63,4460675.01,08:00
2023,2,2023-02-01,Prime Video,Podcast,Comédia,Filme Solar,211753,59.1,292773,23004,4.83,4146493.56,18:00
2023,2,2023-02-01,Spotify,Música,Ação,Top Hits,322521,38.8,380537,73990,2.64,2425719.75,12:00
2023,2,2023-02-01,Spotify,Podcast,Comédia,Top Hits,1844662,56.6,69532,170280,2.77,1064191.79,18:00
2023,2,2023-02-01,Disney+,Série,Drama,Top Hits,1335589,27.4,175632,35317,4.29,2645292.92,12:00
2023,2,2023-02-01,YouTube Music,Série,Tecnologia,Série Mistério,272566,69.8,206695,163152,3.94,1060577.43,21:00
2023,2,2023-02-01,YouTube Music,Série,Drama,Filme Solar,604809,66.1,274794,168812,4.58,3144874.9,08:00
2023,3,2023-03-01,Spotify,Podcast,Comédia,Filme Solar,1181666,59.9,38699,156053,4.68,4349448.92,12:00
2023,3,2023-03-01,YouTube Music,Podcast,Ação,Filme Solar,1155821,48.5,28636,57684,3.15,1511298.21,08:00
2023,3,2023-03-01,Spotify,Série,Ação,Série Mistério,1967262,66.8,88701,170639,4.65,873113.71,12:00
2023,3,2023-03-01,Netflix,Música,Drama,Filme Solar,428699,20.1,481791,80153,1.74,2991312.48,12:00
2023,3,2023-03-01,Spotify,Série,Drama,Filme Solar,1208668,64.9,152610,5364,4.5,310643.08,21:00
2023,3,2023-03-01,Prime Video,Série,Drama,Série Mistério,391719,79.1,185531,61416,3.3,252515.78,18:00
2023,3,2023-03-01,Prime Video,Música,Tecnologia,Podcast Tech,535432,34.9,354150,65914,2.89,520678.43,12:00
2023,3,2023-03-01,Spotify,Série,Drama,Podcast Tech,521508,19.4,185571,39554,3.96,1267356.93,08:00
2023,3,2023-03-01,Spotify,Podcast,Drama,Top Hits,419976,38.9,409094,155419,3.07,605698.22,18:00
2023,3,2023-03-01,Netflix,Música,Comédia,Filme Solar,1800704,32.5,392041,23694,4.6,1340866.7,21:00
2023,3,2023-03-01,Prime Video,Podcast,Drama,Top Hits,907699,39.3,444129,65479,4.37,4124317.1,08:00
2023,3,2023-03-01,Spotify,Filme,Drama,Série Mistério,944340,56.2,446144,26509,4.29,4849826.83,08:00
2023,3,2023-03-01,Spotify,Podcast,Comédia,Filme Solar,502114,87.2,282653,44356,2.85,911490.47,21:00
2023,3,2023-03-01,Disney+,Série,Tecnologia,Filme Solar,1769408,54.8,403572,81213,1.21,4596651.72,08:00
2023,3,2023-03-01,YouTube Music,Música,Pop,Podcast Tech,1203834,64.0,150605,144273,1.22,2672262.65,12:00
2023,3,2023-03-01,Disney+,Música,Comédia,Filme Solar,1966174,88.5,57015,23758,1.83,3763975.57,12:00
2023,3,2023-03-01,YouTube Music,Música,Ação,Série Mistério,562317,84.9,28651,197284,2.72,4418536.13,12:00
2023,3,2023-03-01,Netflix,Podcast,Drama,Filme Solar,871890,27.2,181844,125573,2.33,4043952.81,21:00
2023,3,2023-03-01,Spotify,Música,Drama,Top Hits,984634,29.1,256796,175406,1.74,3343269.5,18:00
2023,3,2023-03-01,YouTube Music,Série,Drama,Série Mistério,676145,31.5,428608,103967,3.12,3020605.06,12:00
2023,3,2023-03-01,YouTube Music,Filme,Drama,Top Hits,1082364,64.4,189037,77323,3.65,1159262.1,12:00
2023,3,2023-03-01,Netflix,Música,Ação,Série Mistério,1630212,49.4,97038,189707,3.6,170589.59,08:00
2023,3,2023-03-01,YouTube Music,Podcast,Drama,Série Mistério,259151,20.7,322155,122388,3.53,1976125.91,08:00
2023,3,2023-03-01,Netflix,Podcast,Ação,Top Hits,40166,54.0,24024,77065,2.02,4878172.87,08:00
2023,3,2023-03-01,YouTube Music,Filme,Tecnologia,Série Mistério,1083016,21.2,176782,56551,1.18,3266758.43,12:00
2023,3,2023-03-01,Netflix,Música,Pop,Podcast Tech,1646511,83.5,488910,66039,1.84,1625369.23,18:00
2023,3,2023-03-01,YouTube Music,Podcast,Tecnologia,Filme Solar,1756849,23.5,196234,62040,1.61,331543.65,08:00
2023,3,2023-03-01,Disney+,Podcast,Pop,Série Mistério,562271,89.8,257418,136732,1.73,2944386.08,21:00
2023,3,2023-03-01,YouTube Music,Podcast,Ação,Série Mistério,1493745,85.4,478521,160335,3.36,531749.93,12:00
2023,3,2023-03-01,Prime Video,Música,Tecnologia,Série Mistério,1870185,73.7,446119,101609,1.54,3563858.33,18:00
2023,3,2023-03-01,Spotify,Filme,Comédia,Podcast Tech,1369495,16.7,316365,180927,4.24,41493.4,08:00
2023,3,2023-03-01,Spotify,Série,Ação,Série Mistério,328762,53.8,54536,91317,4.26,2034917.38,18:00
2023,3,2023-03-01,Spotify,Série,Tecnologia,Série Mistério,1906119,30.3,120323,53484,4.06,1121617.38,12:00
2023,3,2023-03-01,Prime Video,Música,Tecnologia,Série Mistério,1316575,35.5,402957,95476,3.7,1805604.18,08:00
2023,3,2023-03-01,Disney+,Série,Drama,Filme Solar,1016996,21.1,487197,193580,4.37,4385433.24,18:00
2023,3,2023-03-01,YouTube Music,Filme,Comédia,Filme Solar,864483,45.9,111845,61457,4.63,4742056.65,12:00
2023,3,2023-03-01,Disney+,Música,Ação,Podcast Tech,1704212,7.3,418366,120921,4.84,4726527.13,21:00
2023,4,2023-04-01,Disney+,Música,Tecnologia,Filme Solar,1788224,68.0,79292,140060,4.13,354881.11,18:00
2023,4,2023-04-01,Netflix,Filme,Ação,Top Hits,1699046,18.2,77711,168835,2.99,1691427.62,12:00
2023,4,2023-04-01,Disney+,Podcast,Pop,Série Mistério,1422982,12.5,13092,199775,3.17,1053840.21,08:00
2023,4,2023-04-01,Spotify,Música,Pop,Podcast Tech,833297,76.1,423894,74842,3.44,1390993.41,21:00
2023,4,2023-04-01,Disney+,Música,Ação,Podcast Tech,1251964,12.7,279376,119902,1.32,1806497.34,18:00
2023,4,2023-04-01,Disney+,Série,Ação,Série Mistério,588172,74.4,413932,101758,1.04,3244206.15,08:00
2023,4,2023-04-01,Netflix,Série,Comédia,Filme Solar,1528690,89.5,179273,25081,1.39,4963199.57,18:00
2023,4,2023-04-01,YouTube Music,Música,Tecnologia,Podcast Tech,1744144,42.8,169574,156713,4.18,3385095.21,12:00
2023,4,2023-04-01,Spotify,Série,Drama,Filme Solar,417604,24.4,73503,11523,1.28,3612615.57,08:00
2023,4,2023-04-01,Disney+,Filme,Drama,Filme Solar,1468441,38.3,296040,96315,3.08,3752481.15,12:00
2023,4,2023-04-01,Netflix,Filme,Comédia,Série Mistério,1646872,24.5,297136,97192,3.67,3318097.38,21:00
2023,4,2023-04-01,YouTube Music,Filme,Pop,Série Mistério,1382087,81.1,118494,172301,2.68,4819096.56,12:00
2023,4,2023-04-01,YouTube Music,Música,Drama,Filme Solar,187624,87.3,210850,167763,4.3,3865815.33,21:00
2023,4,2023-04-01,YouTube Music,Série,Tecnologia,Filme Solar,340896,50.5,51623,123225,3.9,2099341.37,08:00
2023,4,2023-04-01,Spotify,Filme,Tecnologia,Série Mistério,52368,50.0,78601,109379,3.57,3190063.19,21:00
2023,4,2023-04-01,Spotify,Série,Drama,Filme Solar,1180600,26.2,251980,128635,1.46,3614034.35,12:00
2023,4,2023-04-01,YouTube Music,Série,Ação,Série Mistério,1622916,75.0,403304,156947,1.82,3229683.84,18:00
2023,4,2023-04-01,YouTube Music,Podcast,Comédia,Top Hits,442613,31.3,446361,110028,4.49,4589481.31,21:00
2023,4,2023-04-01,Netflix,Série,Comédia,Série Mistério,883351,44.4,107926,97770,1.38,2515645.58,18:00
2023,4,2023-04-01,Prime Video,Podcast,Tecnologia,Série Mistério,987736,33.2,109660,147522,1.75,3266293.23,12:00
2023,4,2023-04-01,Disney+,Podcast,Pop,Série Mistério,286566,39.2,302534,159932,1.03,3568754.34,08:00
2023,4,2023-04-01,Disney+,Música,Tecnologia,Série Mistério,660238,30.8,474438,41145,2.9,3810466.92,18:00
2023,4,2023-04-01,Disney+,Música,Drama,Podcast Tech,1727053,38.2,391836,73642,1.02,4765753.89,21:00
2023,4,2023-04-01,Spotify,Podcast,Ação,Série Mistério,503315,10.6,6063,131884,3.53,875430.44,12:00
2023,4,2023-04-01,YouTube Music,Série,Pop,Série Mistério,1184587,16.0,373471,154370,1.69,3934312.26,18:00
2023,4,2023-04-01,Prime Video,Série,Ação,Filme Solar,29174,46.1,282459,139508,1.18,1618281.73,08:00
2023,4,2023-04-01,YouTube Music,Podcast,Comédia,Top Hits,1668983,26.7,220032,188744,4.75,1860907.15,21:00
2023,4,2023-04-01,YouTube Music,Podcast,Drama,Podcast Tech,458940,65.1,237422,157553,3.88,666922.7,12:00
2023,4,2023-04-01,Prime Video,Podcast,Tecnologia,Podcast Tech,908502,67.9,7984,120457,2.92,2869294.83,08:00
2023,4,2023-04-01,YouTube Music,Podcast,Tecnologia,Filme Solar,681514,54.3,417451,123730,1.41,987642.7,21:00
2023,4,2023-04-01,Prime Video,Música,Drama,Podcast Tech,821738,7.4,24267,90787,1.94,2137095.97,12:00
2023,4,2023-04-01,YouTube Music,Filme,Drama,Top Hits,339429,47.3,436420,81135,2.11,1418054.07,12:00
2023,4,2023-04-01,Netflix,Série,Tecnologia,Série Mistério,1577505,76.5,405637,18555,1.71,3191639.82,18:00
2023,4,2023-04-01,Prime Video,Filme,Ação,Podcast Tech,178853,39.9,292626,97628,3.52,1999844.43,08:00
2023,4,2023-04-01,Prime Video,Série,Drama,Podcast Tech,1621645,25.8,360018,157417,2.27,3262952.03,18:00
2023,4,2023-04-01,Netflix,Música,Tecnologia,Série Mistério,1387953,37.1,273531,131029,4.22,4972273.15,21:00
2023,4,2023-04-01,Disney+,Podcast,Drama,Filme Solar,1063417,84.2,171402,80322,3.06,2441544.66,18:00
2023,5,2023-05-01,YouTube Music,Filme,Comédia,Série Mistério,430323,32.7,126091,154793,1.7,2564704.08,18:00
2023,5,2023-05-01,Prime Video,Música,Ação,Série Mistério,1801961,47.5,281128,169554,2.26,2621652.17,18:00
2023,5,2023-05-01,Disney+,Música,Ação,Podcast Tech,251129,23.6,175588,173085,1.69,1302032.15,08:00
2023,5,2023-05-01,Disney+,Música,Comédia,Podcast Tech,463661,48.8,170663,197415,3.34,3816676.64,21:00
2023,5,2023-05-01,Disney+,Filme,Pop,Série Mistério,873348,22.8,56790,130146,4.88,2599481.6,21:00
2023,5,2023-05-01,YouTube Music,Música,Tecnologia,Podcast Tech,163196,80.5,260017,160618,3.25,2098843.63,08:00
2023,5,2023-05-01,Disney+,Série,Tecnologia,Série Mistério,1213541,21.1,57475,161495,1.42,2173052.52,18:00
2023,5,2023-05-01,Netflix,Podcast,Ação,Top Hits,251212,43.2,181425,31175,1.01,2890966.2,08:00
2023,5,2023-05-01,YouTube Music,Música,Tecnologia,Série Mistério,1765345,72.1,496254,100303,2.82,1714821.44,18:00
2023,5,2023-05-01,Disney+,Série,Drama,Série Mistério,1182579,71.3,373589,55028,2.44,3678190.32,08:00
2023,5,2023-05-01,Spotify,Filme,Drama,Filme Solar,111980,86.5,418986,95515,4.31,1329064.17,08:00
2023,5,2023-05-01,Netflix,Podcast,Drama,Top Hits,578184,71.7,217402,17103,2.75,1576061.19,12:00
2023,5,2023-05-01,YouTube Music,Música,Comédia,Série Mistério,30024,87.2,440985,115197,4.35,1022871.28,21:00
2023,5,2023-05-01,Spotify,Podcast,Drama,Filme Solar,971399,18.8,33627,117923,2.0,4878620.82,18:00
2023,5,2023-05-01,Spotify,Série,Ação,Top Hits,384010,50.1,459403,33529,4.17,2074968.46,08:00
2023,5,2023-05-01,Prime Video,Série,Ação,Série Mistério,1310590,76.2,252918,65256,3.88,177225.62,18:00
2023,5,2023-05-01,Spotify,Série,Ação,Filme Solar,1303777,24.1,479163,153347,1.23,2957215.07,21:00
2023,5,2023-05-01,YouTube Music,Série,Pop,Filme Solar,362027,18.7,415449,186156,2.87,3405642.54,08:00
2023,5,2023-05-01,Netflix,Série,Ação,Série Mistério,1611280,21.2,239126,158450,4.24,655738.8,12:00
2023,5,2023-05-01,YouTube Music,Podcast,Pop,Filme Solar,136411,33.3,323306,151698,4.44,2697008.14,18:00
2023,5,2023-05-01,YouTube Music,Podcast,Comédia,Série Mistério,1748516,50.2,133583,152269,3.31,1123186.65,18:00
2023,5,2023-05-01,Disney+,Podcast,Pop,Série Mistério,1323557,61.6,222993,144505,1.88,2136136.68,18:00
2023,5,2023-05-01,Disney+,Podcast,Comédia,Podcast Tech,1736266,70.8,260018,100667,2.96,2044933.5,08:00
2023,5,2023-05-01,YouTube Music,Série,Drama,Podcast Tech,1745150,64.1,479512,49422,4.68,4545753.45,21:00
2023,5,2023-05-01,Prime Video,Filme,Drama,Série Mistério,1109365,69.0,171873,49431,3.69,1465885.54,21:00
2023,5,2023-05-01,Netflix,Série,Ação,Filme Solar,1836495,71.8,209555,167062,1.38,3823338.94,18:00
2023,5,2023-05-01,Netflix,Série,Pop,Filme Solar,291454,65.2,229440,9349,1.85,670922.39,21:00
2023,5,2023-05-01,YouTube Music,Música,Drama,Top Hits,1050310,48.0,133406,18671,1.59,2289077.76,12:00
2023,5,2023-05-01,Prime Video,Música,Ação,Top Hits,519661,56.1,315071,93184,2.54,3414279.24,18:00
2023,5,2023-05-01,Disney+,Podcast,Drama,Podcast Tech,668629,43.5,29705,155570,4.9,1495064.99,18:00
2023,5,2023-05-01,Disney+,Música,Pop,Série Mistério,1959115,84.1,267954,143804,3.7,4010179.45,18:00
2023,5,2023-05-01,Disney+,Podcast,Tecnologia,Série Mistério,1416368,47.3,331938,174652,3.9,1755521.58,12:00
2023,5,2023-05-01,Disney+,Filme,Comédia,Filme Solar,1465657,78.0,471342,17768,4.57,2428455.63,21:00
2023,5,2023-05-01,YouTube Music,Podcast,Ação,Série Mistério,630218,62.7,414974,14343,1.21,3011700.37,12:00
2023,5,2023-05-01,Netflix,Série,Pop,Top Hits,350294,50.9,362508,159550,4.17,2008958.85,18:00
2023,5,2023-05-01,Prime Video,Série,Tecnologia,Podcast Tech,1943606,77.0,397434,144459,3.54,359421.79,21:00
2023,5,2023-05-01,Prime Video,Música,Comédia,Filme Solar,17648,44.1,86284,142879,1.94,1557136.3,08:00
2023,6,2023-06-01,Netflix,Série,Comédia,Série Mistério,1776734,64.7,392578,56482,4.41,4398175.33,21:00
2023,6,2023-06-01,Disney+,Música,Drama,Top Hits,1427266,34.6,177505,156039,2.69,3342982.52,21:00
2023,6,2023-06-01,Spotify,Música,Comédia,Filme Solar,231278,80.3,17871,120193,4.29,3901873.44,21:00
2023,6,2023-06-01,Netflix,Música,Pop,Filme Solar,1804718,53.9,486714,12689,1.27,145111.45,21:00
2023,6,2023-06-01,Prime Video,Série,Tecnologia,Filme Solar,1704701,16.5,233038,5586,2.36,555377.77,18:00
2023,6,2023-06-01,Disney+,Filme,Tecnologia,Top Hits,607109,54.6,468479,147384,4.32,772119.41,08:00
2023,6,2023-06-01,Netflix,Série,Ação,Podcast Tech,417610,42.3,387636,83790,4.29,4748138.47,12:00
2023,6,2023-06-01,Spotify,Podcast,Pop,Top Hits,1033214,59.9,315359,152124,1.9,2212861.36,12:00
2023,6,2023-06-01,YouTube Music,Série,Tecnologia,Filme Solar,1262594,12.2,423192,124040,1.47,627011.5,18:00
2023,6,2023-06-01,Spotify,Série,Drama,Série Mistério,669533,39.7,472656,159086,2.22,517801.63,18:00
2023,6,2023-06-01,Disney+,Música,Pop,Filme Solar,1063498,32.8,464854,72568,4.42,4105418.99,21:00
2023,6,2023-06-01,Prime Video,Filme,Ação,Filme Solar,1039688,7.6,221242,66673,2.17,2590871.63,18:00
2023,6,2023-06-01,YouTube Music,Série,Comédia,Filme Solar,816755,71.2,64576,115393,2.88,4468615.63,12:00
2023,6,2023-06-01,YouTube Music,Música,Comédia,Filme Solar,1143351,18.4,238938,20324,2.98,224874.06,12:00
2023,6,2023-06-01,Netflix,Música,Pop,Série Mistério,1810581,78.7,356434,3043,1.33,865137.43,18:00
2023,6,2023-06-01,Prime Video,Podcast,Pop,Podcast Tech,1585071,57.9,310123,30930,2.03,4274409.93,12:00
2023,6,2023-06-01,Spotify,Filme,Drama,Série Mistério,827326,66.5,253703,152260,2.94,874292.73,18:00
2023,6,2023-06-01,Prime Video,Música,Pop,Podcast Tech,1144361,47.2,321309,157929,1.64,3883671.53,08:00
2023,6,2023-06-01,Prime Video,Filme,Comédia,Top Hits,1992363,21.8,373791,40105,3.9,3813973.15,21:00
2023,6,2023-06-01,Netflix,Filme,Drama,Filme Solar,1525090,82.3,22597,139210,1.38,879985.95,12:00
2023,6,2023-06-01,YouTube Music,Filme,Ação,Série Mistério,1831738,35.7,42918,163334,3.31,292364.88,18:00
2023,6,2023-06-01,Spotify,Podcast,Tecnologia,Série Mistério,1996533,27.2,389653,68900,2.25,4622754.23,21:00
2023,6,2023-06-01,Netflix,Série,Comédia,Podcast Tech,681219,44.6,109600,167793,3.35,2384842.13,08:00
2023,6,2023-06-01,Spotify,Série,Ação,Série Mistério,98732,77.7,270020,153945,2.44,2503205.2,12:00
2023,6,2023-06-01,Prime Video,Filme,Tecnologia,Série Mistério,273978,44.5,487373,38361,2.01,3360163.74,18:00
2023,6,2023-06-01,Netflix,Série,Drama,Top Hits,290744,11.9,193118,152253,4.12,1149648.86,21:00
2023,6,2023-06-01,Prime Video,Filme,Tecnologia,Podcast Tech,666859,63.2,429559,30429,4.94,798382.19,21:00
2023,6,2023-06-01,Disney+,Filme,Drama,Filme Solar,1717543,45.7,1789,108412,1.2,2154991.77,18:00
2023,6,2023-06-01,YouTube Music,Música,Drama,Podcast Tech,165408,45.0,451542,7772,1.17,2722825.98,12:00
2023,6,2023-06-01,Netflix,Podcast,Tecnologia,Série Mistério,856255,9.0,108952,4148,1.69,43957.38,21:00
2023,6,2023-06-01,Spotify,Música,Ação,Top Hits,1289961,41.1,383410,135326,4.49,2969903.48,12:00
2023,6,2023-06-01,Disney+,Podcast,Pop,Série Mistério,658459,60.9,199787,165584,2.27,4684633.07,21:00
2023,6,2023-06-01,Netflix,Música,Drama,Filme Solar,1453656,13.3,48382,36314,1.56,2684801.0,08:00
2023,6,2023-06-01,Netflix,Filme,Ação,Série Mistério,1415639,75.6,360683,5014,1.92,1183106.58,08:00
2023,6,2023-06-01,Disney+,Música,Ação,Podcast Tech,1561037,48.0,437713,27271,4.29,4628120.61,21:00
2023,6,2023-06-01,Spotify,Filme,Comédia,Filme Solar,218807,68.5,220027,24769,1.81,1218619.66,18:00
2023,6,2023-06-01,Spotify,Música,Comédia,Top Hits,1195794,50.7,155332,149433,3.2,1130148.68,08:00
2023,7,2023-07-01,Netflix,Música,Pop,Série Mistério,1141999,18.8,119974,65324,3.15,1208088.24,18:00
2023,7,2023-07-01,Prime Video,Filme,Comédia,Top Hits,1017566,47.7,322067,153080,2.01,1936131.88,08:00
2023,7,2023-07-01,YouTube Music,Filme,Tecnologia,Série Mistério,398551,44.9,397743,32752,3.27,304092.06,08:00
2023,7,2023-07-01,YouTube Music,Filme,Pop,Série Mistério,1091729,73.3,441445,69852,2.86,3043960.61,12:00
2023,7,2023-07-01,Spotify,Podcast,Ação,Podcast Tech,154688,70.6,401632,116994,2.83,2126244.55,21:00
2023,7,2023-07-01,Netflix,Série,Tecnologia,Série Mistério,346221,46.1,357819,197518,1.41,603915.92,21:00
2023,7,2023-07-01,Spotify,Podcast,Pop,Série Mistério,822982,32.3,397883,129033,1.6,2620889.07,21:00
2023,7,2023-07-01,YouTube Music,Música,Ação,Top Hits,475537,14.9,79642,21864,1.12,4227508.95,21:00
2023,7,2023-07-01,Disney+,Série,Comédia,Top Hits,411737,45.5,385865,86702,3.26,407492.91,08:00
2023,7,2023-07-01,Netflix,Podcast,Tecnologia,Top Hits,472246,53.2,484983,33353,4.65,2285834.57,21:00
2023,7,2023-07-01,Netflix,Podcast,Pop,Podcast Tech,1099982,16.7,306268,134377,2.84,432841.94,21:00
2023,7,2023-07-01,Spotify,Música,Drama,Podcast Tech,1789927,63.0,289100,185217,2.61,336501.77,21:00
2023,7,2023-07-01,Prime Video,Série,Drama,Podcast Tech,1237393,81.8,245709,24336,3.96,4742125.03,18:00
2023,7,2023-07-01,Netflix,Série,Ação,Podcast Tech,690864,40.8,267883,126396,1.71,307267.37,12:00
2023,7,2023-07-01,Netflix,Série,Drama,Filme Solar,1646602,39.2,103604,4720,2.99,2241839.1,21:00
2023,7,2023-07-01,Disney+,Série,Pop,Top Hits,1134022,12.0,276890,194981,4.57,2352438.0,21:00
2023,7,2023-07-01,Prime Video,Filme,Ação,Top Hits,1981493,85.6,409923,96096,3.06,113350.32,12:00
2023,7,2023-07-01,Disney+,Música,Drama,Podcast Tech,1318596,17.8,105854,12639,2.02,16974.91,21:00
2023,7,2023-07-01,Prime Video,Filme,Comédia,Podcast Tech,882206,22.1,179776,73301,3.86,2983751.28,08:00
2023,7,2023-07-01,Spotify,Filme,Comédia,Filme Solar,128888,73.2,495106,11657,4.22,2017004.22,12:00
2023,7,2023-07-01,Prime Video,Música,Drama,Top Hits,899966,51.8,440351,64591,1.39,1653224.97,08:00
2023,7,2023-07-01,Prime Video,Música,Comédia,Filme Solar,66173,51.1,145414,84072,2.37,1663715.27,18:00
2023,7,2023-07-01,Prime Video,Podcast,Pop,Podcast Tech,1639408,82.9,24962,61966,3.43,2193441.77,21:00
2023,7,2023-07-01,Prime Video,Música,Ação,Série Mistério,1395379,83.3,380311,150367,1.08,2338987.92,18:00
2023,7,2023-07-01,YouTube Music,Música,Comédia,Série Mistério,1438515,37.9,273796,196137,4.41,4410078.39,08:00
2023,7,2023-07-01,Disney+,Filme,Pop,Filme Solar,1701491,24.3,3782,137983,1.81,2647012.31,12:00
2023,7,2023-07-01,Spotify,Filme,Comédia,Filme Solar,1258083,87.0,356610,170797,4.69,4022564.55,08:00
2023,7,2023-07-01,Prime Video,Série,Drama,Podcast Tech,1969422,26.8,419138,97878,1.19,3524190.98,12:00
2023,7,2023-07-01,Spotify,Filme,Tecnologia,Série Mistério,26554,89.2,388760,73498,3.52,4804882.1,12:00
2023,7,2023-07-01,Spotify,Série,Tecnologia,Série Mistério,1601285,85.7,120750,10233,2.48,3120748.3,21:00
2023,7,2023-07-01,YouTube Music,Filme,Tecnologia,Top Hits,198555,43.7,129309,132744,4.11,192084.12,18:00
2023,7,2023-07-01,Netflix,Série,Comédia,Podcast Tech,1018439,29.9,374695,126288,4.52,4525834.46,21:00
2023,7,2023-07-01,Netflix,Série,Drama,Top Hits,399362,81.0,197517,96803,4.53,960588.55,12:00
2023,7,2023-07-01,Prime Video,Podcast,Comédia,Série Mistério,1023229,47.9,247980,97158,1.68,4854363.28,08:00
2023,7,2023-07-01,Disney+,Música,Ação,Top Hits,1615603,6.6,318610,141520,4.55,4716342.99,12:00
2023,7,2023-07-01,Netflix,Música,Pop,Top Hits,713120,87.8,231375,35789,3.35,1773716.16,12:00
2023,7,2023-07-01,Prime Video,Podcast,Drama,Série Mistério,1008740,30.5,326643,4067,2.31,4144881.61,18:00
2023,8,2023-08-01,YouTube Music,Podcast,Tecnologia,Série Mistério,398706,21.3,30401,136497,1.26,3993471.02,08:00
2023,8,2023-08-01,YouTube Music,Podcast,Ação,Top Hits,796449,82.3,173452,19886,3.54,3672052.87,18:00
2023,8,2023-08-01,YouTube Music,Série,Pop,Podcast Tech,695996,36.6,211005,81200,1.97,2254154.65,21:00
2023,8,2023-08-01,YouTube Music,Filme,Pop,Podcast Tech,651071,78.0,316887,104885,3.18,251204.08,12:00
2023,8,2023-08-01,Netflix,Música,Comédia,Top Hits,1809280,25.5,291097,109267,4.81,4535924.78,12:00
2023,8,2023-08-01,Disney+,Podcast,Comédia,Podcast Tech,702083,31.9,290493,128105,1.93,2199987.25,08:00
2023,8,2023-08-01,Prime Video,Série,Pop,Top Hits,1347081,15.0,444932,71631,1.13,1172336.4,08:00
2023,8,2023-08-01,Disney+,Filme,Comédia,Top Hits,1836967,15.3,341571,61770,1.74,3655669.81,21:00
2023,8,2023-08-01,Netflix,Música,Comédia,Série Mistério,342488,44.1,378307,45038,2.64,33454.36,12:00
2023,8,2023-08-01,Netflix,Podcast,Ação,Série Mistério,851755,51.0,138539,175991,1.16,3727408.91,08:00
2023,8,2023-08-01,YouTube Music,Série,Pop,Série Mistério,692580,43.8,488350,71088,4.07,3417937.08,12:00
2023,8,2023-08-01,Netflix,Podcast,Comédia,Filme Solar,1035436,56.1,52302,176111,1.48,3252279.09,12:00
2023,8,2023-08-01,Spotify,Filme,Drama,Série Mistério,1214763,34.9,94763,15226,4.86,966383.38,08:00
2023,8,2023-08-01,Netflix,Série,Ação,Podcast Tech,1095442,51.5,427123,52309,4.93,311587.43,08:00
2023,8,2023-08-01,Prime Video,Filme,Tecnologia,Podcast Tech,1613916,15.5,441191,18449,4.18,1406406.0,12:00
2023,8,2023-08-01,Disney+,Podcast,Comédia,Série Mistério,827060,51.5,285604,58281,4.97,2872502.65,21:00
2023,8,2023-08-01,Netflix,Música,Comédia,Série Mistério,948363,19.2,304107,12059,2.61,90130.74,21:00
2023,8,2023-08-01,Disney+,Filme,Drama,Série Mistério,496309,16.7,336258,164879,3.52,1041628.03,12:00
2023,8,2023-08-01,YouTube Music,Série,Drama,Filme Solar,1191032,79.7,410391,176051,4.52,370772.21,12:00
2023,8,2023-08-01,Spotify,Podcast,Drama,Podcast Tech,713050,67.1,91045,193290,4.36,209106.23,08:00
2023,8,2023-08-01,YouTube Music,Filme,Drama,Podcast Tech,213684,27.3,136765,177076,2.01,2293879.39,08:00
2023,8,2023-08-01,Prime Video,Música,Comédia,Top Hits,573355,35.6,318002,165630,3.66,528804.1,08:00
2023,8,2023-08-01,Prime Video,Podcast,Drama,Filme Solar,1910653,17.4,414207,161661,3.25,322144.99,08:00
2023,8,2023-08-01,Disney+,Filme,Tecnologia,Série Mistério,431182,47.5,128957,111855,4.96,4232499.2,18:00
2023,8,2023-08-01,YouTube Music,Série,Ação,Filme Solar,599769,77.7,188182,136582,2.56,3323153.84,21:00
2023,8,2023-08-01,Prime Video,Série,Drama,Top Hits,335000,45.9,377081,195743,4.5,4849625.46,08:00
2023,8,2023-08-01,YouTube Music,Série,Comédia,Podcast Tech,1665981,24.4,175622,99133,4.59,4004749.6,08:00
2023,8,2023-08-01,Spotify,Podcast,Pop,Filme Solar,599049,43.7,148529,54845,2.52,3575070.92,08:00
2023,8,2023-08-01,Spotify,Música,Comédia,Filme Solar,324089,43.0,357126,79156,4.21,3788006.45,21:00
2023,8,2023-08-01,Prime Video,Podcast,Drama,Série Mistério,70484,83.3,439775,176393,4.28,2427714.16,21:00
2023,8,2023-08-01,Disney+,Filme,Tecnologia,Filme Solar,1935747,46.6,439337,58174,2.21,2020240.46,12:00
2023,8,2023-08-01,Netflix,Filme,Drama,Podcast Tech,300359,44.8,180798,14568,4.5,140148.29,12:00
2023,8,2023-08-01,Spotify,Filme,Ação,Filme Solar,1180817,25.7,368756,29694,2.0,4539844.35,18:00
2023,8,2023-08-01,Spotify,Podcast,Tecnologia,Série Mistério,589808,77.7,64307,3105,2.84,2912284.8,21:00
2023,8,2023-08-01,Disney+,Filme,Drama,Filme Solar,402791,33.0,479344,127839,2.55,340782.4,18:00
2023,8,2023-08-01,Spotify,Podcast,Pop,Filme Solar,1032434,23.0,191261,21275,4.12,1995128.14,18:00
2023,8,2023-08-01,YouTube Music,Música,Comédia,Série Mistério,192286,89.6,338425,139659,4.05,3358537.84,12:00
2023,9,2023-09-01,Disney+,Filme,Tecnologia,Top Hits,847927,16.0,410496,83183,3.27,2915639.41,21:00
2023,9,2023-09-01,Netflix,Filme,Comédia,Podcast Tech,664643,66.6,413981,79048,4.2,1681402.37,12:00
2023,9,2023-09-01,Netflix,Série,Pop,Top Hits,546127,37.5,240023,163223,2.05,49892.28,18:00
2023,9,2023-09-01,YouTube Music,Série,Tecnologia,Podcast Tech,179564,24.3,335554,34106,3.87,3098013.89,08:00
2023,9,2023-09-01,YouTube Music,Filme,Ação,Podcast Tech,881272,58.2,115350,137544,3.68,2902511.51,08:00
2023,9,2023-09-01,Netflix,Música,Drama,Podcast Tech,1210874,38.8,258163,164310,2.16,4724653.45,12:00
2023,9,2023-09-01,Spotify,Podcast,Tecnologia,Série Mistério,547676,38.4,461468,134565,3.79,143518.19,21:00
2023,9,2023-09-01,Spotify,Série,Ação,Podcast Tech,233736,29.5,458802,163565,4.41,4815163.94,08:00
2023,9,2023-09-01,YouTube Music,Filme,Comédia,Podcast Tech,536792,15.3,445319,40706,2.54,1867837.85,08:00
2023,9,2023-09-01,YouTube Music,Podcast,Drama,Série Mistério,599117,59.0,44013,57231,2.85,1311458.09,18:00
2023,9,2023-09-01,Spotify,Podcast,Ação,Série Mistério,1952769,55.4,384069,181710,2.84,1387006.87,18:00
2023,9,2023-09-01,Prime Video,Música,Pop,Top Hits,112250,89.0,186434,5700,2.09,1753709.81,08:00
2023,9,2023-09-01,Prime Video,Música,Pop,Podcast Tech,1620847,40.1,499708,106556,3.79,3914724.23,18:00
2023,9,2023-09-01,Netflix,Podcast,Drama,Filme Solar,664263,29.6,159751,70372,1.34,4828621.4,18:00
2023,9,2023-09-01,Spotify,Podcast,Pop,Série Mistério,1099766,51.6,488913,152329,4.03,3390379.71,12:00
2023,9,2023-09-01,Netflix,Série,Drama,Filme Solar,1248837,10.8,290007,59694,4.48,4088391.43,21:00
2023,9,2023-09-01,Prime Video,Série,Drama,Podcast Tech,1884933,59.0,158068,74184,2.89,2114249.89,18:00
2023,9,2023-09-01,Prime Video,Podcast,Ação,Série Mistério,134607,14.6,34474,35431,3.89,1082033.37,08:00
2023,9,2023-09-01,Spotify,Série,Drama,Série Mistério,1465721,7.5,257141,100222,1.81,1018103.04,12:00
2023,9,2023-09-01,Netflix,Podcast,Comédia,Top Hits,250208,50.5,16638,58062,2.17,1961048.29,21:00
2023,9,2023-09-01,Spotify,Música,Ação,Podcast Tech,1771961,24.5,90457,70214,2.65,4556229.24,12:00
2023,9,2023-09-01,Disney+,Filme,Comédia,Top Hits,400037,47.8,469728,55486,2.25,1566024.83,08:00
2023,9,2023-09-01,Spotify,Música,Tecnologia,Filme Solar,667355,87.4,342540,81903,1.47,4864246.13,21:00
2023,9,2023-09-01,Prime Video,Série,Comédia,Top Hits,590195,52.6,165036,32669,1.07,4176294.12,08:00
2023,9,2023-09-01,Netflix,Série,Pop,Podcast Tech,902774,52.1,442027,119306,2.33,4128029.58,12:00
2023,9,2023-09-01,Netflix,Podcast,Ação,Podcast Tech,1959022,74.6,440693,4574,2.75,3923056.92,12:00
2023,9,2023-09-01,Netflix,Filme,Tecnologia,Podcast Tech,610445,84.9,426699,45401,2.43,4240308.06,18:00
2023,9,2023-09-01,Spotify,Podcast,Tecnologia,Série Mistério,38387,82.2,346021,176905,2.43,144870.09,08:00
2023,9,2023-09-01,Prime Video,Série,Comédia,Podcast Tech,999534,49.9,420340,48933,4.34,4900379.92,08:00
2023,9,2023-09-01,Netflix,Música,Drama,Podcast Tech,1998411,18.3,142933,110595,3.1,4663047.67,21:00
2023,9,2023-09-01,Spotify,Podcast,Comédia,Top Hits,1100087,29.2,359305,106903,1.1,2554705.56,18:00
2023,9,2023-09-01,Netflix,Podcast,Comédia,Série Mistério,1737634,27.1,414047,110308,3.09,2631990.38,12:00
2023,9,2023-09-01,YouTube Music,Filme,Comédia,Top Hits,1936953,36.2,281395,86471,4.03,4864526.02,08:00
2023,9,2023-09-01,Disney+,Filme,Comédia,Podcast Tech,762124,14.0,3697,126512,1.67,2577195.65,21:00
2023,9,2023-09-01,Disney+,Filme,Comédia,Top Hits,1199285,87.0,435268,184180,1.28,3324387.09,21:00
2023,9,2023-09-01,Disney+,Filme,Drama,Podcast Tech,1239772,8.5,252326,141307,4.93,4347078.77,21:00
2023,9,2023-09-01,Netflix,Filme,Tecnologia,Filme Solar,1173237,8.5,302160,26766,1.77,1644408.75,08:00
2023,10,2023-10-01,Spotify,Série,Tecnologia,Podcast Tech,1142616,27.9,365456,13743,1.67,2133977.45,18:00
2023,10,2023-10-01,YouTube Music,Série,Pop,Podcast Tech,1935469,81.5,327083,89876,3.65,2540038.08,21:00
2023,10,2023-10-01,Spotify,Série,Pop,Série Mistério,1560849,61.8,352453,68580,3.31,26308.58,08:00
2023,10,2023-10-01,Disney+,Podcast,Pop,Série Mistério,1774037,19.0,224387,197128,1.34,16675.91,12:00
2023,10,2023-10-01,YouTube Music,Podcast,Ação,Podcast Tech,975847,64.2,48494,189523,1.03,3955128.3,12:00
2023,10,2023-10-01,Netflix,Série,Drama,Podcast Tech,1979070,67.8,386025,84909,3.64,4063920.7,18:00
2023,10,2023-10-01,YouTube Music,Filme,Ação,Top Hits,599228,45.7,233909,140084,3.93,1024381.64,21:00
2023,10,2023-10-01,Spotify,Série,Drama,Filme Solar,547386,25.0,238644,119164,3.12,3878102.09,21:00
2023,10,2023-10-01,Disney+,Série,Ação,Top Hits,1610687,79.0,261834,94818,3.21,3964278.01,08:00
2023,10,2023-10-01,Netflix,Série,Pop,Top Hits,1718066,35.7,368716,66115,1.75,4737670.22,18:00
2023,10,2023-10-01,Prime Video,Música,Pop,Podcast Tech,1206061,38.1,437745,167710,3.38,4599903.72,18:00
2023,10,2023-10-01,Netflix,Podcast,Tecnologia,Filme Solar,1502575,49.1,445363,58824,1.83,1374050.86,18:00
2023,10,2023-10-01,Netflix,Filme,Ação,Top Hits,1049523,56.7,393209,121914,3.88,239310.67,08:00
2023,10,2023-10-01,Prime Video,Série,Pop,Top Hits,1738051,38.4,485171,120019,1.56,4253674.36,21:00
2023,10,2023-10-01,Disney+,Música,Ação,Top Hits,1055444,28.4,482869,129015,3.94,2385523.96,12:00
2023,10,2023-10-01,Netflix,Podcast,Ação,Filme Solar,318060,85.6,311111,176307,2.08,3995877.58,18:00
2023,10,2023-10-01,Prime Video,Podcast,Ação,Série Mistério,355305,66.7,122460,79035,4.13,831554.33,21:00
2023,10,2023-10-01,Disney+,Podcast,Ação,Filme Solar,609219,83.6,98933,87129,2.23,2970761.5,18:00
2023,10,2023-10-01,Netflix,Filme,Tecnologia,Série Mistério,1331559,15.5,186340,143596,4.14,839903.78,12:00
2023,10,2023-10-01,YouTube Music,Filme,Drama,Série Mistério,1208464,20.1,98305,104661,2.48,981054.9,21:00
2023,10,2023-10-01,Netflix,Música,Ação,Top Hits,1632293,10.3,344463,36677,3.6,2129516.01,21:00
2023,10,2023-10-01,Netflix,Música,Tecnologia,Podcast Tech,469341,45.7,453939,9574,1.54,1810707.95,08:00
2023,10,2023-10-01,Prime Video,Filme,Comédia,Série Mistério,1691583,44.5,419084,147811,4.15,684306.18,21:00
2023,10,2023-10-01,Spotify,Podcast,Ação,Série Mistério,1966130,71.3,47304,32391,1.95,1102198.31,18:00
2023,10,2023-10-01,Prime Video,Filme,Drama,Top Hits,1375468,54.0,160918,128949,3.91,1308915.76,08:00
2023,10,2023-10-01,Netflix,Filme,Drama,Podcast Tech,453553,40.4,389461,169664,2.74,1098913.33,18:00
2023,10,2023-10-01,Prime Video,Música,Drama,Série Mistério,1893128,74.5,393681,106465,3.47,4214587.5,12:00
2023,10,2023-10-01,Disney+,Série,Ação,Filme Solar,1744662,55.2,107343,3417,3.08,1741669.55,12:00
2023,10,2023-10-01,Spotify,Série,Tecnologia,Filme Solar,523581,39.2,459494,9757,3.92,2130200.51,18:00
2023,10,2023-10-01,Prime Video,Série,Tecnologia,Filme Solar,1885077,16.7,406480,45421,4.18,1533992.33,18:00
2023,10,2023-10-01,Spotify,Série,Ação,Série Mistério,603944,34.0,357403,50818,1.51,3481384.41,21:00
2023,10,2023-10-01,YouTube Music,Filme,Tecnologia,Filme Solar,76620,51.9,212738,46267,2.1,4504653.91,18:00
2023,10,2023-10-01,Disney+,Filme,Pop,Top Hits,1986070,9.9,19090,112729,2.17,4824159.85,18:00
2023,10,2023-10-01,Netflix,Música,Pop,Podcast Tech,1108768,82.2,37469,91135,3.86,1741604.03,08:00
2023,10,2023-10-01,Spotify,Filme,Comédia,Série Mistério,125907,52.9,136300,50627,2.12,4527113.64,18:00
2023,10,2023-10-01,Prime Video,Série,Drama,Série Mistério,627581,9.5,103802,69666,3.41,3570011.49,18:00
2023,10,2023-10-01,Prime Video,Série,Comédia,Filme Solar,227686,77.4,319465,102183,3.37,4329045.99,08:00
2023,11,2023-11-01,Disney+,Série,Drama,Podcast Tech,1445183,79.3,336632,36934,1.86,790914.72,08:00
2023,11,2023-11-01,YouTube Music,Filme,Comédia,Série Mistério,700213,25.2,431323,75084,4.24,4533904.72,12:00
2023,11,2023-11-01,YouTube Music,Podcast,Tecnologia,Podcast Tech,1255012,39.4,199551,37233,1.55,4594504.06,18:00
2023,11,2023-11-01,Prime Video,Podcast,Comédia,Série Mistério,1345447,51.5,315461,74659,4.66,2463633.8,08:00
2023,11,2023-11-01,YouTube Music,Música,Ação,Filme Solar,1410404,39.7,8812,125182,4.41,4972301.21,21:00
2023,11,2023-11-01,Prime Video,Série,Comédia,Filme Solar,1744996,16.1,438836,140740,4.91,1727993.57,12:00
2023,11,2023-11-01,Spotify,Música,Drama,Podcast Tech,1568619,88.1,402183,101099,4.77,4540452.56,08:00
2023,11,2023-11-01,Prime Video,Filme,Pop,Filme Solar,1522781,55.2,104548,93009,3.29,1875353.06,18:00
2023,11,2023-11-01,Disney+,Filme,Tecnologia,Filme Solar,1921915,67.8,121643,174219,4.14,1513173.2,21:00
2023,11,2023-11-01,Prime Video,Música,Pop,Top Hits,637550,46.5,211929,32896,4.99,2775608.59,21:00
2023,11,2023-11-01,YouTube Music,Música,Ação,Série Mistério,520015,72.3,103506,153863,1.96,1917049.77,08:00
2023,11,2023-11-01,YouTube Music,Música,Comédia,Top Hits,1381862,81.4,363552,14217,3.69,2368252.33,12:00
2023,11,2023-11-01,Spotify,Música,Drama,Filme Solar,1960048,36.7,202208,112562,4.65,2519531.24,08:00
2023,11,2023-11-01,Disney+,Podcast,Drama,Podcast Tech,1397917,15.3,372682,23869,3.08,1508571.07,08:00
2023,11,2023-11-01,Disney+,Série,Tecnologia,Podcast Tech,1633411,68.9,46205,93346,2.6,1322102.69,12:00
2023,11,2023-11-01,Prime Video,Podcast,Drama,Top Hits,861269,16.7,428822,132984,1.32,1899976.31,21:00
2023,11,2023-11-01,Netflix,Filme,Drama,Top Hits,797752,59.6,204518,134597,4.4,3730114.55,08:00
2023,11,2023-11-01,Prime Video,Série,Pop,Série Mistério,708334,46.2,245514,136464,3.91,442460.08,18:00
2023,11,2023-11-01,Spotify,Série,Tecnologia,Top Hits,999963,5.7,99684,133380,1.91,3424381.54,21:00
2023,11,2023-11-01,Prime Video,Música,Pop,Série Mistério,818163,77.4,460647,86634,4.86,3450173.42,08:00
2023,11,2023-11-01,Spotify,Podcast,Tecnologia,Podcast Tech,1127531,29.5,374885,58571,1.53,3949142.8,12:00
2023,11,2023-11-01,Prime Video,Filme,Ação,Top Hits,618510,84.1,471991,197278,2.37,3069517.22,12:00
2023,11,2023-11-01,Prime Video,Podcast,Drama,Top Hits,1122558,38.8,91137,4333,3.02,2858194.19,21:00
2023,11,2023-11-01,YouTube Music,Podcast,Pop,Top Hits,1950150,40.2,104347,92209,1.86,242025.0,18:00
2023,11,2023-11-01,Netflix,Filme,Comédia,Podcast Tech,818312,58.7,330249,70736,3.4,560963.63,08:00
2023,11,2023-11-01,Spotify,Música,Tecnologia,Filme Solar,315430,71.0,334302,184100,2.97,2990605.73,18:00
2023,11,2023-11-01,Netflix,Série,Comédia,Série Mistério,801174,81.0,22929,188872,2.88,4289018.8,08:00
2023,11,2023-11-01,Prime Video,Série,Comédia,Série Mistério,905145,75.9,437946,28438,4.08,117926.96,08:00
2023,11,2023-11-01,YouTube Music,Música,Comédia,Série Mistério,802914,68.3,14480,65276,2.69,4955322.43,21:00
2023,11,2023-11-01,Disney+,Série,Comédia,Podcast Tech,430008,70.5,461838,150435,3.72,295808.45,21:00
2023,11,2023-11-01,YouTube Music,Filme,Pop,Série Mistério,1740401,60.2,439957,51360,4.09,3770908.03,18:00
2023,11,2023-11-01,YouTube Music,Filme,Ação,Filme Solar,1283086,81.3,448153,140130,4.65,3618595.79,21:00
2023,11,2023-11-01,YouTube Music,Filme,Tecnologia,Filme Solar,143532,34.6,358660,60752,1.83,2882896.26,08:00
2023,11,2023-11-01,Spotify,Podcast,Pop,Top Hits,377924,68.7,351075,183081,2.17,3493743.89,21:00
2023,11,2023-11-01,Prime Video,Série,Tecnologia,Top Hits,378296,84.8,119418,69708,4.07,2641644.09,18:00
2023,11,2023-11-01,Prime Video,Série,Drama,Filme Solar,1051123,35.8,341069,54138,2.34,1387051.78,12:00
2023,11,2023-11-01,YouTube Music,Filme,Drama,Podcast Tech,1313036,16.9,217839,35703,3.29,883968.15,21:00
2023,12,2023-12-01,YouTube Music,Filme,Comédia,Série Mistério,542613,69.5,427274,80206,4.74,4460518.56,08:00
2023,12,2023-12-01,YouTube Music,Filme,Ação,Série Mistério,718637,7.7,226828,152330,3.19,3007927.74,12:00
2023,12,2023-12-01,Disney+,Série,Ação,Série Mistério,1024102,76.2,271577,164499,1.19,3539047.33,08:00
2023,12,2023-12-01,Disney+,Podcast,Pop,Podcast Tech,1438141,82.3,138967,71143,3.88,4129962.38,21:00
2023,12,2023-12-01,Netflix,Música,Comédia,Top Hits,969350,8.0,82582,23630,2.19,713964.42,12:00
2023,12,2023-12-01,Prime Video,Música,Comédia,Filme Solar,1272320,62.9,411767,30883,2.77,3484145.64,21:00
2023,12,2023-12-01,Spotify,Música,Tecnologia,Filme Solar,429062,9.0,430663,87935,1.41,789721.55,12:00
2023,12,2023-12-01,Disney+,Série,Ação,Filme Solar,1535627,87.7,84527,171984,4.15,4331264.41,08:00
2023,12,2023-12-01,Spotify,Podcast,Drama,Top Hits,268982,41.3,331477,76705,4.19,443669.22,08:00
2023,12,2023-12-01,Spotify,Música,Tecnologia,Podcast Tech,1186261,16.7,223325,21934,2.04,3215608.87,18:00
2023,12,2023-12-01,YouTube Music,Filme,Comédia,Podcast Tech,1869173,67.7,498659,77429,2.26,2906707.21,21:00
2023,12,2023-12-01,Spotify,Música,Comédia,Filme Solar,1602638,88.6,329072,67934,1.12,516545.92,18:00
2023,12,2023-12-01,Netflix,Filme,Tecnologia,Filme Solar,274349,17.6,493368,4530,2.45,1612433.68,21:00
2023,12,2023-12-01,Spotify,Filme,Tecnologia,Podcast Tech,640944,55.7,374110,98316,2.59,4476400.59,12:00
2023,12,2023-12-01,Spotify,Podcast,Comédia,Podcast Tech,1648647,46.4,15024,150613,4.91,346662.97,08:00
2023,12,2023-12-01,YouTube Music,Série,Tecnologia,Filme Solar,1669791,48.8,154001,144058,4.52,4919593.18,12:00
2023,12,2023-12-01,Disney+,Podcast,Comédia,Filme Solar,1483217,13.5,13558,100645,2.61,4551762.86,18:00
2023,12,2023-12-01,YouTube Music,Podcast,Tecnologia,Top Hits,369949,83.8,207844,12243,3.85,3325753.34,12:00
2023,12,2023-12-01,Spotify,Filme,Ação,Top Hits,893583,18.3,267698,82091,4.82,519465.89,18:00
2023,12,2023-12-01,Disney+,Filme,Ação,Top Hits,1132703,84.5,495467,13617,1.3,2417239.25,08:00
2023,12,2023-12-01,YouTube Music,Podcast,Ação,Podcast Tech,258123,71.1,269496,82646,3.17,460914.84,18:00
2023,12,2023-12-01,Netflix,Filme,Comédia,Filme Solar,1567006,5.1,170463,190194,3.85,935309.59,21:00
2023,12,2023-12-01,Netflix,Filme,Pop,Top Hits,605965,31.5,448711,187335,4.47,1516764.76,12:00
2023,12,2023-12-01,Prime Video,Música,Drama,Podcast Tech,348852,33.1,2629,57928,2.42,703085.81,08:00
2023,12,2023-12-01,YouTube Music,Série,Tecnologia,Podcast Tech,255609,11.0,41788,20099,3.01,909571.91,21:00
2023,12,2023-12-01,Spotify,Podcast,Comédia,Série Mistério,349672,33.4,421137,146951,1.47,4146955.39,18:00
2023,12,2023-12-01,Prime Video,Série,Comédia,Podcast Tech,1308818,73.7,209840,39163,2.65,857400.9,21:00
2023,12,2023-12-01,Spotify,Podcast,Tecnologia,Podcast Tech,1646105,38.8,229644,66539,4.8,2627761.98,18:00
2023,12,2023-12-01,Netflix,Podcast,Comédia,Série Mistério,81813,86.9,442664,157570,1.19,1215135.29,08:00
2023,12,2023-12-01,Spotify,Música,Ação,Filme Solar,1868564,51.2,393631,37377,3.72,620326.72,12:00
2023,12,2023-12-01,Spotify,Série,Tecnologia,Podcast Tech,1049679,23.6,301068,59674,2.23,1710168.73,21:00
2023,12,2023-12-01,Prime Video,Filme,Pop,Filme Solar,1338749,74.4,79855,82462,1.1,3562720.67,21:00
2023,12,2023-12-01,Prime Video,Podcast,Comédia,Podcast Tech,348876,65.6,436118,107032,2.78,3521512.12,12:00
2023,12,2023-12-01,Prime Video,Podcast,Pop,Podcast Tech,1587274,36.8,303031,189480,1.13,2961049.38,18:00
2023,12,2023-12-01,Spotify,Podcast,Drama,Top Hits,844215,65.0,186899,96079,1.02,2036001.2,18:00
2023,12,2023-12-01,YouTube Music,Série,Ação,Podcast Tech,563570,75.6,101895,98253,4.21,2309994.36,18:00
2023,12,2023-12-01,Disney+,Filme,Ação,Filme Solar,1541850,25.0,186975,94950,2.38,141041.29,18:00
2024,1,2024-01-01,Netflix,Série,Ação,Filme Solar,1049164,6.6,71312,48736,2.84,359122.71,08:00
2024,1,2024-01-01,Prime Video,Filme,Tecnologia,Podcast Tech,848492,80.8,479825,145586,1.71,1457629.77,21:00
2024,1,2024-01-01,YouTube Music,Filme,Comédia,Filme Solar,288514,25.4,427936,168281,2.28,4636518.54,21:00
2024,1,2024-01-01,Netflix,Podcast,Ação,Filme Solar,1903860,6.4,279270,20117,1.11,3274407.62,18:00
2024,1,2024-01-01,Disney+,Série,Comédia,Podcast Tech,364970,79.3,428806,22773,1.14,1098190.97,12:00
2024,1,2024-01-01,YouTube Music,Série,Drama,Top Hits,196943,73.1,154244,69299,4.43,4174066.55,18:00
2024,1,2024-01-01,Spotify,Filme,Tecnologia,Série Mistério,1107105,50.8,257050,14421,4.14,859867.92,12:00
2024,1,2024-01-01,YouTube Music,Série,Tecnologia,Top Hits,522332,34.7,72261,146850,4.13,3105609.89,08:00
2024,1,2024-01-01,Netflix,Podcast,Tecnologia,Podcast Tech,257876,73.6,328559,114850,1.62,12311.11,12:00
2024,1,2024-01-01,Disney+,Série,Ação,Filme Solar,1032309,42.5,305063,763,1.23,2343414.02,08:00
2024,1,2024-01-01,Disney+,Filme,Pop,Top Hits,1596499,64.5,183358,185325,4.86,1798627.35,12:00
2024,1,2024-01-01,Prime Video,Podcast,Drama,Série Mistério,1277684,81.3,33321,60874,2.13,1522824.35,18:00
2024,1,2024-01-01,Spotify,Filme,Ação,Top Hits,325877,41.9,11719,3629,3.52,2691345.56,08:00
2024,1,2024-01-01,Spotify,Podcast,Pop,Série Mistério,1244747,32.2,19092,41108,1.42,700083.75,12:00
2024,1,2024-01-01,Netflix,Série,Comédia,Top Hits,844784,84.6,316159,38333,2.65,4063138.42,21:00
2024,1,2024-01-01,Netflix,Filme,Comédia,Série Mistério,1629904,66.2,282744,45307,4.67,150850.84,12:00
2024,1,2024-01-01,YouTube Music,Música,Ação,Top Hits,120074,53.6,190426,116107,1.88,3898770.78,12:00
2024,1,2024-01-01,Disney+,Série,Tecnologia,Série Mistério,10151,63.3,171113,143378,1.62,3904050.62,12:00
2024,1,2024-01-01,Spotify,Música,Ação,Filme Solar,555350,80.8,69349,187609,2.49,1147908.57,18:00
2024,1,2024-01-01,Spotify,Música,Pop,Série Mistério,1151498,54.8,12998,78318,1.98,4492767.59,18:00
2024,1,2024-01-01,Spotify,Filme,Pop,Podcast Tech,748308,68.2,40972,91492,4.04,4643377.5,12:00
2024,1,2024-01-01,Spotify,Podcast,Tecnologia,Série Mistério,244360,73.9,415443,21966,4.46,3651437.29,08:00
2024,1,2024-01-01,Netflix,Filme,Tecnologia,Top Hits,1345703,45.1,50858,130448,2.89,2196631.12,08:00
2024,1,2024-01-01,Spotify,Música,Comédia,Podcast Tech,94371,48.0,109901,180020,2.91,3739162.78,18:00
2024,1,2024-01-01,Spotify,Podcast,Pop,Podcast Tech,1138313,31.1,307718,126075,3.37,4567057.55,21:00
2024,1,2024-01-01,Prime Video,Música,Tecnologia,Podcast Tech,1952085,44.1,306730,152342,4.17,600212.86,21:00
2024,1,2024-01-01,Netflix,Podcast,Tecnologia,Série Mistério,1765268,12.9,468704,49591,3.7,4101301.86,18:00
2024,1,2024-01-01,Spotify,Música,Pop,Top Hits,314976,61.6,195753,63630,4.3,583220.53,18:00
2024,1,2024-01-01,Spotify,Música,Drama,Podcast Tech,637315,70.3,149923,171483,2.51,3393569.18,12:00
2024,1,2024-01-01,Prime Video,Filme,Ação,Filme Solar,810395,13.5,489892,197898,3.07,4730032.14,21:00
2024,1,2024-01-01,Spotify,Filme,Tecnologia,Filme Solar,743476,49.0,194435,168418,4.92,83304.76,18:00
2024,1,2024-01-01,YouTube Music,Música,Ação,Top Hits,1603969,76.4,334511,134597,1.12,4429086.63,21:00
2024,1,2024-01-01,Spotify,Música,Comédia,Série Mistério,1002890,63.3,37249,35106,1.53,2845751.48,12:00
2024,1,2024-01-01,Netflix,Filme,Comédia,Filme Solar,1356879,55.1,388199,92250,4.25,3455711.52,18:00
2024,1,2024-01-01,Spotify,Podcast,Drama,Série Mistério,1969310,50.4,12240,16286,3.09,4393434.07,08:00
2024,1,2024-01-01,YouTube Music,Podcast,Ação,Série Mistério,1389790,56.5,322894,46886,3.64,4994814.64,21:00
2024,1,2024-01-01,Prime Video,Série,Tecnologia,Filme Solar,1588221,50.4,461465,65399,3.84,4118042.22,12:00
2024,2,2024-02-01,Prime Video,Série,Drama,Top Hits,1087522,83.1,288896,60004,1.53,80455.0,18:00
2024,2,2024-02-01,Netflix,Música,Pop,Filme Solar,457076,79.7,25296,175064,1.63,2600899.31,08:00
2024,2,2024-02-01,Disney+,Música,Tecnologia,Filme Solar,40263,40.4,355134,198103,3.93,1655108.32,12:00
2024,2,2024-02-01,Netflix,Podcast,Ação,Filme Solar,1822679,43.6,235066,147331,4.21,4528122.16,21:00
2024,2,2024-02-01,Prime Video,Podcast,Tecnologia,Top Hits,1314823,45.5,270149,180191,4.06,3670207.63,18:00
2024,2,2024-02-01,Netflix,Podcast,Comédia,Podcast Tech,1642582,15.1,64474,148693,4.41,1995486.92,21:00
2024,2,2024-02-01,Disney+,Música,Pop,Podcast Tech,805778,68.0,325212,118272,1.06,4844789.74,21:00
2024,2,2024-02-01,YouTube Music,Podcast,Tecnologia,Filme Solar,1731070,31.9,375648,90759,1.73,1255327.29,08:00
2024,2,2024-02-01,Spotify,Série,Drama,Série Mistério,11697,54.6,426925,186505,4.3,1808716.48,12:00
2024,2,2024-02-01,Netflix,Filme,Ação,Top Hits,1194928,10.8,281586,1179,2.52,4415761.74,18:00
2024,2,2024-02-01,Spotify,Podcast,Comédia,Podcast Tech,1064239,58.4,90988,102573,3.9,1390853.11,21:00
2024,2,2024-02-01,Netflix,Podcast,Pop,Série Mistério,1999178,45.2,162365,197257,1.63,1724492.6,08:00
2024,2,2024-02-01,Spotify,Série,Drama,Podcast Tech,1702629,89.9,67264,125798,1.45,3905602.32,18:00
2024,2,2024-02-01,Disney+,Música,Pop,Podcast Tech,1396558,5.4,60015,35885,4.35,4470051.63,12:00
2024,2,2024-02-01,Spotify,Podcast,Tecnologia,Série Mistério,1613703,9.3,437826,44991,2.35,3393309.62,21:00
2024,2,2024-02-01,YouTube Music,Podcast,Ação,Podcast Tech,63420,21.2,36778,59946,2.76,1113162.03,18:00
2024,2,2024-02-01,YouTube Music,Série,Comédia,Filme Solar,549826,26.2,466098,32927,2.98,4640009.7,08:00
2024,2,2024-02-01,Disney+,Filme,Drama,Top Hits,1174801,37.3,265764,69711,1.86,1023070.45,08:00
2024,2,2024-02-01,Disney+,Música,Tecnologia,Filme Solar,1022055,41.8,121801,66271,2.44,2058515.32,21:00
2024,2,2024-02-01,Netflix,Música,Tecnologia,Top Hits,1791665,10.7,423992,37280,4.38,1130236.81,08:00
2024,2,2024-02-01,YouTube Music,Série,Pop,Série Mistério,837152,75.8,443821,185997,3.61,1210450.91,12:00
2024,2,2024-02-01,YouTube Music,Podcast,Ação,Podcast Tech,344912,21.4,252910,25548,3.32,1393833.9,21:00
2024,2,2024-02-01,YouTube Music,Filme,Pop,Filme Solar,884737,48.9,173388,129607,2.72,1796070.55,21:00
2024,2,2024-02-01,Disney+,Série,Tecnologia,Podcast Tech,1571778,6.3,84530,115883,2.77,2656819.28,08:00
2024,2,2024-02-01,Netflix,Música,Comédia,Série Mistério,1235615,89.2,428459,105545,2.24,4286191.97,12:00
2024,2,2024-02-01,YouTube Music,Filme,Drama,Podcast Tech,731797,63.9,18737,48232,1.78,1172957.29,21:00
2024,2,2024-02-01,Prime Video,Música,Drama,Top Hits,1244221,36.8,270360,82012,4.99,1767468.93,12:00
2024,2,2024-02-01,Disney+,Música,Ação,Filme Solar,746463,15.5,481121,129721,1.56,3214343.62,18:00
2024,2,2024-02-01,YouTube Music,Filme,Comédia,Top Hits,1395163,38.0,51956,133958,4.12,664821.14,08:00
2024,2,2024-02-01,Spotify,Série,Drama,Série Mistério,449253,76.3,176995,8415,2.42,2744091.19,18:00
2024,2,2024-02-01,Prime Video,Música,Tecnologia,Filme Solar,1127389,77.0,8861,168750,3.7,1973330.31,21:00
2024,2,2024-02-01,YouTube Music,Música,Drama,Série Mistério,1996935,11.2,316466,115875,3.74,1968626.18,21:00
2024,2,2024-02-01,Disney+,Filme,Tecnologia,Top Hits,31736,50.4,169494,82297,1.07,1479968.38,21:00
2024,2,2024-02-01,Netflix,Podcast,Drama,Podcast Tech,125158,60.2,115911,66240,3.5,521104.92,18:00
2024,2,2024-02-01,Disney+,Filme,Pop,Podcast Tech,234821,56.4,375511,78281,3.05,2773337.29,21:00
2024,2,2024-02-01,Disney+,Música,Ação,Top Hits,537605,41.8,41345,83660,2.01,4395260.29,21:00
2024,2,2024-02-01,Netflix,Filme,Pop,Top Hits,1643209,70.8,148697,43476,2.55,2892116.37,08:00
2024,3,2024-03-01,Prime Video,Filme,Pop,Filme Solar,992515,37.4,228532,101317,2.4,1343463.26,21:00
2024,3,2024-03-01,YouTube Music,Filme,Ação,Filme Solar,329887,31.8,301940,10078,3.7,4657500.45,21:00
2024,3,2024-03-01,Prime Video,Música,Drama,Podcast Tech,1108281,82.9,148548,164740,4.28,187774.32,08:00
2024,3,2024-03-01,Spotify,Série,Tecnologia,Série Mistério,1054155,80.7,47536,74679,2.6,3632040.22,12:00
2024,3,2024-03-01,Spotify,Filme,Ação,Top Hits,1845330,81.8,154869,133684,4.22,3502578.88,21:00
2024,3,2024-03-01,Prime Video,Filme,Comédia,Top Hits,1417401,13.7,116488,188060,4.24,2520317.34,21:00
2024,3,2024-03-01,Disney+,Filme,Tecnologia,Filme Solar,1428674,28.9,178208,111847,1.23,2814451.61,08:00
2024,3,2024-03-01,Prime Video,Série,Tecnologia,Filme Solar,1989932,26.5,472553,165238,3.66,1431670.97,08:00
2024,3,2024-03-01,Disney+,Podcast,Pop,Filme Solar,1213551,13.5,9022,70799,2.43,3024073.76,08:00
2024,3,2024-03-01,Disney+,Série,Tecnologia,Filme Solar,1079245,33.9,404064,54551,2.45,3374834.85,21:00
2024,3,2024-03-01,Disney+,Podcast,Drama,Filme Solar,69239,37.9,211790,169326,1.41,4761175.97,12:00
2024,3,2024-03-01,YouTube Music,Podcast,Ação,Top Hits,1352721,81.7,103751,167407,3.2,1346792.73,08:00
2024,3,2024-03-01,Netflix,Filme,Ação,Filme Solar,584480,28.4,89025,79573,4.58,299857.41,18:00
2024,3,2024-03-01,YouTube Music,Série,Pop,Série Mistério,535278,73.4,354672,133680,1.57,847060.12,08:00
2024,3,2024-03-01,Spotify,Série,Ação,Série Mistério,770960,26.4,374702,142715,2.11,4001424.41,12:00
2024,3,2024-03-01,Spotify,Filme,Ação,Top Hits,885347,18.2,336318,25344,3.17,1725251.53,12:00
2024,3,2024-03-01,Spotify,Música,Comédia,Série Mistério,1274520,37.2,67227,150718,2.65,4169619.74,12:00
2024,3,2024-03-01,YouTube Music,Filme,Tecnologia,Podcast Tech,57343,64.0,150370,61790,3.07,2232860.37,21:00
2024,3,2024-03-01,Netflix,Podcast,Tecnologia,Série Mistério,520526,51.5,29449,140565,4.05,4493851.83,12:00
2024,3,2024-03-01,Disney+,Podcast,Pop,Filme Solar,631011,22.3,82792,112448,2.95,3944082.64,12:00
2024,3,2024-03-01,YouTube Music,Filme,Tecnologia,Filme Solar,417157,12.5,483778,63314,3.46,4066328.59,21:00
2024,3,2024-03-01,Disney+,Música,Tecnologia,Série Mistério,1908597,14.6,248112,194483,3.77,1090180.97,21:00
2024,3,2024-03-01,Netflix,Podcast,Ação,Podcast Tech,1543274,22.6,482794,57048,1.47,267436.56,21:00
2024,3,2024-03-01,Prime Video,Filme,Pop,Podcast Tech,1728945,24.0,48130,25429,3.41,3211252.49,12:00
2024,3,2024-03-01,Prime Video,Música,Drama,Série Mistério,1594085,77.4,371121,79793,2.24,980338.42,21:00
2024,3,2024-03-01,Prime Video,Podcast,Drama,Série Mistério,764959,34.7,343876,145045,3.78,3751400.05,12:00
2024,3,2024-03-01,Spotify,Música,Tecnologia,Top Hits,1298710,72.4,125819,58437,2.63,934985.29,12:00
2024,3,2024-03-01,Spotify,Música,Comédia,Top Hits,1614999,33.6,383485,143915,4.61,1909393.19,18:00
2024,3,2024-03-01,Disney+,Podcast,Ação,Série Mistério,938282,12.6,269433,73981,2.38,886868.01,21:00
2024,3,2024-03-01,YouTube Music,Filme,Tecnologia,Série Mistério,1506527,75.2,73445,182499,1.84,334982.52,12:00
2024,3,2024-03-01,YouTube Music,Música,Drama,Podcast Tech,1859981,34.2,119952,184958,4.91,4305076.18,08:00
2024,3,2024-03-01,Prime Video,Filme,Ação,Podcast Tech,1756030,32.6,494479,110292,2.97,452731.11,18:00
2024,3,2024-03-01,Prime Video,Filme,Drama,Série Mistério,200175,66.4,48800,116767,4.36,2080698.15,21:00
2024,3,2024-03-01,Disney+,Filme,Comédia,Podcast Tech,1147511,58.7,78546,192283,4.86,4001014.1,21:00
2024,3,2024-03-01,Netflix,Podcast,Comédia,Série Mistério,484207,84.8,121549,3046,4.93,894837.22,18:00
2024,3,2024-03-01,Prime Video,Série,Pop,Série Mistério,956965,79.9,313654,101556,4.46,1609263.66,12:00
2024,3,2024-03-01,Netflix,Filme,Tecnologia,Filme Solar,1756477,82.4,410401,36587,2.6,2653868.04,08:00
2024,4,2024-04-01,Prime Video,Podcast,Drama,Podcast Tech,843467,75.8,307486,22144,1.51,378271.81,21:00
2024,4,2024-04-01,YouTube Music,Série,Comédia,Série Mistério,724346,79.9,146749,161167,3.2,4884361.64,08:00
2024,4,2024-04-01,Spotify,Filme,Tecnologia,Podcast Tech,958631,70.7,47522,103476,1.82,84648.25,08:00
2024,4,2024-04-01,YouTube Music,Música,Comédia,Série Mistério,1540046,40.0,127723,122068,2.71,1615516.74,18:00
2024,4,2024-04-01,Disney+,Podcast,Ação,Filme Solar,1358103,31.9,459933,155283,3.01,1914155.86,21:00
2024,4,2024-04-01,Prime Video,Filme,Tecnologia,Filme Solar,1051249,10.4,209735,181957,1.14,3296682.14,12:00
2024,4,2024-04-01,Netflix,Música,Drama,Série Mistério,28048,86.7,214154,122061,2.08,1400303.79,08:00
2024,4,2024-04-01,YouTube Music,Série,Comédia,Filme Solar,1738582,58.4,429246,168044,1.1,225774.91,21:00
2024,4,2024-04-01,Spotify,Podcast,Tecnologia,Série Mistério,247885,49.5,484067,5949,1.75,393195.51,12:00
2024,4,2024-04-01,Netflix,Música,Tecnologia,Filme Solar,565282,15.5,368099,94583,1.72,4301649.75,12:00
2024,4,2024-04-01,Prime Video,Filme,Pop,Filme Solar,305703,74.0,52433,42537,4.62,1583803.89,12:00
2024,4,2024-04-01,Prime Video,Filme,Tecnologia,Top Hits,1547820,73.6,407213,26224,2.97,3536000.73,12:00
2024,4,2024-04-01,Netflix,Série,Tecnologia,Top Hits,1741506,34.7,85272,185744,3.11,1513983.53,08:00
2024,4,2024-04-01,YouTube Music,Podcast,Tecnologia,Podcast Tech,1276901,66.1,78125,71369,3.63,4558026.36,08:00
2024,4,2024-04-01,Prime Video,Música,Tecnologia,Podcast Tech,1471020,46.7,171271,172989,4.67,3675592.86,12:00
2024,4,2024-04-01,Disney+,Podcast,Pop,Podcast Tech,1867848,34.3,40443,67324,4.5,4529877.92,21:00
2024,4,2024-04-01,Netflix,Filme,Pop,Podcast Tech,781282,6.4,11485,148121,1.13,2449502.84,12:00
2024,4,2024-04-01,YouTube Music,Filme,Ação,Podcast Tech,1271891,72.5,27489,114369,3.45,421754.07,18:00
2024,4,2024-04-01,YouTube Music,Série,Pop,Filme Solar,1176145,24.8,15623,14674,4.03,4691467.1,08:00
2024,4,2024-04-01,YouTube Music,Série,Pop,Podcast Tech,1799248,12.9,455595,96522,1.65,3087516.81,21:00
2024,4,2024-04-01,Disney+,Música,Comédia,Top Hits,1397093,13.9,394839,40712,2.28,244684.05,21:00
2024,4,2024-04-01,YouTube Music,Música,Tecnologia,Podcast Tech,1172734,26.8,274826,94574,1.17,1825461.57,08:00
2024,4,2024-04-01,YouTube Music,Música,Tecnologia,Top Hits,1116038,67.9,30146,73732,1.86,2927761.38,21:00
2024,4,2024-04-01,Spotify,Série,Tecnologia,Podcast Tech,1993991,17.6,259226,115056,3.05,976525.9,21:00
2024,4,2024-04-01,YouTube Music,Podcast,Ação,Top Hits,1985752,52.2,9635,109926,1.36,4436808.32,12:00
2024,4,2024-04-01,Disney+,Filme,Pop,Top Hits,728256,30.9,204731,134373,4.86,3098754.45,21:00
2024,4,2024-04-01,YouTube Music,Música,Comédia,Filme Solar,560872,41.5,157881,25713,4.81,4707525.16,18:00
2024,4,2024-04-01,Disney+,Série,Comédia,Série Mistério,495393,54.4,101275,192834,2.43,3608444.25,12:00
2024,4,2024-04-01,Spotify,Filme,Comédia,Podcast Tech,1388382,67.4,1008,190234,3.88,2840051.91,21:00
2024,4,2024-04-01,YouTube Music,Podcast,Drama,Top Hits,1057577,7.3,493073,54601,3.69,2936681.99,12:00
2024,4,2024-04-01,Disney+,Música,Drama,Série Mistério,591892,11.8,92744,149622,1.9,4269622.13,21:00
2024,4,2024-04-01,Netflix,Música,Pop,Top Hits,39398,5.2,131230,174977,2.88,3549968.75,12:00
2024,4,2024-04-01,Prime Video,Podcast,Pop,Filme Solar,777689,36.3,15675,190770,4.34,4353700.77,18:00
2024,4,2024-04-01,YouTube Music,Podcast,Drama,Top Hits,770630,44.0,369894,300,1.65,3293338.96,21:00
2024,4,2024-04-01,YouTube Music,Série,Comédia,Filme Solar,1306736,85.8,213528,51338,3.89,250728.17,21:00
2024,4,2024-04-01,Prime Video,Série,Comédia,Série Mistério,334712,24.5,351223,162880,3.46,1176635.22,18:00
2024,4,2024-04-01,Disney+,Podcast,Comédia,Série Mistério,970730,36.3,273220,85211,2.26,926261.18,12:00
2024,5,2024-05-01,Spotify,Série,Drama,Série Mistério,1854622,15.0,180620,151138,2.53,4095183.08,08:00
2024,5,2024-05-01,Prime Video,Música,Drama,Série Mistério,583102,21.0,32244,37569,1.53,3142494.15,12:00
2024,5,2024-05-01,Netflix,Podcast,Pop,Série Mistério,347032,69.4,307014,79135,2.11,2144275.26,08:00
2024,5,2024-05-01,Spotify,Série,Ação,Série Mistério,467491,48.8,157377,46102,4.62,3024157.58,18:00
2024,5,2024-05-01,YouTube Music,Filme,Drama,Podcast Tech,330229,15.9,475551,89884,2.76,1783161.11,12:00
2024,5,2024-05-01,Disney+,Filme,Comédia,Série Mistério,1139458,30.5,26226,58873,2.1,308854.34,21:00
2024,5,2024-05-01,Netflix,Filme,Comédia,Filme Solar,733573,9.8,498739,15544,4.53,2567673.09,21:00
2024,5,2024-05-01,Prime Video,Podcast,Ação,Top Hits,30297,5.3,209755,89312,2.83,2039720.82,18:00
2024,5,2024-05-01,YouTube Music,Podcast,Pop,Filme Solar,361813,78.8,201176,81039,2.61,783713.11,21:00
2024,5,2024-05-01,Prime Video,Série,Tecnologia,Podcast Tech,168494,63.9,237202,29445,2.19,2374968.71,18:00
2024,5,2024-05-01,Spotify,Música,Drama,Podcast Tech,376784,45.8,228064,117894,3.75,4516025.32,08:00
2024,5,2024-05-01,Netflix,Filme,Ação,Podcast Tech,1370342,21.8,232727,185821,2.36,4958015.75,12:00
2024,5,2024-05-01,YouTube Music,Série,Drama,Podcast Tech,1754117,14.4,439291,173098,1.48,912454.19,18:00
2024,5,2024-05-01,Spotify,Série,Drama,Top Hits,1124741,37.2,113711,109940,1.38,3490564.49,21:00
2024,5,2024-05-01,Netflix,Música,Tecnologia,Série Mistério,778096,81.2,259016,12203,2.01,4043867.77,08:00
2024,5,2024-05-01,Disney+,Música,Ação,Top Hits,235389,87.1,260446,7340,2.63,2146187.66,12:00
2024,5,2024-05-01,Disney+,Música,Tecnologia,Filme Solar,840567,9.4,258355,42947,1.15,2404604.03,21:00
2024,5,2024-05-01,Disney+,Podcast,Tecnologia,Série Mistério,895692,57.2,476161,120918,4.04,4983872.84,21:00
2024,5,2024-05-01,Prime Video,Série,Tecnologia,Podcast Tech,965817,72.5,29597,36235,3.5,4120644.11,12:00
2024,5,2024-05-01,Prime Video,Série,Ação,Top Hits,289579,9.2,221784,80309,3.73,1118499.91,08:00
2024,5,2024-05-01,Disney+,Série,Tecnologia,Top Hits,258084,61.4,483817,99221,1.84,2647165.87,21:00
2024,5,2024-05-01,Prime Video,Filme,Pop,Podcast Tech,1364762,79.8,112358,113090,3.7,1499394.41,08:00
2024,5,2024-05-01,Spotify,Série,Comédia,Filme Solar,1241358,52.2,103445,120290,4.69,1144986.37,18:00
2024,5,2024-05-01,Disney+,Podcast,Comédia,Top Hits,529150,78.3,244702,100651,3.91,1772017.49,18:00
2024,5,2024-05-01,Disney+,Podcast,Comédia,Top Hits,1601745,17.8,316416,198189,3.06,4546648.13,12:00
2024,5,2024-05-01,YouTube Music,Podcast,Comédia,Série Mistério,1395457,30.8,88921,105610,3.32,2892375.49,12:00
2024,5,2024-05-01,Netflix,Filme,Pop,Top Hits,1302395,61.9,100629,4252,3.16,4816890.37,21:00
2024,5,2024-05-01,YouTube Music,Música,Drama,Filme Solar,411957,63.1,429809,61653,4.04,4752009.19,18:00
2024,5,2024-05-01,Spotify,Filme,Ação,Top Hits,1338139,31.0,93050,130481,1.27,3612344.97,21:00
2024,5,2024-05-01,YouTube Music,Filme,Drama,Podcast Tech,1003625,20.6,238447,83375,1.54,1919945.55,21:00
2024,5,2024-05-01,YouTube Music,Música,Tecnologia,Série Mistério,945558,78.0,198634,177207,4.55,2821557.74,12:00
2024,5,2024-05-01,Disney+,Filme,Ação,Filme Solar,1971376,33.9,499259,53233,2.44,2527661.62,18:00
2024,5,2024-05-01,Disney+,Podcast,Drama,Podcast Tech,1540169,79.0,185984,127874,1.89,1059884.86,18:00
2024,5,2024-05-01,Prime Video,Podcast,Tecnologia,Filme Solar,307958,74.5,472993,28189,2.56,2579847.85,12:00
2024,5,2024-05-01,Prime Video,Podcast,Pop,Podcast Tech,1208046,81.7,271279,431,4.65,1937030.11,18:00
2024,5,2024-05-01,Prime Video,Filme,Ação,Podcast Tech,460780,64.3,182540,117135,3.17,4880717.03,12:00
2024,5,2024-05-01,Prime Video,Série,Drama,Podcast Tech,1176934,34.3,89646,91572,5.0,1053848.74,21:00
2024,6,2024-06-01,YouTube Music,Música,Drama,Série Mistério,1471789,22.9,38168,95782,3.6,1433492.21,08:00
2024,6,2024-06-01,YouTube Music,Música,Tecnologia,Série Mistério,1230452,81.6,290714,65437,4.16,2265728.53,21:00
2024,6,2024-06-01,Prime Video,Filme,Drama,Filme Solar,1965650,53.4,105925,126138,2.45,2405672.78,18:00
2024,6,2024-06-01,Netflix,Série,Drama,Filme Solar,684083,34.3,377283,178502,3.12,3009959.4,21:00
2024,6,2024-06-01,Spotify,Música,Comédia,Filme Solar,1059966,25.4,388861,28202,4.66,1572020.36,08:00
2024,6,2024-06-01,Spotify,Série,Comédia,Podcast Tech,966791,34.4,12434,12548,3.43,789929.47,21:00
2024,6,2024-06-01,Disney+,Podcast,Pop,Série Mistério,1375402,27.9,47512,3043,1.21,2967428.35,18:00
2024,6,2024-06-01,Disney+,Série,Comédia,Podcast Tech,276550,15.3,47772,8206,4.43,4492612.0,18:00
2024,6,2024-06-01,Spotify,Série,Ação,Top Hits,660486,46.4,381627,115543,2.76,61227.23,21:00
2024,6,2024-06-01,Disney+,Podcast,Ação,Podcast Tech,1438774,41.2,143714,34116,4.62,271600.13,12:00
2024,6,2024-06-01,Netflix,Série,Drama,Podcast Tech,470253,22.9,443569,188799,1.87,4508301.61,12:00
2024,6,2024-06-01,Disney+,Podcast,Pop,Série Mistério,53815,27.0,296728,15575,1.36,1007691.04,08:00
2024,6,2024-06-01,Disney+,Filme,Ação,Top Hits,289596,74.9,302854,184023,1.67,1778936.11,21:00
2024,6,2024-06-01,Disney+,Filme,Tecnologia,Série Mistério,169636,36.2,385503,138469,3.7,3761588.51,18:00
2024,6,2024-06-01,Prime Video,Filme,Comédia,Série Mistério,1442315,30.0,327197,155777,1.11,3487500.11,21:00
2024,6,2024-06-01,Netflix,Série,Tecnologia,Filme Solar,763429,11.0,314137,19454,1.34,1321304.23,21:00
2024,6,2024-06-01,Disney+,Podcast,Pop,Podcast Tech,1012332,21.3,339980,20875,1.92,2738082.52,12:00
2024,6,2024-06-01,Spotify,Podcast,Tecnologia,Podcast Tech,945313,75.2,150599,171063,2.8,96332.93,21:00
2024,6,2024-06-01,YouTube Music,Música,Tecnologia,Série Mistério,201428,37.4,247410,5729,1.46,2608847.99,08:00
2024,6,2024-06-01,Prime Video,Podcast,Tecnologia,Top Hits,703689,69.8,13845,193485,1.3,1952424.25,12:00
2024,6,2024-06-01,Disney+,Série,Drama,Série Mistério,775334,37.5,356827,175159,1.62,490667.71,18:00
2024,6,2024-06-01,Prime Video,Filme,Comédia,Filme Solar,164343,53.8,353332,169570,1.33,4377934.83,21:00
2024,6,2024-06-01,Netflix,Podcast,Ação,Top Hits,785957,68.4,41506,131310,4.94,1638710.97,21:00
2024,6,2024-06-01,YouTube Music,Podcast,Tecnologia,Filme Solar,1410749,8.3,197755,49279,2.71,1028695.64,21:00
2024,6,2024-06-01,Prime Video,Série,Pop,Filme Solar,296693,52.6,131474,62649,1.45,2310038.68,18:00
2024,6,2024-06-01,Spotify,Podcast,Comédia,Top Hits,1728294,35.4,70197,163035,2.19,3092521.35,21:00
2024,6,2024-06-01,Prime Video,Filme,Comédia,Série Mistério,1320826,15.1,46299,46665,1.82,4731524.19,12:00
2024,6,2024-06-01,Netflix,Podcast,Ação,Série Mistério,562841,52.9,298224,23308,1.23,471376.82,08:00
2024,6,2024-06-01,YouTube Music,Música,Pop,Podcast Tech,581214,88.4,361849,48065,1.11,4339692.52,08:00
2024,6,2024-06-01,Spotify,Podcast,Drama,Série Mistério,555751,45.4,381105,22249,4.62,2845547.01,21:00
2024,6,2024-06-01,Disney+,Música,Drama,Top Hits,506434,60.6,269418,193095,4.35,2886316.1,08:00
2024,6,2024-06-01,YouTube Music,Música,Ação,Top Hits,413679,80.0,303784,174248,4.52,2206906.01,21:00
2024,6,2024-06-01,Netflix,Filme,Pop,Série Mistério,1430720,67.0,270168,155983,4.49,2795444.65,08:00
2024,6,2024-06-01,Prime Video,Filme,Ação,Filme Solar,144516,77.7,204589,82912,4.51,2359467.71,08:00
2024,6,2024-06-01,Netflix,Podcast,Drama,Podcast Tech,792814,87.9,241719,760,2.79,4755576.74,21:00
2024,6,2024-06-01,Prime Video,Podcast,Comédia,Top Hits,1474764,32.6,46660,192858,3.83,4207759.54,08:00
2024,6,2024-06-01,Disney+,Música,Pop,Podcast Tech,1841676,47.4,392542,87848,4.3,4763136.18,12:00
2024,7,2024-07-01,Spotify,Música,Comédia,Podcast Tech,1868277,23.8,157788,93401,3.31,4336950.99,18:00
2024,7,2024-07-01,Spotify,Música,Tecnologia,Série Mistério,674451,72.5,422484,109439,3.65,498505.28,18:00
2024,7,2024-07-01,YouTube Music,Filme,Pop,Filme Solar,728027,21.0,323105,109344,2.66,4772820.95,12:00
2024,7,2024-07-01,YouTube Music,Podcast,Pop,Filme Solar,1171220,62.3,345021,85719,2.93,4312444.57,12:00
2024,7,2024-07-01,Spotify,Série,Comédia,Top Hits,950656,6.6,498968,155219,2.73,1418297.54,21:00
2024,7,2024-07-01,Disney+,Podcast,Pop,Filme Solar,596088,13.8,348156,142015,3.34,2708034.45,18:00
2024,7,2024-07-01,Netflix,Podcast,Tecnologia,Top Hits,124316,46.6,123031,189237,4.85,2811431.59,12:00
2024,7,2024-07-01,YouTube Music,Filme,Ação,Top Hits,391988,18.3,214875,139485,2.53,641609.76,21:00
2024,7,2024-07-01,Prime Video,Filme,Comédia,Série Mistério,1335507,33.2,352913,37545,1.42,653453.25,21:00
2024,7,2024-07-01,Spotify,Filme,Pop,Podcast Tech,1309074,27.7,416966,190931,2.59,4047781.69,08:00
2024,7,2024-07-01,Netflix,Série,Drama,Top Hits,1396792,32.3,328341,64094,4.05,2427153.11,12:00
2024,7,2024-07-01,Netflix,Filme,Drama,Podcast Tech,1435201,80.1,179214,68411,4.96,4801072.57,18:00
2024,7,2024-07-01,Prime Video,Filme,Pop,Série Mistério,1934452,82.1,40085,59110,1.95,4259912.29,08:00
2024,7,2024-07-01,Netflix,Série,Comédia,Podcast Tech,1194818,8.8,450358,176862,4.92,1680502.84,08:00
2024,7,2024-07-01,Spotify,Música,Ação,Top Hits,582137,88.3,122482,126407,2.75,1456352.83,18:00
2024,7,2024-07-01,Prime Video,Série,Pop,Filme Solar,1264672,89.8,470395,118784,2.44,1993113.25,08:00
2024,7,2024-07-01,Spotify,Podcast,Ação,Podcast Tech,474250,14.5,357936,174105,3.94,2702681.66,12:00
2024,7,2024-07-01,Netflix,Podcast,Tecnologia,Podcast Tech,1767079,16.3,73809,69374,3.05,268865.17,18:00
2024,7,2024-07-01,Spotify,Música,Comédia,Série Mistério,1821750,37.7,273563,98115,4.57,1143589.13,08:00
2024,7,2024-07-01,Prime Video,Podcast,Drama,Filme Solar,1513693,72.7,133521,113926,2.34,4131730.71,08:00
2024,7,2024-07-01,Spotify,Filme,Drama,Filme Solar,1974996,8.4,496568,152725,3.8,2010481.09,21:00
2024,7,2024-07-01,Disney+,Música,Comédia,Podcast Tech,1995933,79.4,409430,109347,1.44,578242.21,18:00
2024,7,2024-07-01,Netflix,Série,Tecnologia,Podcast Tech,1499540,28.5,173307,64698,2.07,3214602.19,18:00
2024,7,2024-07-01,Prime Video,Podcast,Tecnologia,Top Hits,1570171,83.3,154570,82305,1.19,3590630.04,12:00
2024,7,2024-07-01,Prime Video,Série,Comédia,Podcast Tech,909592,85.4,22721,91152,1.31,56508.38,21:00
2024,7,2024-07-01,YouTube Music,Série,Comédia,Podcast Tech,616224,59.3,422776,125533,2.74,2489338.91,12:00
2024,7,2024-07-01,Prime Video,Música,Tecnologia,Top Hits,1078534,88.0,48952,74541,1.9,1721178.06,18:00
2024,7,2024-07-01,Prime Video,Podcast,Tecnologia,Top Hits,406662,35.3,374292,53383,2.8,2653705.67,18:00
2024,7,2024-07-01,Spotify,Filme,Ação,Filme Solar,682765,31.4,459382,147506,1.48,4212626.65,18:00
2024,7,2024-07-01,Prime Video,Podcast,Tecnologia,Top Hits,1981733,69.9,364878,82478,1.24,599428.16,08:00
2024,7,2024-07-01,Prime Video,Filme,Comédia,Série Mistério,1297014,48.4,270688,99592,4.38,2932101.55,21:00
2024,7,2024-07-01,Prime Video,Série,Comédia,Série Mistério,46384,53.8,313099,13996,2.24,744944.73,21:00
2024,7,2024-07-01,Prime Video,Filme,Ação,Série Mistério,1136338,52.8,222943,80220,2.98,3200695.12,12:00
2024,7,2024-07-01,YouTube Music,Série,Tecnologia,Filme Solar,1154204,38.7,426618,18137,3.67,3123550.54,12:00
2024,7,2024-07-01,Disney+,Música,Comédia,Top Hits,279309,27.0,222108,12850,1.86,4963871.29,08:00
2024,7,2024-07-01,Spotify,Série,Pop,Top Hits,1863409,63.4,167403,13560,1.83,4532728.82,12:00
2024,7,2024-07-01,Prime Video,Podcast,Pop,Top Hits,1344134,63.1,331714,161683,4.95,945299.54,08:00
2024,8,2024-08-01,Spotify,Filme,Pop,Série Mistério,1330664,30.8,103151,59855,4.72,349700.42,12:00
2024,8,2024-08-01,YouTube Music,Filme,Ação,Filme Solar,1029014,42.4,383867,119554,1.68,3057790.45,21:00
2024,8,2024-08-01,Spotify,Filme,Drama,Série Mistério,282301,24.8,498839,82404,3.52,2565154.68,18:00
2024,8,2024-08-01,Spotify,Filme,Tecnologia,Podcast Tech,174050,79.0,489201,24163,3.81,2865840.91,12:00
2024,8,2024-08-01,Spotify,Série,Tecnologia,Filme Solar,226853,57.6,313559,198373,1.29,1226352.0,18:00
2024,8,2024-08-01,Spotify,Música,Pop,Série Mistério,981889,20.2,33002,29455,1.48,4993963.04,08:00
2024,8,2024-08-01,Netflix,Filme,Pop,Podcast Tech,624904,29.4,182339,162966,3.58,4457685.31,21:00
2024,8,2024-08-01,Spotify,Filme,Pop,Podcast Tech,1334734,84.8,260737,196159,4.18,1861347.31,08:00
2024,8,2024-08-01,Spotify,Podcast,Comédia,Top Hits,622027,17.5,235782,67277,1.3,4928287.65,08:00
2024,8,2024-08-01,Netflix,Filme,Tecnologia,Podcast Tech,407287,7.0,239449,118351,4.53,2830559.96,12:00
2024,8,2024-08-01,Spotify,Música,Pop,Filme Solar,1970971,34.2,49602,120609,4.35,2527460.03,18:00
2024,8,2024-08-01,Netflix,Música,Pop,Top Hits,115882,62.2,141544,25920,3.04,4573836.43,18:00
2024,8,2024-08-01,YouTube Music,Série,Ação,Filme Solar,1619469,71.2,127249,28592,4.9,2906876.57,12:00
2024,8,2024-08-01,Prime Video,Música,Ação,Top Hits,888685,42.3,236716,129100,4.53,2866175.92,08:00
2024,8,2024-08-01,Disney+,Série,Ação,Filme Solar,1184339,20.1,428789,29193,1.07,3285147.23,08:00
2024,8,2024-08-01,Netflix,Música,Comédia,Top Hits,1537502,23.2,37587,24563,3.54,4388605.23,21:00
2024,8,2024-08-01,Prime Video,Série,Comédia,Série Mistério,189947,25.7,257122,194591,3.87,330140.83,12:00
2024,8,2024-08-01,Netflix,Podcast,Drama,Top Hits,1846556,88.9,31949,10195,4.84,2051059.56,08:00
2024,8,2024-08-01,Spotify,Música,Drama,Top Hits,911232,84.0,319382,192071,1.4,3880642.73,08:00
2024,8,2024-08-01,Netflix,Série,Tecnologia,Top Hits,1270144,12.3,493419,80083,1.95,3936805.89,12:00
2024,8,2024-08-01,YouTube Music,Podcast,Comédia,Filme Solar,1339500,74.6,493882,38230,2.91,2920332.3,12:00
2024,8,2024-08-01,YouTube Music,Série,Drama,Série Mistério,1051873,52.8,426672,13436,1.19,957991.24,08:00
2024,8,2024-08-01,Prime Video,Filme,Drama,Podcast Tech,597561,21.8,287074,124826,3.43,2701138.37,12:00
2024,8,2024-08-01,Prime Video,Música,Comédia,Top Hits,1494848,57.8,162354,89930,4.08,4994674.29,08:00
2024,8,2024-08-01,Disney+,Música,Drama,Top Hits,667455,84.5,478414,111410,4.44,4151447.22,18:00
2024,8,2024-08-01,Prime Video,Podcast,Drama,Filme Solar,1505790,65.0,324643,68191,3.23,1916709.96,08:00
2024,8,2024-08-01,Netflix,Série,Pop,Série Mistério,700091,51.9,6141,9292,3.88,1322075.23,12:00
2024,8,2024-08-01,Disney+,Música,Tecnologia,Top Hits,484880,37.0,176738,103758,3.49,4012957.18,18:00
2024,8,2024-08-01,Netflix,Filme,Drama,Top Hits,1604073,80.1,378473,197219,1.08,2933507.67,18:00
2024,8,2024-08-01,Spotify,Série,Tecnologia,Top Hits,841100,58.3,321985,126038,3.46,4694844.77,21:00
2024,8,2024-08-01,Prime Video,Música,Tecnologia,Top Hits,167421,33.0,130011,128840,4.54,3826741.26,18:00
2024,8,2024-08-01,Disney+,Podcast,Comédia,Filme Solar,1761330,55.9,149512,27898,4.26,2951271.8,08:00
2024,8,2024-08-01,Disney+,Série,Comédia,Filme Solar,714189,56.8,487633,2154,1.26,723392.12,08:00
2024,8,2024-08-01,Disney+,Podcast,Ação,Podcast Tech,1081185,27.1,449317,149226,1.84,2958015.75,21:00
2024,8,2024-08-01,Netflix,Série,Pop,Filme Solar,1238713,52.4,330240,124691,4.56,3205237.96,08:00
2024,8,2024-08-01,Prime Video,Série,Tecnologia,Filme Solar,610335,34.6,105847,174371,3.71,4305991.31,12:00
2024,8,2024-08-01,Prime Video,Música,Comédia,Podcast Tech,1447984,13.6,270853,160908,1.95,1536533.2,21:00
2024,9,2024-09-01,Prime Video,Série,Drama,Top Hits,1864434,23.8,393484,31480,1.43,2077141.83,08:00
2024,9,2024-09-01,YouTube Music,Filme,Tecnologia,Top Hits,897197,27.8,13496,123979,1.4,2198133.89,08:00
2024,9,2024-09-01,Spotify,Filme,Tecnologia,Top Hits,1856350,63.1,229308,2580,1.16,4422882.79,18:00
2024,9,2024-09-01,Prime Video,Série,Pop,Série Mistério,702771,27.3,156183,56511,2.63,33294.9,08:00
2024,9,2024-09-01,YouTube Music,Podcast,Tecnologia,Top Hits,1063833,17.1,334796,191653,4.69,2857805.51,08:00
2024,9,2024-09-01,YouTube Music,Música,Ação,Top Hits,1707859,37.0,188426,39637,2.93,1401710.98,08:00
2024,9,2024-09-01,Disney+,Música,Pop,Top Hits,627654,33.5,337851,89124,3.77,2081065.61,12:00
2024,9,2024-09-01,YouTube Music,Série,Ação,Filme Solar,1203000,28.4,249559,57139,2.09,2774321.19,21:00
2024,9,2024-09-01,Spotify,Filme,Ação,Podcast Tech,1550424,75.6,37060,38636,1.19,2772365.79,12:00
2024,9,2024-09-01,Spotify,Música,Pop,Série Mistério,453507,22.1,472373,12456,3.54,2319652.24,12:00
2024,9,2024-09-01,Spotify,Série,Ação,Podcast Tech,1486151,36.4,15576,124526,1.79,2769146.95,08:00
2024,9,2024-09-01,Prime Video,Filme,Pop,Top Hits,236898,19.3,108376,166688,1.57,3527268.52,21:00
2024,9,2024-09-01,Netflix,Podcast,Tecnologia,Filme Solar,219105,8.9,153102,54576,3.03,4030988.21,08:00
2024,9,2024-09-01,Netflix,Podcast,Drama,Top Hits,524205,38.8,121222,159012,3.04,4131010.21,18:00
2024,9,2024-09-01,Prime Video,Filme,Tecnologia,Podcast Tech,932141,62.1,181056,1113,4.48,574601.9,21:00
2024,9,2024-09-01,YouTube Music,Filme,Drama,Podcast Tech,1913933,67.5,161253,38450,2.75,4161751.19,12:00
2024,9,2024-09-01,Spotify,Filme,Pop,Podcast Tech,883303,18.8,294646,66798,4.51,4588920.11,21:00
2024,9,2024-09-01,YouTube Music,Podcast,Comédia,Podcast Tech,1204048,11.4,189618,115755,4.24,99954.47,08:00
2024,9,2024-09-01,Disney+,Série,Drama,Podcast Tech,178313,83.9,10396,75794,4.66,379190.78,21:00
2024,9,2024-09-01,Prime Video,Série,Drama,Filme Solar,1600136,48.0,111565,179350,2.48,2861583.99,08:00
2024,9,2024-09-01,Disney+,Podcast,Tecnologia,Top Hits,387105,48.7,429694,90968,1.16,1641224.3,08:00
2024,9,2024-09-01,YouTube Music,Música,Tecnologia,Podcast Tech,751476,89.6,51018,113160,3.14,3382887.56,21:00
2024,9,2024-09-01,Prime Video,Podcast,Ação,Série Mistério,453356,75.9,99804,84486,2.61,4826887.56,21:00
2024,9,2024-09-01,Disney+,Filme,Comédia,Série Mistério,512948,63.4,478118,122566,1.25,281590.97,08:00
2024,9,2024-09-01,Netflix,Podcast,Pop,Podcast Tech,86508,17.1,31909,80269,3.79,1114259.38,12:00
2024,9,2024-09-01,Spotify,Filme,Drama,Podcast Tech,47871,14.6,381996,76083,2.0,4357525.68,18:00
2024,9,2024-09-01,Prime Video,Música,Ação,Top Hits,587024,81.9,24939,55864,3.06,3894034.84,18:00
2024,9,2024-09-01,Spotify,Podcast,Tecnologia,Filme Solar,1717919,32.4,109188,54563,4.18,940093.53,08:00
2024,9,2024-09-01,YouTube Music,Música,Tecnologia,Série Mistério,1989246,76.5,412392,65779,1.16,4485254.86,08:00
2024,9,2024-09-01,Netflix,Série,Comédia,Filme Solar,796904,46.1,481125,149700,4.41,2490550.92,08:00
2024,9,2024-09-01,YouTube Music,Podcast,Tecnologia,Podcast Tech,1534364,28.8,263859,59971,3.09,450156.29,12:00
2024,9,2024-09-01,Prime Video,Série,Pop,Série Mistério,697363,34.9,211044,179103,4.34,3120055.92,12:00
2024,9,2024-09-01,Prime Video,Podcast,Drama,Top Hits,13199,15.4,476418,154204,3.15,2291477.72,18:00
2024,9,2024-09-01,Disney+,Série,Comédia,Podcast Tech,770586,58.9,152296,27669,1.08,4195524.28,08:00
2024,9,2024-09-01,Prime Video,Música,Pop,Filme Solar,1319526,29.1,129847,192924,4.35,1907514.48,12:00
2024,9,2024-09-01,YouTube Music,Filme,Pop,Filme Solar,534003,50.4,499389,69018,4.64,2006904.97,08:00
2024,9,2024-09-01,Prime Video,Música,Comédia,Filme Solar,1565414,19.6,195853,161172,1.21,2581629.1,12:00
2024,10,2024-10-01,Prime Video,Filme,Comédia,Série Mistério,44753,66.7,270970,167163,1.48,1583523.9,08:00
2024,10,2024-10-01,Netflix,Música,Comédia,Top Hits,1398264,70.5,43125,122140,3.32,2030245.58,12:00
2024,10,2024-10-01,Disney+,Série,Comédia,Série Mistério,1142488,34.0,452069,48689,1.26,1730098.84,21:00
2024,10,2024-10-01,YouTube Music,Podcast,Comédia,Top Hits,473981,46.5,68941,86758,4.39,3668566.94,18:00
2024,10,2024-10-01,Netflix,Podcast,Comédia,Série Mistério,333567,37.7,335589,153780,3.48,1598972.89,21:00
2024,10,2024-10-01,Prime Video,Música,Drama,Top Hits,1078864,60.6,14225,21548,1.89,4443918.03,18:00
2024,10,2024-10-01,Netflix,Podcast,Comédia,Podcast Tech,108581,6.2,319427,104697,1.43,4065604.28,18:00
2024,10,2024-10-01,Prime Video,Série,Tecnologia,Filme Solar,1751039,82.2,372478,33831,4.9,4766578.88,18:00
2024,10,2024-10-01,Disney+,Podcast,Pop,Série Mistério,1753965,77.3,281929,151285,4.83,2933234.53,08:00
2024,10,2024-10-01,YouTube Music,Série,Comédia,Filme Solar,1028837,66.3,342570,7331,2.99,4281608.53,08:00
2024,10,2024-10-01,Prime Video,Música,Ação,Filme Solar,1583234,86.1,469979,19622,3.52,3773143.52,08:00
2024,10,2024-10-01,Spotify,Filme,Tecnologia,Top Hits,1401766,85.7,460412,50360,1.41,1438032.03,12:00
2024,10,2024-10-01,Disney+,Podcast,Comédia,Série Mistério,690769,44.7,378294,73780,3.77,4771826.1,12:00
2024,10,2024-10-01,Disney+,Podcast,Tecnologia,Filme Solar,275401,12.5,314502,93580,1.07,4236059.77,21:00
2024,10,2024-10-01,Prime Video,Filme,Pop,Podcast Tech,811044,31.1,382265,79114,3.74,624247.03,08:00
2024,10,2024-10-01,YouTube Music,Série,Tecnologia,Podcast Tech,748548,80.5,459839,91820,2.25,3821505.2,18:00
2024,10,2024-10-01,Netflix,Série,Tecnologia,Podcast Tech,1703589,61.4,105887,122160,2.72,1762387.35,08:00
2024,10,2024-10-01,Disney+,Podcast,Ação,Série Mistério,1120189,74.3,121577,76139,4.22,235281.82,12:00
2024,10,2024-10-01,Spotify,Série,Tecnologia,Série Mistério,897389,82.9,88238,136915,4.65,721491.9,21:00
2024,10,2024-10-01,Prime Video,Série,Pop,Podcast Tech,1141352,70.1,257493,165532,4.51,2506998.14,21:00
2024,10,2024-10-01,Prime Video,Música,Comédia,Série Mistério,1967696,51.1,285591,82832,1.97,941597.92,12:00
2024,10,2024-10-01,Disney+,Série,Ação,Top Hits,591741,33.1,144346,77119,2.1,4794558.94,12:00
2024,10,2024-10-01,Disney+,Podcast,Ação,Top Hits,317534,38.8,40740,86373,4.45,3692640.94,12:00
2024,10,2024-10-01,Netflix,Música,Comédia,Série Mistério,39670,64.8,116671,6775,3.17,2932584.91,12:00
2024,10,2024-10-01,Disney+,Podcast,Tecnologia,Podcast Tech,1350847,17.7,418847,57694,3.78,464772.21,12:00
2024,10,2024-10-01,Disney+,Série,Ação,Top Hits,322947,73.8,227451,5846,2.06,3189967.64,21:00
2024,10,2024-10-01,Disney+,Podcast,Ação,Podcast Tech,1679576,50.9,1126,22195,1.37,3588352.91,21:00
2024,10,2024-10-01,Spotify,Podcast,Drama,Podcast Tech,1413463,34.7,232185,27416,1.17,4164447.08,18:00
2024,10,2024-10-01,Disney+,Série,Tecnologia,Podcast Tech,157621,22.0,80462,145107,2.42,1813084.28,21:00
2024,10,2024-10-01,Spotify,Podcast,Comédia,Série Mistério,692907,19.2,99570,157519,3.8,4210207.4,18:00
2024,10,2024-10-01,Netflix,Filme,Comédia,Podcast Tech,930565,57.7,21830,167180,2.9,4605081.63,08:00
2024,10,2024-10-01,Spotify,Filme,Ação,Filme Solar,1391548,61.9,47875,194999,2.68,3724421.82,12:00
2024,10,2024-10-01,Netflix,Podcast,Drama,Filme Solar,297550,24.0,79054,98341,1.41,1259919.27,21:00
2024,10,2024-10-01,Prime Video,Música,Comédia,Top Hits,1525501,80.6,322395,190204,3.11,4549505.51,21:00
2024,10,2024-10-01,Disney+,Filme,Comédia,Podcast Tech,1820411,75.1,74339,416,3.94,4767319.75,21:00
2024,10,2024-10-01,Netflix,Música,Pop,Podcast Tech,1137242,84.5,200331,48302,4.47,3869608.24,21:00
2024,10,2024-10-01,Disney+,Filme,Drama,Série Mistério,408494,49.1,155606,121425,1.28,2293741.53,08:00
2024,11,2024-11-01,YouTube Music,Filme,Comédia,Top Hits,87370,48.8,105885,118803,4.03,2582316.18,08:00
2024,11,2024-11-01,YouTube Music,Podcast,Tecnologia,Podcast Tech,931765,55.1,139515,123193,3.41,2973793.29,08:00
2024,11,2024-11-01,Prime Video,Série,Drama,Série Mistério,267164,34.8,33684,155711,1.43,2754946.26,12:00
2024,11,2024-11-01,Netflix,Podcast,Ação,Filme Solar,946192,72.6,207088,153373,3.74,339799.03,08:00
2024,11,2024-11-01,Prime Video,Filme,Comédia,Filme Solar,604064,9.9,65922,117882,1.14,2568902.63,18:00
2024,11,2024-11-01,Spotify,Série,Comédia,Podcast Tech,1834793,52.9,457442,138404,3.2,4474377.33,18:00
2024,11,2024-11-01,YouTube Music,Série,Tecnologia,Série Mistério,992944,42.5,200812,148808,1.27,4702116.2,21:00
2024,11,2024-11-01,Disney+,Série,Tecnologia,Podcast Tech,237774,30.8,353348,23418,1.72,1906430.96,12:00
2024,11,2024-11-01,Disney+,Podcast,Tecnologia,Podcast Tech,650390,6.3,12887,168275,2.93,4649671.88,12:00
2024,11,2024-11-01,Netflix,Música,Ação,Filme Solar,1659454,29.3,275355,68029,4.08,4814367.07,21:00
2024,11,2024-11-01,Prime Video,Música,Tecnologia,Top Hits,1088854,41.2,132652,159219,2.2,552652.95,21:00
2024,11,2024-11-01,Prime Video,Filme,Pop,Série Mistério,1970671,30.1,296174,183779,1.65,3492093.7,21:00
2024,11,2024-11-01,Prime Video,Música,Drama,Série Mistério,820118,43.3,227198,86857,4.44,3485690.87,18:00
2024,11,2024-11-01,Disney+,Série,Ação,Filme Solar,325216,44.3,201984,149650,3.33,3153215.5,08:00
2024,11,2024-11-01,Prime Video,Música,Drama,Podcast Tech,383785,45.9,106408,40129,1.8,3942395.47,18:00
2024,11,2024-11-01,Prime Video,Filme,Tecnologia,Podcast Tech,490523,87.1,200395,41092,1.61,3840521.09,08:00
2024,11,2024-11-01,YouTube Music,Podcast,Drama,Top Hits,200278,38.3,300738,127798,4.6,408011.12,12:00
2024,11,2024-11-01,Prime Video,Música,Tecnologia,Top Hits,363887,20.4,71630,169035,3.77,3335762.41,12:00
2024,11,2024-11-01,YouTube Music,Filme,Ação,Podcast Tech,72834,34.7,53285,101551,3.19,4151028.9,18:00
2024,11,2024-11-01,Netflix,Filme,Ação,Top Hits,822019,86.5,40724,35045,3.06,3382596.59,08:00
2024,11,2024-11-01,Prime Video,Podcast,Pop,Série Mistério,1739219,42.1,379772,197655,3.76,1198489.56,12:00
2024,11,2024-11-01,Netflix,Série,Drama,Podcast Tech,1137695,9.5,345701,153416,4.54,1055142.58,18:00
2024,11,2024-11-01,Prime Video,Podcast,Pop,Filme Solar,1298585,70.4,361171,177032,3.53,722373.19,21:00
2024,11,2024-11-01,Disney+,Série,Pop,Série Mistério,333821,26.2,103535,123348,3.33,3013472.9,08:00
2024,11,2024-11-01,YouTube Music,Música,Comédia,Podcast Tech,1237850,8.4,396001,159535,3.73,2880438.03,08:00
2024,11,2024-11-01,Prime Video,Série,Comédia,Top Hits,911465,68.8,114250,176600,3.47,299668.3,12:00
2024,11,2024-11-01,Spotify,Música,Ação,Top Hits,682262,86.4,428123,3561,4.03,1166865.99,18:00
2024,11,2024-11-01,YouTube Music,Música,Comédia,Podcast Tech,1209866,81.2,87435,110991,4.32,3233827.79,21:00
2024,11,2024-11-01,Spotify,Série,Drama,Série Mistério,887414,32.0,95509,62810,2.62,1894295.48,18:00
2024,11,2024-11-01,YouTube Music,Podcast,Tecnologia,Podcast Tech,656697,72.0,469209,42259,1.98,4179403.75,08:00
2024,11,2024-11-01,Disney+,Série,Ação,Série Mistério,1654733,36.6,13980,29354,3.91,1011306.29,21:00
2024,11,2024-11-01,YouTube Music,Música,Drama,Top Hits,1765785,20.5,461872,128795,4.67,4378433.64,21:00
2024,11,2024-11-01,YouTube Music,Música,Drama,Podcast Tech,484288,23.7,281394,28561,3.06,330470.24,21:00
2024,11,2024-11-01,YouTube Music,Podcast,Ação,Top Hits,981217,51.0,363516,93178,1.97,2291206.07,12:00
2024,11,2024-11-01,Disney+,Música,Tecnologia,Filme Solar,852033,87.0,58854,116962,2.98,4270908.54,18:00
2024,11,2024-11-01,Spotify,Série,Pop,Série Mistério,875111,26.0,490277,197787,3.85,3725002.96,12:00
2024,11,2024-11-01,YouTube Music,Podcast,Comédia,Top Hits,1176592,68.4,398287,6116,3.91,3840820.27,21:00
2024,12,2024-12-01,Spotify,Série,Tecnologia,Top Hits,1681269,57.8,122932,194851,2.0,2664500.27,21:00
2024,12,2024-12-01,YouTube Music,Música,Ação,Série Mistério,595335,9.3,246959,105853,2.51,3344947.24,21:00
2024,12,2024-12-01,Netflix,Filme,Drama,Série Mistério,920390,36.1,337656,6659,2.91,106642.02,21:00
2024,12,2024-12-01,Disney+,Música,Ação,Filme Solar,232721,32.0,345805,90348,3.88,3972880.06,08:00
2024,12,2024-12-01,Spotify,Filme,Pop,Top Hits,1208072,12.1,13551,73374,3.58,2979158.37,12:00
2024,12,2024-12-01,Disney+,Música,Pop,Série Mistério,1930535,57.8,10361,136032,1.24,754939.48,18:00
2024,12,2024-12-01,YouTube Music,Podcast,Ação,Top Hits,1124671,35.5,194901,148035,3.87,2291971.62,08:00
2024,12,2024-12-01,Spotify,Série,Tecnologia,Filme Solar,433076,16.3,449824,146315,3.82,2761864.49,21:00
2024,12,2024-12-01,Prime Video,Série,Drama,Podcast Tech,1295104,32.6,357085,195525,1.42,801407.38,08:00
2024,12,2024-12-01,Spotify,Podcast,Tecnologia,Filme Solar,460292,28.9,315019,85442,3.38,4520050.51,08:00
2024,12,2024-12-01,Disney+,Série,Pop,Podcast Tech,1747051,57.1,303605,186953,2.82,4953473.93,08:00
2024,12,2024-12-01,Spotify,Filme,Pop,Podcast Tech,870021,36.4,27935,106859,4.14,183505.93,08:00
2024,12,2024-12-01,Disney+,Filme,Pop,Podcast Tech,1492795,63.3,369783,14847,4.29,2349211.93,12:00
2024,12,2024-12-01,Disney+,Filme,Ação,Top Hits,1762238,31.8,316644,92365,1.37,2964849.09,08:00
2024,12,2024-12-01,Netflix,Série,Pop,Filme Solar,606560,16.3,381530,141809,2.25,449955.74,21:00
2024,12,2024-12-01,Netflix,Música,Tecnologia,Podcast Tech,54377,64.1,427059,96431,3.5,1482469.71,08:00
2024,12,2024-12-01,Netflix,Música,Tecnologia,Podcast Tech,183664,41.0,385381,122958,1.97,3735571.37,18:00
2024,12,2024-12-01,Netflix,Podcast,Tecnologia,Top Hits,1999821,50.8,34307,169083,3.83,1959331.38,12:00
2024,12,2024-12-01,Spotify,Música,Pop,Filme Solar,1243031,83.3,95516,49728,1.81,2977010.2,12:00
2024,12,2024-12-01,Spotify,Série,Ação,Podcast Tech,1097908,71.2,424370,190335,3.51,1068618.25,12:00
2024,12,2024-12-01,YouTube Music,Música,Comédia,Top Hits,779768,18.7,20718,183121,2.12,1311769.1,08:00
2024,12,2024-12-01,Prime Video,Filme,Tecnologia,Top Hits,1062386,7.2,5106,110082,1.29,1947608.28,12:00
2024,12,2024-12-01,Netflix,Podcast,Comédia,Podcast Tech,234729,34.0,263407,142823,4.5,1834405.65,21:00
2024,12,2024-12-01,YouTube Music,Filme,Pop,Série Mistério,1596112,67.8,3813,50048,1.4,675559.58,21:00
2024,12,2024-12-01,Spotify,Podcast,Pop,Podcast Tech,218352,66.4,107116,68556,3.83,4929336.57,21:00
2024,12,2024-12-01,Spotify,Filme,Drama,Série Mistério,1264800,44.6,26635,120029,4.74,4752070.93,21:00
2024,12,2024-12-01,Disney+,Música,Tecnologia,Podcast Tech,1057218,25.6,361932,76760,3.35,1253013.6,08:00
2024,12,2024-12-01,Spotify,Podcast,Tecnologia,Série Mistério,832879,77.4,98197,87135,4.52,4255263.36,21:00
2024,12,2024-12-01,Netflix,Filme,Ação,Top Hits,386541,65.8,77531,52379,3.35,503848.76,12:00
2024,12,2024-12-01,YouTube Music,Música,Comédia,Filme Solar,138511,88.1,252243,85233,4.12,711174.19,08:00
2024,12,2024-12-01,YouTube Music,Música,Pop,Podcast Tech,790391,69.8,245405,13347,3.12,4940170.21,12:00
2024,12,2024-12-01,Prime Video,Música,Ação,Filme Solar,1336115,72.4,167009,89508,3.34,2683431.89,12:00
2024,12,2024-12-01,Prime Video,Música,Comédia,Série Mistério,1595443,50.6,462985,65394,1.99,1218762.09,08:00
2024,12,2024-12-01,Spotify,Série,Comédia,Filme Solar,258566,80.1,90499,6251,4.96,4729042.81,08:00
2024,12,2024-12-01,Spotify,Podcast,Comédia,Podcast Tech,751061,71.1,114012,12399,3.27,2587499.1,18:00
2024,12,2024-12-01,YouTube Music,Podcast,Comédia,Filme Solar,706161,68.0,385781,121888,4.04,3390069.37,08:00
2024,12,2024-12-01,Disney+,Série,Ação,Podcast Tech,1681598,36.8,100748,2003,2.86,1428540.88,21:00
